-- ============================================================
-- SYNTHETIC SEED DATA for KSP Crime Database
-- Auto-generated — DO NOT EDIT MANUALLY
-- ============================================================

BEGIN;

-- States
INSERT INTO State (StateID, StateName, NationalityID, Active) VALUES (1, 'Karnataka', 1, TRUE);
INSERT INTO State (StateID, StateName, NationalityID, Active) VALUES (2, 'Tamil Nadu', 1, TRUE);
INSERT INTO State (StateID, StateName, NationalityID, Active) VALUES (3, 'Kerala', 1, TRUE);
INSERT INTO State (StateID, StateName, NationalityID, Active) VALUES (4, 'Andhra Pradesh', 1, TRUE);
INSERT INTO State (StateID, StateName, NationalityID, Active) VALUES (5, 'Telangana', 1, TRUE);
INSERT INTO State (StateID, StateName, NationalityID, Active) VALUES (6, 'Maharashtra', 1, TRUE);
INSERT INTO State (StateID, StateName, NationalityID, Active) VALUES (7, 'Goa', 1, TRUE);
INSERT INTO State (StateID, StateName, NationalityID, Active) VALUES (8, 'Puducherry', 1, TRUE);

-- Districts
INSERT INTO District (DistrictID, DistrictName, StateID, Active) VALUES (1, 'Bengaluru Urban', 1, TRUE);
INSERT INTO District (DistrictID, DistrictName, StateID, Active) VALUES (2, 'Bengaluru Rural', 1, TRUE);
INSERT INTO District (DistrictID, DistrictName, StateID, Active) VALUES (3, 'Mysuru', 1, TRUE);
INSERT INTO District (DistrictID, DistrictName, StateID, Active) VALUES (4, 'Mangaluru (DK)', 1, TRUE);
INSERT INTO District (DistrictID, DistrictName, StateID, Active) VALUES (5, 'Hubballi-Dharwad', 1, TRUE);
INSERT INTO District (DistrictID, DistrictName, StateID, Active) VALUES (6, 'Belagavi', 1, TRUE);
INSERT INTO District (DistrictID, DistrictName, StateID, Active) VALUES (7, 'Kalaburagi', 1, TRUE);
INSERT INTO District (DistrictID, DistrictName, StateID, Active) VALUES (8, 'Ballari', 1, TRUE);
INSERT INTO District (DistrictID, DistrictName, StateID, Active) VALUES (9, 'Tumakuru', 1, TRUE);
INSERT INTO District (DistrictID, DistrictName, StateID, Active) VALUES (10, 'Shivamogga', 1, TRUE);
INSERT INTO District (DistrictID, DistrictName, StateID, Active) VALUES (11, 'Raichur', 1, TRUE);
INSERT INTO District (DistrictID, DistrictName, StateID, Active) VALUES (12, 'Vijayapura', 1, TRUE);
INSERT INTO District (DistrictID, DistrictName, StateID, Active) VALUES (13, 'Davanagere', 1, TRUE);
INSERT INTO District (DistrictID, DistrictName, StateID, Active) VALUES (14, 'Hassan', 1, TRUE);
INSERT INTO District (DistrictID, DistrictName, StateID, Active) VALUES (15, 'Chitradurga', 1, TRUE);
INSERT INTO District (DistrictID, DistrictName, StateID, Active) VALUES (16, 'Mandya', 1, TRUE);
INSERT INTO District (DistrictID, DistrictName, StateID, Active) VALUES (17, 'Kodagu', 1, TRUE);
INSERT INTO District (DistrictID, DistrictName, StateID, Active) VALUES (18, 'Udupi', 1, TRUE);
INSERT INTO District (DistrictID, DistrictName, StateID, Active) VALUES (19, 'Gadag', 1, TRUE);
INSERT INTO District (DistrictID, DistrictName, StateID, Active) VALUES (20, 'Haveri', 1, TRUE);
INSERT INTO District (DistrictID, DistrictName, StateID, Active) VALUES (21, 'Koppal', 1, TRUE);
INSERT INTO District (DistrictID, DistrictName, StateID, Active) VALUES (22, 'Bagalkot', 1, TRUE);
INSERT INTO District (DistrictID, DistrictName, StateID, Active) VALUES (23, 'Ramanagara', 1, TRUE);
INSERT INTO District (DistrictID, DistrictName, StateID, Active) VALUES (24, 'Chikkaballapura', 1, TRUE);
INSERT INTO District (DistrictID, DistrictName, StateID, Active) VALUES (25, 'Chikkamagaluru', 1, TRUE);
INSERT INTO District (DistrictID, DistrictName, StateID, Active) VALUES (26, 'Yadgir', 1, TRUE);
INSERT INTO District (DistrictID, DistrictName, StateID, Active) VALUES (27, 'Chamarajanagara', 1, TRUE);
INSERT INTO District (DistrictID, DistrictName, StateID, Active) VALUES (28, 'Dharwad', 1, TRUE);
INSERT INTO District (DistrictID, DistrictName, StateID, Active) VALUES (29, 'Uttara Kannada', 1, TRUE);
INSERT INTO District (DistrictID, DistrictName, StateID, Active) VALUES (30, 'Bidar', 1, TRUE);

-- Unit Types
INSERT INTO UnitType (UnitTypeID, UnitTypeName, CityDistState, Hierarchy, Active) VALUES (1, 'Police Station', 'City', 5, TRUE);
INSERT INTO UnitType (UnitTypeID, UnitTypeName, CityDistState, Hierarchy, Active) VALUES (2, 'Circle Office', 'City', 4, TRUE);
INSERT INTO UnitType (UnitTypeID, UnitTypeName, CityDistState, Hierarchy, Active) VALUES (3, 'Sub-Division', 'District', 3, TRUE);
INSERT INTO UnitType (UnitTypeID, UnitTypeName, CityDistState, Hierarchy, Active) VALUES (4, 'District HQ', 'District', 2, TRUE);
INSERT INTO UnitType (UnitTypeID, UnitTypeName, CityDistState, Hierarchy, Active) VALUES (5, 'Commissionerate', 'City', 1, TRUE);

-- Units (Police Stations)
INSERT INTO Unit (UnitID, UnitName, TypeID, ParentUnit, NationalityID, StateID, DistrictID, Active) VALUES (1, 'Cubbon Park PS', 1, NULL, 1, 1, 2, TRUE);
INSERT INTO Unit (UnitID, UnitName, TypeID, ParentUnit, NationalityID, StateID, DistrictID, Active) VALUES (2, 'Koramangala PS', 1, NULL, 1, 1, 3, TRUE);
INSERT INTO Unit (UnitID, UnitName, TypeID, ParentUnit, NationalityID, StateID, DistrictID, Active) VALUES (3, 'Whitefield PS', 1, NULL, 1, 1, 4, TRUE);
INSERT INTO Unit (UnitID, UnitName, TypeID, ParentUnit, NationalityID, StateID, DistrictID, Active) VALUES (4, 'HSR Layout PS', 1, NULL, 1, 1, 5, TRUE);
INSERT INTO Unit (UnitID, UnitName, TypeID, ParentUnit, NationalityID, StateID, DistrictID, Active) VALUES (5, 'Jayanagar PS', 1, NULL, 1, 1, 6, TRUE);
INSERT INTO Unit (UnitID, UnitName, TypeID, ParentUnit, NationalityID, StateID, DistrictID, Active) VALUES (6, 'Vijayanagar PS', 1, NULL, 1, 1, 7, TRUE);
INSERT INTO Unit (UnitID, UnitName, TypeID, ParentUnit, NationalityID, StateID, DistrictID, Active) VALUES (7, 'Yelahanka PS', 1, NULL, 1, 1, 8, TRUE);
INSERT INTO Unit (UnitID, UnitName, TypeID, ParentUnit, NationalityID, StateID, DistrictID, Active) VALUES (8, 'KR Puram PS', 1, NULL, 1, 1, 9, TRUE);
INSERT INTO Unit (UnitID, UnitName, TypeID, ParentUnit, NationalityID, StateID, DistrictID, Active) VALUES (9, 'Peenya PS', 1, NULL, 1, 1, 10, TRUE);
INSERT INTO Unit (UnitID, UnitName, TypeID, ParentUnit, NationalityID, StateID, DistrictID, Active) VALUES (10, 'Marathahalli PS', 1, NULL, 1, 1, 11, TRUE);
INSERT INTO Unit (UnitID, UnitName, TypeID, ParentUnit, NationalityID, StateID, DistrictID, Active) VALUES (11, 'Indiranagar PS', 1, NULL, 1, 1, 12, TRUE);
INSERT INTO Unit (UnitID, UnitName, TypeID, ParentUnit, NationalityID, StateID, DistrictID, Active) VALUES (12, 'Basavanagudi PS', 1, NULL, 1, 1, 13, TRUE);
INSERT INTO Unit (UnitID, UnitName, TypeID, ParentUnit, NationalityID, StateID, DistrictID, Active) VALUES (13, 'Rajajinagar PS', 1, NULL, 1, 1, 14, TRUE);
INSERT INTO Unit (UnitID, UnitName, TypeID, ParentUnit, NationalityID, StateID, DistrictID, Active) VALUES (14, 'Majestic PS', 1, NULL, 1, 1, 15, TRUE);
INSERT INTO Unit (UnitID, UnitName, TypeID, ParentUnit, NationalityID, StateID, DistrictID, Active) VALUES (15, 'Kengeri PS', 1, NULL, 1, 1, 16, TRUE);
INSERT INTO Unit (UnitID, UnitName, TypeID, ParentUnit, NationalityID, StateID, DistrictID, Active) VALUES (16, 'Banashankari PS', 1, NULL, 1, 1, 17, TRUE);
INSERT INTO Unit (UnitID, UnitName, TypeID, ParentUnit, NationalityID, StateID, DistrictID, Active) VALUES (17, 'Electronic City PS', 1, NULL, 1, 1, 18, TRUE);
INSERT INTO Unit (UnitID, UnitName, TypeID, ParentUnit, NationalityID, StateID, DistrictID, Active) VALUES (18, 'Hebbal PS', 1, NULL, 1, 1, 19, TRUE);
INSERT INTO Unit (UnitID, UnitName, TypeID, ParentUnit, NationalityID, StateID, DistrictID, Active) VALUES (19, 'Yeshwanthpur PS', 1, NULL, 1, 1, 20, TRUE);
INSERT INTO Unit (UnitID, UnitName, TypeID, ParentUnit, NationalityID, StateID, DistrictID, Active) VALUES (20, 'JP Nagar PS', 1, NULL, 1, 1, 21, TRUE);
INSERT INTO Unit (UnitID, UnitName, TypeID, ParentUnit, NationalityID, StateID, DistrictID, Active) VALUES (21, 'Mysuru North PS', 1, NULL, 1, 1, 22, TRUE);
INSERT INTO Unit (UnitID, UnitName, TypeID, ParentUnit, NationalityID, StateID, DistrictID, Active) VALUES (22, 'Mysuru South PS', 1, NULL, 1, 1, 23, TRUE);
INSERT INTO Unit (UnitID, UnitName, TypeID, ParentUnit, NationalityID, StateID, DistrictID, Active) VALUES (23, 'Mysuru Rural PS', 1, NULL, 1, 1, 24, TRUE);
INSERT INTO Unit (UnitID, UnitName, TypeID, ParentUnit, NationalityID, StateID, DistrictID, Active) VALUES (24, 'Hubballi PS', 1, NULL, 1, 1, 25, TRUE);
INSERT INTO Unit (UnitID, UnitName, TypeID, ParentUnit, NationalityID, StateID, DistrictID, Active) VALUES (25, 'Dharwad PS', 1, NULL, 1, 1, 26, TRUE);
INSERT INTO Unit (UnitID, UnitName, TypeID, ParentUnit, NationalityID, StateID, DistrictID, Active) VALUES (26, 'Belagavi City PS', 1, NULL, 1, 1, 27, TRUE);
INSERT INTO Unit (UnitID, UnitName, TypeID, ParentUnit, NationalityID, StateID, DistrictID, Active) VALUES (27, 'Mangaluru North PS', 1, NULL, 1, 1, 28, TRUE);
INSERT INTO Unit (UnitID, UnitName, TypeID, ParentUnit, NationalityID, StateID, DistrictID, Active) VALUES (28, 'Mangaluru South PS', 1, NULL, 1, 1, 29, TRUE);
INSERT INTO Unit (UnitID, UnitName, TypeID, ParentUnit, NationalityID, StateID, DistrictID, Active) VALUES (29, 'Kalaburagi PS', 1, NULL, 1, 1, 30, TRUE);
INSERT INTO Unit (UnitID, UnitName, TypeID, ParentUnit, NationalityID, StateID, DistrictID, Active) VALUES (30, 'Ballari PS', 1, NULL, 1, 1, 1, TRUE);

-- Ranks
INSERT INTO Rank (RankID, RankName, Hierarchy, Active) VALUES (1, 'Constable', 1, TRUE);
INSERT INTO Rank (RankID, RankName, Hierarchy, Active) VALUES (2, 'Head Constable', 2, TRUE);
INSERT INTO Rank (RankID, RankName, Hierarchy, Active) VALUES (3, 'ASI', 3, TRUE);
INSERT INTO Rank (RankID, RankName, Hierarchy, Active) VALUES (4, 'PSI', 4, TRUE);
INSERT INTO Rank (RankID, RankName, Hierarchy, Active) VALUES (5, 'PI', 5, TRUE);
INSERT INTO Rank (RankID, RankName, Hierarchy, Active) VALUES (6, 'DySP', 6, TRUE);
INSERT INTO Rank (RankID, RankName, Hierarchy, Active) VALUES (7, 'SP', 7, TRUE);
INSERT INTO Rank (RankID, RankName, Hierarchy, Active) VALUES (8, 'DIG', 8, TRUE);
INSERT INTO Rank (RankID, RankName, Hierarchy, Active) VALUES (9, 'IGP', 9, TRUE);
INSERT INTO Rank (RankID, RankName, Hierarchy, Active) VALUES (10, 'ADGP', 10, TRUE);
INSERT INTO Rank (RankID, RankName, Hierarchy, Active) VALUES (11, 'DGP', 11, TRUE);

-- Designations
INSERT INTO Designation (DesignationID, DesignationName, Active, SortOrder) VALUES (1, 'Beat Constable', TRUE, 1);
INSERT INTO Designation (DesignationID, DesignationName, Active, SortOrder) VALUES (2, 'Writer', TRUE, 2);
INSERT INTO Designation (DesignationID, DesignationName, Active, SortOrder) VALUES (3, 'Investigating Officer', TRUE, 3);
INSERT INTO Designation (DesignationID, DesignationName, Active, SortOrder) VALUES (4, 'SHO', TRUE, 4);
INSERT INTO Designation (DesignationID, DesignationName, Active, SortOrder) VALUES (5, 'Station Writer', TRUE, 5);
INSERT INTO Designation (DesignationID, DesignationName, Active, SortOrder) VALUES (6, 'Circle Inspector', TRUE, 6);

-- Employees (Police Personnel)
INSERT INTO Employee (EmployeeID, DistrictID, UnitID, RankID, DesignationID, KGID, FirstName, EmployeeDOB, GenderID, BloodGroupID, PhysicallyChallenged, AppointmentDate) VALUES (1, 21, 4, 1, 6, 'KG388389', 'Isaac', '1968-05-19', 1, 4, FALSE, '2004-03-25');
INSERT INTO Employee (EmployeeID, DistrictID, UnitID, RankID, DesignationID, KGID, FirstName, EmployeeDOB, GenderID, BloodGroupID, PhysicallyChallenged, AppointmentDate) VALUES (2, 5, 24, 2, 6, 'KG876646', 'Udant', '1972-04-10', 1, 7, FALSE, '1999-05-27');
INSERT INTO Employee (EmployeeID, DistrictID, UnitID, RankID, DesignationID, KGID, FirstName, EmployeeDOB, GenderID, BloodGroupID, PhysicallyChallenged, AppointmentDate) VALUES (3, 2, 1, 2, 2, 'KG343962', 'Gagan', '1987-08-11', 1, 4, FALSE, '1997-06-03');
INSERT INTO Employee (EmployeeID, DistrictID, UnitID, RankID, DesignationID, KGID, FirstName, EmployeeDOB, GenderID, BloodGroupID, PhysicallyChallenged, AppointmentDate) VALUES (4, 23, 21, 9, 4, 'KG331148', 'Girik', '1974-12-19', 2, 5, FALSE, '2010-09-06');
INSERT INTO Employee (EmployeeID, DistrictID, UnitID, RankID, DesignationID, KGID, FirstName, EmployeeDOB, GenderID, BloodGroupID, PhysicallyChallenged, AppointmentDate) VALUES (5, 26, 28, 1, 2, 'KG832052', 'Avi', '1986-08-13', 2, 6, FALSE, '2016-07-30');
INSERT INTO Employee (EmployeeID, DistrictID, UnitID, RankID, DesignationID, KGID, FirstName, EmployeeDOB, GenderID, BloodGroupID, PhysicallyChallenged, AppointmentDate) VALUES (6, 9, 5, 4, 3, 'KG207175', 'Oni', '1975-01-10', 1, 7, FALSE, '2013-01-11');
INSERT INTO Employee (EmployeeID, DistrictID, UnitID, RankID, DesignationID, KGID, FirstName, EmployeeDOB, GenderID, BloodGroupID, PhysicallyChallenged, AppointmentDate) VALUES (7, 4, 12, 6, 5, 'KG377370', 'Abeer', '1993-05-01', 1, 8, FALSE, '2000-12-31');
INSERT INTO Employee (EmployeeID, DistrictID, UnitID, RankID, DesignationID, KGID, FirstName, EmployeeDOB, GenderID, BloodGroupID, PhysicallyChallenged, AppointmentDate) VALUES (8, 18, 4, 7, 1, 'KG678856', 'Pahal', '1979-02-06', 2, 6, FALSE, '2000-11-19');
INSERT INTO Employee (EmployeeID, DistrictID, UnitID, RankID, DesignationID, KGID, FirstName, EmployeeDOB, GenderID, BloodGroupID, PhysicallyChallenged, AppointmentDate) VALUES (9, 19, 7, 2, 1, 'KG793384', 'Gayathri', '1971-01-03', 1, 5, FALSE, '2007-03-03');
INSERT INTO Employee (EmployeeID, DistrictID, UnitID, RankID, DesignationID, KGID, FirstName, EmployeeDOB, GenderID, BloodGroupID, PhysicallyChallenged, AppointmentDate) VALUES (10, 3, 28, 4, 1, 'KG498591', 'Jagrati', '1996-05-07', 2, 8, FALSE, '2013-06-08');
INSERT INTO Employee (EmployeeID, DistrictID, UnitID, RankID, DesignationID, KGID, FirstName, EmployeeDOB, GenderID, BloodGroupID, PhysicallyChallenged, AppointmentDate) VALUES (11, 21, 27, 6, 2, 'KG488162', 'Caleb', '1992-05-05', 2, 4, FALSE, '2011-07-19');
INSERT INTO Employee (EmployeeID, DistrictID, UnitID, RankID, DesignationID, KGID, FirstName, EmployeeDOB, GenderID, BloodGroupID, PhysicallyChallenged, AppointmentDate) VALUES (12, 22, 9, 11, 6, 'KG174870', 'Kritika', '1970-03-18', 1, 4, FALSE, '2004-09-27');
INSERT INTO Employee (EmployeeID, DistrictID, UnitID, RankID, DesignationID, KGID, FirstName, EmployeeDOB, GenderID, BloodGroupID, PhysicallyChallenged, AppointmentDate) VALUES (13, 6, 15, 7, 3, 'KG771088', 'Janaki', '1987-03-01', 1, 6, FALSE, '2016-04-04');
INSERT INTO Employee (EmployeeID, DistrictID, UnitID, RankID, DesignationID, KGID, FirstName, EmployeeDOB, GenderID, BloodGroupID, PhysicallyChallenged, AppointmentDate) VALUES (14, 27, 25, 1, 2, 'KG961722', 'Chakradev', '1990-01-06', 1, 6, FALSE, '2018-03-06');
INSERT INTO Employee (EmployeeID, DistrictID, UnitID, RankID, DesignationID, KGID, FirstName, EmployeeDOB, GenderID, BloodGroupID, PhysicallyChallenged, AppointmentDate) VALUES (15, 13, 9, 2, 2, 'KG694731', 'Fariq', '1996-08-12', 2, 4, FALSE, '2020-10-16');
INSERT INTO Employee (EmployeeID, DistrictID, UnitID, RankID, DesignationID, KGID, FirstName, EmployeeDOB, GenderID, BloodGroupID, PhysicallyChallenged, AppointmentDate) VALUES (16, 21, 16, 7, 6, 'KG581141', 'Lajita', '1976-12-25', 1, 5, FALSE, '2014-05-01');
INSERT INTO Employee (EmployeeID, DistrictID, UnitID, RankID, DesignationID, KGID, FirstName, EmployeeDOB, GenderID, BloodGroupID, PhysicallyChallenged, AppointmentDate) VALUES (17, 5, 8, 9, 5, 'KG375504', 'Janya', '1973-01-23', 2, 7, FALSE, '2006-06-24');
INSERT INTO Employee (EmployeeID, DistrictID, UnitID, RankID, DesignationID, KGID, FirstName, EmployeeDOB, GenderID, BloodGroupID, PhysicallyChallenged, AppointmentDate) VALUES (18, 12, 8, 3, 5, 'KG617488', 'Amara', '1991-05-24', 1, 1, FALSE, '2015-09-02');
INSERT INTO Employee (EmployeeID, DistrictID, UnitID, RankID, DesignationID, KGID, FirstName, EmployeeDOB, GenderID, BloodGroupID, PhysicallyChallenged, AppointmentDate) VALUES (19, 28, 4, 3, 6, 'KG267753', 'Ekbal', '1988-03-29', 2, 2, FALSE, '2001-04-28');
INSERT INTO Employee (EmployeeID, DistrictID, UnitID, RankID, DesignationID, KGID, FirstName, EmployeeDOB, GenderID, BloodGroupID, PhysicallyChallenged, AppointmentDate) VALUES (20, 13, 13, 10, 4, 'KG654816', 'Yash', '1973-02-01', 2, 1, FALSE, '2007-02-26');
INSERT INTO Employee (EmployeeID, DistrictID, UnitID, RankID, DesignationID, KGID, FirstName, EmployeeDOB, GenderID, BloodGroupID, PhysicallyChallenged, AppointmentDate) VALUES (21, 22, 24, 2, 6, 'KG663054', 'Theodore', '1990-10-23', 2, 6, FALSE, '2020-02-17');
INSERT INTO Employee (EmployeeID, DistrictID, UnitID, RankID, DesignationID, KGID, FirstName, EmployeeDOB, GenderID, BloodGroupID, PhysicallyChallenged, AppointmentDate) VALUES (22, 4, 10, 7, 2, 'KG575763', 'Daksh', '1975-04-27', 1, 5, FALSE, '1997-06-06');
INSERT INTO Employee (EmployeeID, DistrictID, UnitID, RankID, DesignationID, KGID, FirstName, EmployeeDOB, GenderID, BloodGroupID, PhysicallyChallenged, AppointmentDate) VALUES (23, 17, 25, 3, 5, 'KG211579', 'Diya', '1981-03-04', 2, 4, FALSE, '1998-05-20');
INSERT INTO Employee (EmployeeID, DistrictID, UnitID, RankID, DesignationID, KGID, FirstName, EmployeeDOB, GenderID, BloodGroupID, PhysicallyChallenged, AppointmentDate) VALUES (24, 5, 12, 3, 5, 'KG916449', 'Divya', '1974-10-05', 1, 6, FALSE, '2010-07-05');
INSERT INTO Employee (EmployeeID, DistrictID, UnitID, RankID, DesignationID, KGID, FirstName, EmployeeDOB, GenderID, BloodGroupID, PhysicallyChallenged, AppointmentDate) VALUES (25, 16, 1, 2, 3, 'KG972064', 'Tara', '1972-05-22', 2, 4, FALSE, '2000-06-09');
INSERT INTO Employee (EmployeeID, DistrictID, UnitID, RankID, DesignationID, KGID, FirstName, EmployeeDOB, GenderID, BloodGroupID, PhysicallyChallenged, AppointmentDate) VALUES (26, 2, 8, 10, 1, 'KG189814', 'Adya', '1992-12-06', 2, 2, FALSE, '2008-07-11');
INSERT INTO Employee (EmployeeID, DistrictID, UnitID, RankID, DesignationID, KGID, FirstName, EmployeeDOB, GenderID, BloodGroupID, PhysicallyChallenged, AppointmentDate) VALUES (27, 25, 18, 3, 2, 'KG791798', 'Mohini', '1979-11-03', 2, 3, FALSE, '2024-06-15');
INSERT INTO Employee (EmployeeID, DistrictID, UnitID, RankID, DesignationID, KGID, FirstName, EmployeeDOB, GenderID, BloodGroupID, PhysicallyChallenged, AppointmentDate) VALUES (28, 9, 17, 10, 4, 'KG322086', 'Lakshit', '1984-11-08', 1, 5, FALSE, '1999-01-28');
INSERT INTO Employee (EmployeeID, DistrictID, UnitID, RankID, DesignationID, KGID, FirstName, EmployeeDOB, GenderID, BloodGroupID, PhysicallyChallenged, AppointmentDate) VALUES (29, 13, 22, 11, 3, 'KG559381', 'Champak', '1996-10-23', 2, 2, FALSE, '2000-10-23');
INSERT INTO Employee (EmployeeID, DistrictID, UnitID, RankID, DesignationID, KGID, FirstName, EmployeeDOB, GenderID, BloodGroupID, PhysicallyChallenged, AppointmentDate) VALUES (30, 8, 8, 2, 3, 'KG122056', 'Nathaniel', '1994-06-18', 1, 4, FALSE, '2008-05-08');
INSERT INTO Employee (EmployeeID, DistrictID, UnitID, RankID, DesignationID, KGID, FirstName, EmployeeDOB, GenderID, BloodGroupID, PhysicallyChallenged, AppointmentDate) VALUES (31, 1, 3, 11, 1, 'KG340062', 'Devansh', '1980-08-12', 1, 1, FALSE, '2013-03-20');
INSERT INTO Employee (EmployeeID, DistrictID, UnitID, RankID, DesignationID, KGID, FirstName, EmployeeDOB, GenderID, BloodGroupID, PhysicallyChallenged, AppointmentDate) VALUES (32, 28, 11, 2, 5, 'KG349565', 'Upadhriti', '1985-07-10', 2, 8, FALSE, '2023-09-21');
INSERT INTO Employee (EmployeeID, DistrictID, UnitID, RankID, DesignationID, KGID, FirstName, EmployeeDOB, GenderID, BloodGroupID, PhysicallyChallenged, AppointmentDate) VALUES (33, 7, 18, 3, 6, 'KG698782', 'Advay', '1990-08-30', 2, 4, FALSE, '1999-09-27');
INSERT INTO Employee (EmployeeID, DistrictID, UnitID, RankID, DesignationID, KGID, FirstName, EmployeeDOB, GenderID, BloodGroupID, PhysicallyChallenged, AppointmentDate) VALUES (34, 26, 16, 7, 2, 'KG198907', 'Amara', '1993-08-31', 1, 7, FALSE, '2006-01-20');
INSERT INTO Employee (EmployeeID, DistrictID, UnitID, RankID, DesignationID, KGID, FirstName, EmployeeDOB, GenderID, BloodGroupID, PhysicallyChallenged, AppointmentDate) VALUES (35, 12, 14, 7, 4, 'KG864491', 'Chaaya', '1982-04-25', 1, 2, FALSE, '2009-03-27');
INSERT INTO Employee (EmployeeID, DistrictID, UnitID, RankID, DesignationID, KGID, FirstName, EmployeeDOB, GenderID, BloodGroupID, PhysicallyChallenged, AppointmentDate) VALUES (36, 2, 13, 6, 1, 'KG360735', 'Adya', '2000-07-29', 1, 4, FALSE, '2017-11-12');
INSERT INTO Employee (EmployeeID, DistrictID, UnitID, RankID, DesignationID, KGID, FirstName, EmployeeDOB, GenderID, BloodGroupID, PhysicallyChallenged, AppointmentDate) VALUES (37, 18, 15, 3, 4, 'KG292401', 'Yashica', '1998-07-24', 2, 8, FALSE, '2020-11-26');
INSERT INTO Employee (EmployeeID, DistrictID, UnitID, RankID, DesignationID, KGID, FirstName, EmployeeDOB, GenderID, BloodGroupID, PhysicallyChallenged, AppointmentDate) VALUES (38, 8, 28, 2, 4, 'KG947272', 'Chanchal', '1996-02-24', 1, 1, FALSE, '2010-09-29');
INSERT INTO Employee (EmployeeID, DistrictID, UnitID, RankID, DesignationID, KGID, FirstName, EmployeeDOB, GenderID, BloodGroupID, PhysicallyChallenged, AppointmentDate) VALUES (39, 21, 18, 1, 1, 'KG890170', 'Rushil', '1972-09-23', 1, 3, FALSE, '2017-11-18');
INSERT INTO Employee (EmployeeID, DistrictID, UnitID, RankID, DesignationID, KGID, FirstName, EmployeeDOB, GenderID, BloodGroupID, PhysicallyChallenged, AppointmentDate) VALUES (40, 14, 16, 8, 2, 'KG520521', 'Aadi', '1987-11-24', 1, 3, FALSE, '2010-03-18');
INSERT INTO Employee (EmployeeID, DistrictID, UnitID, RankID, DesignationID, KGID, FirstName, EmployeeDOB, GenderID, BloodGroupID, PhysicallyChallenged, AppointmentDate) VALUES (41, 13, 1, 7, 3, 'KG922157', 'Isaac', '1999-02-14', 2, 5, FALSE, '2021-02-18');
INSERT INTO Employee (EmployeeID, DistrictID, UnitID, RankID, DesignationID, KGID, FirstName, EmployeeDOB, GenderID, BloodGroupID, PhysicallyChallenged, AppointmentDate) VALUES (42, 14, 23, 9, 6, 'KG853305', 'Damyanti', '1975-09-03', 2, 3, FALSE, '2003-04-11');
INSERT INTO Employee (EmployeeID, DistrictID, UnitID, RankID, DesignationID, KGID, FirstName, EmployeeDOB, GenderID, BloodGroupID, PhysicallyChallenged, AppointmentDate) VALUES (43, 7, 10, 4, 1, 'KG707314', 'Farhan', '1970-06-11', 1, 6, FALSE, '2010-02-20');
INSERT INTO Employee (EmployeeID, DistrictID, UnitID, RankID, DesignationID, KGID, FirstName, EmployeeDOB, GenderID, BloodGroupID, PhysicallyChallenged, AppointmentDate) VALUES (44, 2, 2, 10, 4, 'KG627276', 'Ekapad', '2000-10-13', 1, 1, FALSE, '2011-06-12');
INSERT INTO Employee (EmployeeID, DistrictID, UnitID, RankID, DesignationID, KGID, FirstName, EmployeeDOB, GenderID, BloodGroupID, PhysicallyChallenged, AppointmentDate) VALUES (45, 17, 3, 3, 1, 'KG723939', 'Jeremiah', '1971-11-24', 1, 4, FALSE, '2009-11-02');
INSERT INTO Employee (EmployeeID, DistrictID, UnitID, RankID, DesignationID, KGID, FirstName, EmployeeDOB, GenderID, BloodGroupID, PhysicallyChallenged, AppointmentDate) VALUES (46, 13, 4, 10, 2, 'KG707040', 'Noah', '1976-07-17', 1, 2, FALSE, '2020-12-16');
INSERT INTO Employee (EmployeeID, DistrictID, UnitID, RankID, DesignationID, KGID, FirstName, EmployeeDOB, GenderID, BloodGroupID, PhysicallyChallenged, AppointmentDate) VALUES (47, 14, 22, 10, 5, 'KG648177', 'Pallavi', '2000-04-27', 2, 5, FALSE, '2022-07-16');
INSERT INTO Employee (EmployeeID, DistrictID, UnitID, RankID, DesignationID, KGID, FirstName, EmployeeDOB, GenderID, BloodGroupID, PhysicallyChallenged, AppointmentDate) VALUES (48, 7, 22, 6, 2, 'KG378517', 'Sai', '1991-10-10', 2, 3, FALSE, '2007-09-14');
INSERT INTO Employee (EmployeeID, DistrictID, UnitID, RankID, DesignationID, KGID, FirstName, EmployeeDOB, GenderID, BloodGroupID, PhysicallyChallenged, AppointmentDate) VALUES (49, 22, 21, 5, 4, 'KG431535', 'Kashvi', '1982-06-05', 1, 1, FALSE, '2011-01-09');
INSERT INTO Employee (EmployeeID, DistrictID, UnitID, RankID, DesignationID, KGID, FirstName, EmployeeDOB, GenderID, BloodGroupID, PhysicallyChallenged, AppointmentDate) VALUES (50, 15, 20, 10, 1, 'KG176819', 'Jai', '1975-12-17', 1, 5, FALSE, '1998-04-28');
INSERT INTO Employee (EmployeeID, DistrictID, UnitID, RankID, DesignationID, KGID, FirstName, EmployeeDOB, GenderID, BloodGroupID, PhysicallyChallenged, AppointmentDate) VALUES (51, 5, 30, 6, 1, 'KG356150', 'Ansh', '1987-07-15', 2, 5, FALSE, '2002-12-22');
INSERT INTO Employee (EmployeeID, DistrictID, UnitID, RankID, DesignationID, KGID, FirstName, EmployeeDOB, GenderID, BloodGroupID, PhysicallyChallenged, AppointmentDate) VALUES (52, 6, 15, 9, 6, 'KG417212', 'Thomas', '1967-10-11', 1, 5, FALSE, '2016-05-08');
INSERT INTO Employee (EmployeeID, DistrictID, UnitID, RankID, DesignationID, KGID, FirstName, EmployeeDOB, GenderID, BloodGroupID, PhysicallyChallenged, AppointmentDate) VALUES (53, 30, 22, 2, 2, 'KG377312', 'Daniel', '1975-04-26', 1, 2, FALSE, '2021-11-18');
INSERT INTO Employee (EmployeeID, DistrictID, UnitID, RankID, DesignationID, KGID, FirstName, EmployeeDOB, GenderID, BloodGroupID, PhysicallyChallenged, AppointmentDate) VALUES (54, 24, 18, 3, 3, 'KG395442', 'Ganga', '1969-12-09', 1, 6, FALSE, '2003-03-13');
INSERT INTO Employee (EmployeeID, DistrictID, UnitID, RankID, DesignationID, KGID, FirstName, EmployeeDOB, GenderID, BloodGroupID, PhysicallyChallenged, AppointmentDate) VALUES (55, 7, 22, 11, 3, 'KG629959', 'Vedika', '1974-10-25', 2, 5, FALSE, '2000-03-27');
INSERT INTO Employee (EmployeeID, DistrictID, UnitID, RankID, DesignationID, KGID, FirstName, EmployeeDOB, GenderID, BloodGroupID, PhysicallyChallenged, AppointmentDate) VALUES (56, 29, 30, 1, 1, 'KG765095', 'Urvashi', '1975-10-17', 2, 5, FALSE, '2009-10-10');
INSERT INTO Employee (EmployeeID, DistrictID, UnitID, RankID, DesignationID, KGID, FirstName, EmployeeDOB, GenderID, BloodGroupID, PhysicallyChallenged, AppointmentDate) VALUES (57, 2, 1, 6, 2, 'KG768061', 'Niharika', '1974-01-02', 2, 3, FALSE, '1999-03-31');
INSERT INTO Employee (EmployeeID, DistrictID, UnitID, RankID, DesignationID, KGID, FirstName, EmployeeDOB, GenderID, BloodGroupID, PhysicallyChallenged, AppointmentDate) VALUES (58, 24, 15, 9, 6, 'KG548462', 'Raagini', '1979-07-31', 1, 2, FALSE, '2008-01-16');
INSERT INTO Employee (EmployeeID, DistrictID, UnitID, RankID, DesignationID, KGID, FirstName, EmployeeDOB, GenderID, BloodGroupID, PhysicallyChallenged, AppointmentDate) VALUES (59, 3, 29, 3, 5, 'KG137778', 'Chatura', '1990-06-05', 2, 3, FALSE, '2024-02-02');
INSERT INTO Employee (EmployeeID, DistrictID, UnitID, RankID, DesignationID, KGID, FirstName, EmployeeDOB, GenderID, BloodGroupID, PhysicallyChallenged, AppointmentDate) VALUES (60, 14, 5, 1, 3, 'KG482364', 'Guneet', '1969-08-04', 1, 6, FALSE, '2016-12-02');
INSERT INTO Employee (EmployeeID, DistrictID, UnitID, RankID, DesignationID, KGID, FirstName, EmployeeDOB, GenderID, BloodGroupID, PhysicallyChallenged, AppointmentDate) VALUES (61, 7, 22, 4, 6, 'KG207786', 'Ikbal', '1975-12-27', 2, 7, FALSE, '2001-11-09');
INSERT INTO Employee (EmployeeID, DistrictID, UnitID, RankID, DesignationID, KGID, FirstName, EmployeeDOB, GenderID, BloodGroupID, PhysicallyChallenged, AppointmentDate) VALUES (62, 20, 24, 3, 2, 'KG270395', 'Saumya', '1972-04-18', 1, 7, FALSE, '2001-09-01');
INSERT INTO Employee (EmployeeID, DistrictID, UnitID, RankID, DesignationID, KGID, FirstName, EmployeeDOB, GenderID, BloodGroupID, PhysicallyChallenged, AppointmentDate) VALUES (63, 1, 6, 6, 4, 'KG941204', 'Turvi', '1976-01-10', 1, 5, FALSE, '2022-05-20');
INSERT INTO Employee (EmployeeID, DistrictID, UnitID, RankID, DesignationID, KGID, FirstName, EmployeeDOB, GenderID, BloodGroupID, PhysicallyChallenged, AppointmentDate) VALUES (64, 6, 26, 2, 4, 'KG140605', 'Saanvi', '1995-01-02', 2, 4, FALSE, '2020-06-30');
INSERT INTO Employee (EmployeeID, DistrictID, UnitID, RankID, DesignationID, KGID, FirstName, EmployeeDOB, GenderID, BloodGroupID, PhysicallyChallenged, AppointmentDate) VALUES (65, 7, 27, 8, 3, 'KG420015', 'Guneet', '1969-04-02', 1, 4, FALSE, '2024-07-05');
INSERT INTO Employee (EmployeeID, DistrictID, UnitID, RankID, DesignationID, KGID, FirstName, EmployeeDOB, GenderID, BloodGroupID, PhysicallyChallenged, AppointmentDate) VALUES (66, 1, 22, 4, 4, 'KG444207', 'Alexander', '2000-06-23', 2, 2, FALSE, '2022-06-20');
INSERT INTO Employee (EmployeeID, DistrictID, UnitID, RankID, DesignationID, KGID, FirstName, EmployeeDOB, GenderID, BloodGroupID, PhysicallyChallenged, AppointmentDate) VALUES (67, 25, 9, 6, 6, 'KG634150', 'Warjas', '1973-03-09', 2, 6, FALSE, '2010-02-16');
INSERT INTO Employee (EmployeeID, DistrictID, UnitID, RankID, DesignationID, KGID, FirstName, EmployeeDOB, GenderID, BloodGroupID, PhysicallyChallenged, AppointmentDate) VALUES (68, 1, 4, 5, 2, 'KG708792', 'Tanay', '1996-12-06', 2, 1, FALSE, '2021-10-19');
INSERT INTO Employee (EmployeeID, DistrictID, UnitID, RankID, DesignationID, KGID, FirstName, EmployeeDOB, GenderID, BloodGroupID, PhysicallyChallenged, AppointmentDate) VALUES (69, 4, 20, 7, 3, 'KG863934', 'Nitesh', '1980-06-01', 2, 7, FALSE, '2024-02-13');
INSERT INTO Employee (EmployeeID, DistrictID, UnitID, RankID, DesignationID, KGID, FirstName, EmployeeDOB, GenderID, BloodGroupID, PhysicallyChallenged, AppointmentDate) VALUES (70, 20, 17, 2, 4, 'KG704596', 'Alka', '1999-01-13', 1, 5, FALSE, '2018-07-07');
INSERT INTO Employee (EmployeeID, DistrictID, UnitID, RankID, DesignationID, KGID, FirstName, EmployeeDOB, GenderID, BloodGroupID, PhysicallyChallenged, AppointmentDate) VALUES (71, 2, 23, 7, 1, 'KG645175', 'Bhavika', '1981-11-30', 1, 6, FALSE, '2023-05-03');
INSERT INTO Employee (EmployeeID, DistrictID, UnitID, RankID, DesignationID, KGID, FirstName, EmployeeDOB, GenderID, BloodGroupID, PhysicallyChallenged, AppointmentDate) VALUES (72, 14, 3, 11, 3, 'KG753425', 'Vidhi', '1972-10-17', 2, 2, FALSE, '2004-11-02');
INSERT INTO Employee (EmployeeID, DistrictID, UnitID, RankID, DesignationID, KGID, FirstName, EmployeeDOB, GenderID, BloodGroupID, PhysicallyChallenged, AppointmentDate) VALUES (73, 24, 29, 5, 5, 'KG424308', 'Dalbir', '1987-03-23', 2, 6, FALSE, '2011-09-18');
INSERT INTO Employee (EmployeeID, DistrictID, UnitID, RankID, DesignationID, KGID, FirstName, EmployeeDOB, GenderID, BloodGroupID, PhysicallyChallenged, AppointmentDate) VALUES (74, 13, 23, 5, 5, 'KG233470', 'Dipta', '1969-06-22', 1, 7, FALSE, '2012-11-20');
INSERT INTO Employee (EmployeeID, DistrictID, UnitID, RankID, DesignationID, KGID, FirstName, EmployeeDOB, GenderID, BloodGroupID, PhysicallyChallenged, AppointmentDate) VALUES (75, 22, 13, 11, 6, 'KG282480', 'Yadavi', '1998-10-16', 2, 7, FALSE, '2011-05-27');
INSERT INTO Employee (EmployeeID, DistrictID, UnitID, RankID, DesignationID, KGID, FirstName, EmployeeDOB, GenderID, BloodGroupID, PhysicallyChallenged, AppointmentDate) VALUES (76, 18, 27, 1, 3, 'KG400850', 'Dakshesh', '2000-03-13', 1, 7, FALSE, '1998-10-10');
INSERT INTO Employee (EmployeeID, DistrictID, UnitID, RankID, DesignationID, KGID, FirstName, EmployeeDOB, GenderID, BloodGroupID, PhysicallyChallenged, AppointmentDate) VALUES (77, 26, 19, 10, 6, 'KG437902', 'Quincy', '1969-11-10', 2, 8, FALSE, '1998-06-08');
INSERT INTO Employee (EmployeeID, DistrictID, UnitID, RankID, DesignationID, KGID, FirstName, EmployeeDOB, GenderID, BloodGroupID, PhysicallyChallenged, AppointmentDate) VALUES (78, 15, 22, 4, 5, 'KG596171', 'Wahab', '1981-04-05', 1, 2, FALSE, '2022-11-23');
INSERT INTO Employee (EmployeeID, DistrictID, UnitID, RankID, DesignationID, KGID, FirstName, EmployeeDOB, GenderID, BloodGroupID, PhysicallyChallenged, AppointmentDate) VALUES (79, 10, 17, 11, 6, 'KG749342', 'Yatin', '1987-03-20', 2, 2, FALSE, '1997-08-23');
INSERT INTO Employee (EmployeeID, DistrictID, UnitID, RankID, DesignationID, KGID, FirstName, EmployeeDOB, GenderID, BloodGroupID, PhysicallyChallenged, AppointmentDate) VALUES (80, 27, 25, 4, 6, 'KG425498', 'Finn', '1981-10-14', 1, 4, FALSE, '2012-11-15');

-- Case Categories
INSERT INTO CaseCategory (CaseCategoryID, LookupValue) VALUES (1, 'FIR');
INSERT INTO CaseCategory (CaseCategoryID, LookupValue) VALUES (2, 'NCR');
INSERT INTO CaseCategory (CaseCategoryID, LookupValue) VALUES (3, 'UDR');
INSERT INTO CaseCategory (CaseCategoryID, LookupValue) VALUES (4, 'PAR');
INSERT INTO CaseCategory (CaseCategoryID, LookupValue) VALUES (8, 'Zero FIR');

-- Gravity Offence
INSERT INTO GravityOffence (GravityOffenceID, LookupValue) VALUES (1, 'Heinous');
INSERT INTO GravityOffence (GravityOffenceID, LookupValue) VALUES (2, 'Non-Heinous');
INSERT INTO GravityOffence (GravityOffenceID, LookupValue) VALUES (3, 'Economic Offence');
INSERT INTO GravityOffence (GravityOffenceID, LookupValue) VALUES (4, 'Cyber Crime');

-- Case Status Master
INSERT INTO CaseStatusMaster (CaseStatusID, CaseStatusName) VALUES (1, 'Under Investigation');
INSERT INTO CaseStatusMaster (CaseStatusID, CaseStatusName) VALUES (2, 'Charge Sheeted');
INSERT INTO CaseStatusMaster (CaseStatusID, CaseStatusName) VALUES (3, 'Closed (Undetected)');
INSERT INTO CaseStatusMaster (CaseStatusID, CaseStatusName) VALUES (4, 'Closed (Mistake of Fact)');
INSERT INTO CaseStatusMaster (CaseStatusID, CaseStatusName) VALUES (5, 'Referred');
INSERT INTO CaseStatusMaster (CaseStatusID, CaseStatusName) VALUES (6, 'Conviction');
INSERT INTO CaseStatusMaster (CaseStatusID, CaseStatusName) VALUES (7, 'Acquittal');

-- Religion Master
INSERT INTO ReligionMaster (ReligionID, ReligionName) VALUES (1, 'Hindu');
INSERT INTO ReligionMaster (ReligionID, ReligionName) VALUES (2, 'Muslim');
INSERT INTO ReligionMaster (ReligionID, ReligionName) VALUES (3, 'Christian');
INSERT INTO ReligionMaster (ReligionID, ReligionName) VALUES (4, 'Jain');
INSERT INTO ReligionMaster (ReligionID, ReligionName) VALUES (5, 'Buddhist');
INSERT INTO ReligionMaster (ReligionID, ReligionName) VALUES (6, 'Sikh');
INSERT INTO ReligionMaster (ReligionID, ReligionName) VALUES (7, 'Other');

-- Caste Master
INSERT INTO CasteMaster (caste_master_id, caste_master_name) VALUES (1, 'General');
INSERT INTO CasteMaster (caste_master_id, caste_master_name) VALUES (2, 'OBC');
INSERT INTO CasteMaster (caste_master_id, caste_master_name) VALUES (3, 'SC');
INSERT INTO CasteMaster (caste_master_id, caste_master_name) VALUES (4, 'ST');
INSERT INTO CasteMaster (caste_master_id, caste_master_name) VALUES (5, 'Other');

-- Occupation Master
INSERT INTO OccupationMaster (OccupationID, OccupationName) VALUES (1, 'Farmer');
INSERT INTO OccupationMaster (OccupationID, OccupationName) VALUES (2, 'Government Employee');
INSERT INTO OccupationMaster (OccupationID, OccupationName) VALUES (3, 'Private Employee');
INSERT INTO OccupationMaster (OccupationID, OccupationName) VALUES (4, 'Business');
INSERT INTO OccupationMaster (OccupationID, OccupationName) VALUES (5, 'Student');
INSERT INTO OccupationMaster (OccupationID, OccupationName) VALUES (6, 'Unemployed');
INSERT INTO OccupationMaster (OccupationID, OccupationName) VALUES (7, 'Daily Wage Worker');
INSERT INTO OccupationMaster (OccupationID, OccupationName) VALUES (8, 'Auto/Cab Driver');
INSERT INTO OccupationMaster (OccupationID, OccupationName) VALUES (9, 'Shopkeeper');
INSERT INTO OccupationMaster (OccupationID, OccupationName) VALUES (10, 'Teacher');
INSERT INTO OccupationMaster (OccupationID, OccupationName) VALUES (11, 'Homemaker');
INSERT INTO OccupationMaster (OccupationID, OccupationName) VALUES (12, 'Retired');
INSERT INTO OccupationMaster (OccupationID, OccupationName) VALUES (13, 'IT Professional');
INSERT INTO OccupationMaster (OccupationID, OccupationName) VALUES (14, 'Lawyer');
INSERT INTO OccupationMaster (OccupationID, OccupationName) VALUES (15, 'Doctor');
INSERT INTO OccupationMaster (OccupationID, OccupationName) VALUES (16, 'Construction Worker');

-- Courts
INSERT INTO Court (CourtID, CourtName, DistrictID, StateID, Active) VALUES (1, 'JMFC, Bengaluru Urban', 1, 1, TRUE);
INSERT INTO Court (CourtID, CourtName, DistrictID, StateID, Active) VALUES (2, 'Fast Track Court, Bengaluru Urban', 1, 1, TRUE);
INSERT INTO Court (CourtID, CourtName, DistrictID, StateID, Active) VALUES (3, 'High Court, Bengaluru Rural', 2, 1, TRUE);
INSERT INTO Court (CourtID, CourtName, DistrictID, StateID, Active) VALUES (4, 'JMFC, Bengaluru Rural', 2, 1, TRUE);
INSERT INTO Court (CourtID, CourtName, DistrictID, StateID, Active) VALUES (5, 'High Court, Mysuru', 3, 1, TRUE);
INSERT INTO Court (CourtID, CourtName, DistrictID, StateID, Active) VALUES (6, 'Civil Judge, Mysuru', 3, 1, TRUE);
INSERT INTO Court (CourtID, CourtName, DistrictID, StateID, Active) VALUES (7, 'Sessions Court, Mysuru', 3, 1, TRUE);
INSERT INTO Court (CourtID, CourtName, DistrictID, StateID, Active) VALUES (8, 'High Court, Mangaluru (DK)', 4, 1, TRUE);
INSERT INTO Court (CourtID, CourtName, DistrictID, StateID, Active) VALUES (9, 'Fast Track Court, Mangaluru (DK)', 4, 1, TRUE);
INSERT INTO Court (CourtID, CourtName, DistrictID, StateID, Active) VALUES (10, 'Civil Judge, Mangaluru (DK)', 4, 1, TRUE);
INSERT INTO Court (CourtID, CourtName, DistrictID, StateID, Active) VALUES (11, 'JMFC, Mangaluru (DK)', 4, 1, TRUE);
INSERT INTO Court (CourtID, CourtName, DistrictID, StateID, Active) VALUES (12, 'JMFC, Hubballi-Dharwad', 5, 1, TRUE);
INSERT INTO Court (CourtID, CourtName, DistrictID, StateID, Active) VALUES (13, 'Fast Track Court, Hubballi-Dharwad', 5, 1, TRUE);
INSERT INTO Court (CourtID, CourtName, DistrictID, StateID, Active) VALUES (14, 'Civil Judge, Belagavi', 6, 1, TRUE);
INSERT INTO Court (CourtID, CourtName, DistrictID, StateID, Active) VALUES (15, 'Fast Track Court, Belagavi', 6, 1, TRUE);
INSERT INTO Court (CourtID, CourtName, DistrictID, StateID, Active) VALUES (16, 'Sessions Court, Belagavi', 6, 1, TRUE);
INSERT INTO Court (CourtID, CourtName, DistrictID, StateID, Active) VALUES (17, 'High Court, Kalaburagi', 7, 1, TRUE);
INSERT INTO Court (CourtID, CourtName, DistrictID, StateID, Active) VALUES (18, 'JMFC, Kalaburagi', 7, 1, TRUE);
INSERT INTO Court (CourtID, CourtName, DistrictID, StateID, Active) VALUES (19, 'Sessions Court, Kalaburagi', 7, 1, TRUE);
INSERT INTO Court (CourtID, CourtName, DistrictID, StateID, Active) VALUES (20, 'Fast Track Court, Kalaburagi', 7, 1, TRUE);
INSERT INTO Court (CourtID, CourtName, DistrictID, StateID, Active) VALUES (21, 'High Court, Ballari', 8, 1, TRUE);
INSERT INTO Court (CourtID, CourtName, DistrictID, StateID, Active) VALUES (22, 'Civil Judge, Ballari', 8, 1, TRUE);
INSERT INTO Court (CourtID, CourtName, DistrictID, StateID, Active) VALUES (23, 'Fast Track Court, Tumakuru', 9, 1, TRUE);
INSERT INTO Court (CourtID, CourtName, DistrictID, StateID, Active) VALUES (24, 'Sessions Court, Tumakuru', 9, 1, TRUE);
INSERT INTO Court (CourtID, CourtName, DistrictID, StateID, Active) VALUES (25, 'Civil Judge, Tumakuru', 9, 1, TRUE);
INSERT INTO Court (CourtID, CourtName, DistrictID, StateID, Active) VALUES (26, 'Fast Track Court, Shivamogga', 10, 1, TRUE);
INSERT INTO Court (CourtID, CourtName, DistrictID, StateID, Active) VALUES (27, 'High Court, Shivamogga', 10, 1, TRUE);
INSERT INTO Court (CourtID, CourtName, DistrictID, StateID, Active) VALUES (28, 'Sessions Court, Shivamogga', 10, 1, TRUE);
INSERT INTO Court (CourtID, CourtName, DistrictID, StateID, Active) VALUES (29, 'Civil Judge, Shivamogga', 10, 1, TRUE);
INSERT INTO Court (CourtID, CourtName, DistrictID, StateID, Active) VALUES (30, 'High Court, Raichur', 11, 1, TRUE);
INSERT INTO Court (CourtID, CourtName, DistrictID, StateID, Active) VALUES (31, 'Fast Track Court, Raichur', 11, 1, TRUE);
INSERT INTO Court (CourtID, CourtName, DistrictID, StateID, Active) VALUES (32, 'Civil Judge, Vijayapura', 12, 1, TRUE);
INSERT INTO Court (CourtID, CourtName, DistrictID, StateID, Active) VALUES (33, 'Sessions Court, Vijayapura', 12, 1, TRUE);
INSERT INTO Court (CourtID, CourtName, DistrictID, StateID, Active) VALUES (34, 'High Court, Vijayapura', 12, 1, TRUE);
INSERT INTO Court (CourtID, CourtName, DistrictID, StateID, Active) VALUES (35, 'Civil Judge, Davanagere', 13, 1, TRUE);
INSERT INTO Court (CourtID, CourtName, DistrictID, StateID, Active) VALUES (36, 'Sessions Court, Davanagere', 13, 1, TRUE);
INSERT INTO Court (CourtID, CourtName, DistrictID, StateID, Active) VALUES (37, 'Fast Track Court, Davanagere', 13, 1, TRUE);
INSERT INTO Court (CourtID, CourtName, DistrictID, StateID, Active) VALUES (38, 'Sessions Court, Hassan', 14, 1, TRUE);
INSERT INTO Court (CourtID, CourtName, DistrictID, StateID, Active) VALUES (39, 'Civil Judge, Hassan', 14, 1, TRUE);
INSERT INTO Court (CourtID, CourtName, DistrictID, StateID, Active) VALUES (40, 'Sessions Court, Chitradurga', 15, 1, TRUE);
INSERT INTO Court (CourtID, CourtName, DistrictID, StateID, Active) VALUES (41, 'Fast Track Court, Chitradurga', 15, 1, TRUE);
INSERT INTO Court (CourtID, CourtName, DistrictID, StateID, Active) VALUES (42, 'High Court, Chitradurga', 15, 1, TRUE);

-- Acts
INSERT INTO Act (ActCode, ActDescription, ShortName, Active) VALUES ('IPC', 'Indian Penal Code, 1860', 'IPC', TRUE);
INSERT INTO Act (ActCode, ActDescription, ShortName, Active) VALUES ('BNS', 'Bharatiya Nyaya Sanhita, 2023', 'BNS', TRUE);
INSERT INTO Act (ActCode, ActDescription, ShortName, Active) VALUES ('CrPC', 'Code of Criminal Procedure, 1973', 'CrPC', TRUE);
INSERT INTO Act (ActCode, ActDescription, ShortName, Active) VALUES ('NDPS', 'Narcotic Drugs and Psychotropic Substances Act, 1985', 'NDPS', TRUE);
INSERT INTO Act (ActCode, ActDescription, ShortName, Active) VALUES ('POCSO', 'Protection of Children from Sexual Offences Act, 2012', 'POCSO', TRUE);
INSERT INTO Act (ActCode, ActDescription, ShortName, Active) VALUES ('ITA', 'Information Technology Act, 2000', 'IT Act', TRUE);
INSERT INTO Act (ActCode, ActDescription, ShortName, Active) VALUES ('ArmA', 'Arms Act, 1959', 'Arms Act', TRUE);
INSERT INTO Act (ActCode, ActDescription, ShortName, Active) VALUES ('DPA', 'Dowry Prohibition Act, 1961', 'DP Act', TRUE);
INSERT INTO Act (ActCode, ActDescription, ShortName, Active) VALUES ('SCA', 'SC/ST (Prevention of Atrocities) Act, 1989', 'SC/ST Act', TRUE);
INSERT INTO Act (ActCode, ActDescription, ShortName, Active) VALUES ('MVA', 'Motor Vehicles Act, 1988', 'MV Act', TRUE);
INSERT INTO Act (ActCode, ActDescription, ShortName, Active) VALUES ('KPA', 'Karnataka Police Act, 1963', 'KP Act', TRUE);

-- Sections
INSERT INTO Section (SectionCode, ActCode, SectionDescription, Active) VALUES ('302', 'IPC', 'Punishment for Murder', TRUE);
INSERT INTO Section (SectionCode, ActCode, SectionDescription, Active) VALUES ('307', 'IPC', 'Attempt to Murder', TRUE);
INSERT INTO Section (SectionCode, ActCode, SectionDescription, Active) VALUES ('304', 'IPC', 'Culpable Homicide not amounting to Murder', TRUE);
INSERT INTO Section (SectionCode, ActCode, SectionDescription, Active) VALUES ('323', 'IPC', 'Punishment for voluntarily causing hurt', TRUE);
INSERT INTO Section (SectionCode, ActCode, SectionDescription, Active) VALUES ('324', 'IPC', 'Voluntarily causing hurt by dangerous weapons', TRUE);
INSERT INTO Section (SectionCode, ActCode, SectionDescription, Active) VALUES ('354', 'IPC', 'Assault or criminal force to woman', TRUE);
INSERT INTO Section (SectionCode, ActCode, SectionDescription, Active) VALUES ('376', 'IPC', 'Punishment for rape', TRUE);
INSERT INTO Section (SectionCode, ActCode, SectionDescription, Active) VALUES ('379', 'IPC', 'Punishment for theft', TRUE);
INSERT INTO Section (SectionCode, ActCode, SectionDescription, Active) VALUES ('392', 'IPC', 'Punishment for robbery', TRUE);
INSERT INTO Section (SectionCode, ActCode, SectionDescription, Active) VALUES ('395', 'IPC', 'Punishment for dacoity', TRUE);
INSERT INTO Section (SectionCode, ActCode, SectionDescription, Active) VALUES ('397', 'IPC', 'Robbery or dacoity with attempt to cause death', TRUE);
INSERT INTO Section (SectionCode, ActCode, SectionDescription, Active) VALUES ('406', 'IPC', 'Criminal breach of trust', TRUE);
INSERT INTO Section (SectionCode, ActCode, SectionDescription, Active) VALUES ('420', 'IPC', 'Cheating and dishonestly inducing delivery of property', TRUE);
INSERT INTO Section (SectionCode, ActCode, SectionDescription, Active) VALUES ('498A', 'IPC', 'Husband or relative subjecting woman to cruelty', TRUE);
INSERT INTO Section (SectionCode, ActCode, SectionDescription, Active) VALUES ('506', 'IPC', 'Criminal intimidation', TRUE);
INSERT INTO Section (SectionCode, ActCode, SectionDescription, Active) VALUES ('509', 'IPC', 'Word, gesture or act intended to insult modesty of a woman', TRUE);
INSERT INTO Section (SectionCode, ActCode, SectionDescription, Active) VALUES ('34', 'IPC', 'Acts done by several persons in furtherance of common intention', TRUE);
INSERT INTO Section (SectionCode, ActCode, SectionDescription, Active) VALUES ('120B', 'IPC', 'Criminal conspiracy', TRUE);
INSERT INTO Section (SectionCode, ActCode, SectionDescription, Active) VALUES ('147', 'IPC', 'Punishment for rioting', TRUE);
INSERT INTO Section (SectionCode, ActCode, SectionDescription, Active) VALUES ('148', 'IPC', 'Rioting, armed with deadly weapon', TRUE);
INSERT INTO Section (SectionCode, ActCode, SectionDescription, Active) VALUES ('149', 'IPC', 'Every member of unlawful assembly guilty of offence', TRUE);
INSERT INTO Section (SectionCode, ActCode, SectionDescription, Active) VALUES ('341', 'IPC', 'Punishment for wrongful restraint', TRUE);
INSERT INTO Section (SectionCode, ActCode, SectionDescription, Active) VALUES ('363', 'IPC', 'Punishment for kidnapping', TRUE);
INSERT INTO Section (SectionCode, ActCode, SectionDescription, Active) VALUES ('365', 'IPC', 'Kidnapping with intent secretly and wrongfully to confine', TRUE);
INSERT INTO Section (SectionCode, ActCode, SectionDescription, Active) VALUES ('427', 'IPC', 'Mischief causing damage', TRUE);
INSERT INTO Section (SectionCode, ActCode, SectionDescription, Active) VALUES ('452', 'IPC', 'House-trespass after preparation for hurt', TRUE);
INSERT INTO Section (SectionCode, ActCode, SectionDescription, Active) VALUES ('457', 'IPC', 'Lurking house-trespass by night', TRUE);
INSERT INTO Section (SectionCode, ActCode, SectionDescription, Active) VALUES ('504', 'IPC', 'Intentional insult with intent to provoke breach of peace', TRUE);
INSERT INTO Section (SectionCode, ActCode, SectionDescription, Active) VALUES ('511', 'IPC', 'Punishment for attempting to commit offences', TRUE);
INSERT INTO Section (SectionCode, ActCode, SectionDescription, Active) VALUES ('20', 'NDPS', 'Punishment for contravention in relation to cannabis', TRUE);
INSERT INTO Section (SectionCode, ActCode, SectionDescription, Active) VALUES ('22', 'NDPS', 'Punishment for contravention in relation to psychotropic substances', TRUE);
INSERT INTO Section (SectionCode, ActCode, SectionDescription, Active) VALUES ('27', 'NDPS', 'Punishment for consumption of narcotic drug', TRUE);
INSERT INTO Section (SectionCode, ActCode, SectionDescription, Active) VALUES ('4', 'POCSO', 'Punishment for penetrative sexual assault', TRUE);
INSERT INTO Section (SectionCode, ActCode, SectionDescription, Active) VALUES ('6', 'POCSO', 'Punishment for aggravated penetrative sexual assault', TRUE);
INSERT INTO Section (SectionCode, ActCode, SectionDescription, Active) VALUES ('8', 'POCSO', 'Punishment for sexual assault', TRUE);
INSERT INTO Section (SectionCode, ActCode, SectionDescription, Active) VALUES ('66', 'ITA', 'Computer related offences', TRUE);
INSERT INTO Section (SectionCode, ActCode, SectionDescription, Active) VALUES ('66C', 'ITA', 'Punishment for identity theft', TRUE);
INSERT INTO Section (SectionCode, ActCode, SectionDescription, Active) VALUES ('66D', 'ITA', 'Punishment for cheating by personation', TRUE);
INSERT INTO Section (SectionCode, ActCode, SectionDescription, Active) VALUES ('67', 'ITA', 'Punishment for publishing obscene material', TRUE);

-- Crime Heads
INSERT INTO CrimeHead (CrimeHeadID, CrimeGroupName, Active) VALUES (1, 'Crimes Against Body', TRUE);
INSERT INTO CrimeSubHead (CrimeSubHeadID, CrimeHeadID, CrimeHeadName, SeqID) VALUES (1, 1, 'Murder', 1);
INSERT INTO CrimeSubHead (CrimeSubHeadID, CrimeHeadID, CrimeHeadName, SeqID) VALUES (2, 1, 'Attempt to Murder', 2);
INSERT INTO CrimeSubHead (CrimeSubHeadID, CrimeHeadID, CrimeHeadName, SeqID) VALUES (3, 1, 'Culpable Homicide', 3);
INSERT INTO CrimeSubHead (CrimeSubHeadID, CrimeHeadID, CrimeHeadName, SeqID) VALUES (4, 1, 'Grievous Hurt', 4);
INSERT INTO CrimeSubHead (CrimeSubHeadID, CrimeHeadID, CrimeHeadName, SeqID) VALUES (5, 1, 'Simple Hurt', 5);
INSERT INTO CrimeSubHead (CrimeSubHeadID, CrimeHeadID, CrimeHeadName, SeqID) VALUES (6, 1, 'Assault', 6);
INSERT INTO CrimeSubHead (CrimeSubHeadID, CrimeHeadID, CrimeHeadName, SeqID) VALUES (7, 1, 'Dowry Death', 7);
INSERT INTO CrimeSubHead (CrimeSubHeadID, CrimeHeadID, CrimeHeadName, SeqID) VALUES (8, 1, 'Kidnapping', 8);
INSERT INTO CrimeHead (CrimeHeadID, CrimeGroupName, Active) VALUES (2, 'Crimes Against Property', TRUE);
INSERT INTO CrimeSubHead (CrimeSubHeadID, CrimeHeadID, CrimeHeadName, SeqID) VALUES (9, 2, 'Robbery', 1);
INSERT INTO CrimeSubHead (CrimeSubHeadID, CrimeHeadID, CrimeHeadName, SeqID) VALUES (10, 2, 'Dacoity', 2);
INSERT INTO CrimeSubHead (CrimeSubHeadID, CrimeHeadID, CrimeHeadName, SeqID) VALUES (11, 2, 'Burglary', 3);
INSERT INTO CrimeSubHead (CrimeSubHeadID, CrimeHeadID, CrimeHeadName, SeqID) VALUES (12, 2, 'Theft', 4);
INSERT INTO CrimeSubHead (CrimeSubHeadID, CrimeHeadID, CrimeHeadName, SeqID) VALUES (13, 2, 'Snatching', 5);
INSERT INTO CrimeSubHead (CrimeSubHeadID, CrimeHeadID, CrimeHeadName, SeqID) VALUES (14, 2, 'Motor Vehicle Theft', 6);
INSERT INTO CrimeSubHead (CrimeSubHeadID, CrimeHeadID, CrimeHeadName, SeqID) VALUES (15, 2, 'House Breaking', 7);
INSERT INTO CrimeSubHead (CrimeSubHeadID, CrimeHeadID, CrimeHeadName, SeqID) VALUES (16, 2, 'Cheating', 8);
INSERT INTO CrimeHead (CrimeHeadID, CrimeGroupName, Active) VALUES (3, 'Crimes Against Women', TRUE);
INSERT INTO CrimeSubHead (CrimeSubHeadID, CrimeHeadID, CrimeHeadName, SeqID) VALUES (17, 3, 'Rape', 1);
INSERT INTO CrimeSubHead (CrimeSubHeadID, CrimeHeadID, CrimeHeadName, SeqID) VALUES (18, 3, 'Dowry Harassment', 2);
INSERT INTO CrimeSubHead (CrimeSubHeadID, CrimeHeadID, CrimeHeadName, SeqID) VALUES (19, 3, 'Molestation', 3);
INSERT INTO CrimeSubHead (CrimeSubHeadID, CrimeHeadID, CrimeHeadName, SeqID) VALUES (20, 3, 'Eve Teasing', 4);
INSERT INTO CrimeSubHead (CrimeSubHeadID, CrimeHeadID, CrimeHeadName, SeqID) VALUES (21, 3, 'Domestic Violence', 5);
INSERT INTO CrimeSubHead (CrimeSubHeadID, CrimeHeadID, CrimeHeadName, SeqID) VALUES (22, 3, 'Cruelty by Husband', 6);
INSERT INTO CrimeHead (CrimeHeadID, CrimeGroupName, Active) VALUES (4, 'Crimes Against Children', TRUE);
INSERT INTO CrimeSubHead (CrimeSubHeadID, CrimeHeadID, CrimeHeadName, SeqID) VALUES (23, 4, 'POCSO', 1);
INSERT INTO CrimeSubHead (CrimeSubHeadID, CrimeHeadID, CrimeHeadName, SeqID) VALUES (24, 4, 'Child Labour', 2);
INSERT INTO CrimeSubHead (CrimeSubHeadID, CrimeHeadID, CrimeHeadName, SeqID) VALUES (25, 4, 'Missing Child', 3);
INSERT INTO CrimeSubHead (CrimeSubHeadID, CrimeHeadID, CrimeHeadName, SeqID) VALUES (26, 4, 'Child Trafficking', 4);
INSERT INTO CrimeHead (CrimeHeadID, CrimeGroupName, Active) VALUES (5, 'Economic Offences', TRUE);
INSERT INTO CrimeSubHead (CrimeSubHeadID, CrimeHeadID, CrimeHeadName, SeqID) VALUES (27, 5, 'Forgery', 1);
INSERT INTO CrimeSubHead (CrimeSubHeadID, CrimeHeadID, CrimeHeadName, SeqID) VALUES (28, 5, 'Counterfeiting', 2);
INSERT INTO CrimeSubHead (CrimeSubHeadID, CrimeHeadID, CrimeHeadName, SeqID) VALUES (29, 5, 'Criminal Breach of Trust', 3);
INSERT INTO CrimeSubHead (CrimeSubHeadID, CrimeHeadID, CrimeHeadName, SeqID) VALUES (30, 5, 'Fraud', 4);
INSERT INTO CrimeSubHead (CrimeSubHeadID, CrimeHeadID, CrimeHeadName, SeqID) VALUES (31, 5, 'Money Laundering', 5);
INSERT INTO CrimeHead (CrimeHeadID, CrimeGroupName, Active) VALUES (6, 'Cyber Crimes', TRUE);
INSERT INTO CrimeSubHead (CrimeSubHeadID, CrimeHeadID, CrimeHeadName, SeqID) VALUES (32, 6, 'Online Fraud', 1);
INSERT INTO CrimeSubHead (CrimeSubHeadID, CrimeHeadID, CrimeHeadName, SeqID) VALUES (33, 6, 'Identity Theft', 2);
INSERT INTO CrimeSubHead (CrimeSubHeadID, CrimeHeadID, CrimeHeadName, SeqID) VALUES (34, 6, 'Hacking', 3);
INSERT INTO CrimeSubHead (CrimeSubHeadID, CrimeHeadID, CrimeHeadName, SeqID) VALUES (35, 6, 'Cyber Stalking', 4);
INSERT INTO CrimeSubHead (CrimeSubHeadID, CrimeHeadID, CrimeHeadName, SeqID) VALUES (36, 6, 'Social Media Crime', 5);
INSERT INTO CrimeSubHead (CrimeSubHeadID, CrimeHeadID, CrimeHeadName, SeqID) VALUES (37, 6, 'UPI/Banking Fraud', 6);
INSERT INTO CrimeHead (CrimeHeadID, CrimeGroupName, Active) VALUES (7, 'Narcotic Crimes', TRUE);
INSERT INTO CrimeSubHead (CrimeSubHeadID, CrimeHeadID, CrimeHeadName, SeqID) VALUES (38, 7, 'NDPS Possession', 1);
INSERT INTO CrimeSubHead (CrimeSubHeadID, CrimeHeadID, CrimeHeadName, SeqID) VALUES (39, 7, 'NDPS Trafficking', 2);
INSERT INTO CrimeSubHead (CrimeSubHeadID, CrimeHeadID, CrimeHeadName, SeqID) VALUES (40, 7, 'Ganja Cultivation', 3);
INSERT INTO CrimeHead (CrimeHeadID, CrimeGroupName, Active) VALUES (8, 'Public Order', TRUE);
INSERT INTO CrimeSubHead (CrimeSubHeadID, CrimeHeadID, CrimeHeadName, SeqID) VALUES (41, 8, 'Rioting', 1);
INSERT INTO CrimeSubHead (CrimeSubHeadID, CrimeHeadID, CrimeHeadName, SeqID) VALUES (42, 8, 'Unlawful Assembly', 2);
INSERT INTO CrimeSubHead (CrimeSubHeadID, CrimeHeadID, CrimeHeadName, SeqID) VALUES (43, 8, 'Affray', 3);
INSERT INTO CrimeSubHead (CrimeSubHeadID, CrimeHeadID, CrimeHeadName, SeqID) VALUES (44, 8, 'Criminal Intimidation', 4);

-- ============================================================
-- CASE MASTER (FIRs) — Core Records
-- ============================================================

INSERT INTO CaseMaster (CaseMasterID, CrimeNo, CaseNo, CrimeRegisteredDate, PolicePersonID, PoliceStationID, CaseCategoryID, GravityOffenceID, CrimeMajorHeadID, CrimeMinorHeadID, CaseStatusID, CourtID, IncidentFromDate, IncidentToDate, InfoReceivedPSDate, latitude, longitude, BriefFacts) VALUES (1, '100060005202600001', '202600001', '2026-02-09', 20, 5, 1, 2, 4, 25, 3, 14, '2026-02-09T01:13:00', '2026-02-09T04:13:00', '2026-02-09T10:13:00', 15.8224501, 74.5466237, 'On 2026-02-09, the complainant Ryan Sharma reported that unknown persons broke into their residence at Narasimhan Marg, Belagavi and stole cash amounting to Rs. 250000 and gold ornaments. The accused Arjun Hans was later identified through CCTV footage from a nearby shop.');
INSERT INTO ComplainantDetails (ComplainantID, CaseMasterID, ComplainantName, AgeYear, OccupationID, ReligionID, CasteID, GenderID) VALUES (1, 1, 'Ryan Sharma', 21, 13, 3, 4, 1);
INSERT INTO Victim (VictimMasterID, CaseMasterID, VictimName, AgeYear, GenderID, VictimPolice) VALUES (1, 1, 'Dalaja Kari', 21, 3, '0');
INSERT INTO Victim (VictimMasterID, CaseMasterID, VictimName, AgeYear, GenderID, VictimPolice) VALUES (2, 1, 'Ekaraj Mallick', 55, 3, '0');
INSERT INTO Accused (AccusedMasterID, CaseMasterID, AccusedName, AgeYear, GenderID, PersonID) VALUES (1, 1, 'Arjun Hans', 45, 1, 'A1');
INSERT INTO ActSectionAssociation (CaseMasterID, ActID, SectionID, ActOrderID, SectionOrderID) VALUES (1, 'NDPS', '20', 1, 1);
INSERT INTO ActSectionAssociation (CaseMasterID, ActID, SectionID, ActOrderID, SectionOrderID) VALUES (1, 'POCSO', '6', 2, 2);
INSERT INTO ArrestSurrender (ArrestSurrenderID, CaseMasterID, ArrestSurrenderTypeID, ArrestSurrenderDate, ArrestSurrenderStateId, ArrestSurrenderDistrictId, PoliceStationID, IOID, CourtID, AccusedMasterID, IsAccused, IsComplainantAccused) VALUES (1, 1, 2, '2026-03-02', 1, 6, 5, 36, 14, 1, TRUE, FALSE);
INSERT INTO inv_arrestsurrenderaccused (ArrestSurrenderID, AccusedMasterID) VALUES (1, 1);
INSERT INTO Inv_OccuranceTime (CaseMasterID, OccuranceFromDate, OccuranceToDate, PlaceOfOccurance, latitude, longitude) VALUES (1, '2026-02-09T01:13:00', '2026-02-09T04:13:00', 'Narasimhan Marg, Belagavi', 15.8224501, 74.5466237);

INSERT INTO CaseMaster (CaseMasterID, CrimeNo, CaseNo, CrimeRegisteredDate, PolicePersonID, PoliceStationID, CaseCategoryID, GravityOffenceID, CrimeMajorHeadID, CrimeMinorHeadID, CaseStatusID, CourtID, IncidentFromDate, IncidentToDate, InfoReceivedPSDate, latitude, longitude, BriefFacts) VALUES (2, '400100009202400001', '202400001', '2024-08-01', 11, 9, 4, 4, 1, 2, 3, 4, '2024-08-01T20:02:00', '2024-08-01T20:02:00', '2024-08-01T23:02:00', 13.9497224, 76.9256484, 'On 2024-08-01, the complainant Garima Bala reported that their auto-rickshaw bearing registration number KA-11-TT-2876 was stolen from Lal Zila, Shivamogga. The vehicle was parked outside a residential apartment and was found missing when the complainant returned.');
INSERT INTO ComplainantDetails (ComplainantID, CaseMasterID, ComplainantName, AgeYear, OccupationID, ReligionID, CasteID, GenderID) VALUES (2, 2, 'Garima Bala', 56, 13, 4, 2, 1);
INSERT INTO Victim (VictimMasterID, CaseMasterID, VictimName, AgeYear, GenderID, VictimPolice) VALUES (3, 2, 'Garima Bala', 36, 1, '0');
INSERT INTO Accused (AccusedMasterID, CaseMasterID, AccusedName, AgeYear, GenderID, PersonID) VALUES (2, 2, 'Tara Chaudhry', 25, 1, 'A1');
INSERT INTO ActSectionAssociation (CaseMasterID, ActID, SectionID, ActOrderID, SectionOrderID) VALUES (2, 'ITA', '66D', 1, 1);
INSERT INTO ActSectionAssociation (CaseMasterID, ActID, SectionID, ActOrderID, SectionOrderID) VALUES (2, 'IPC', '34', 2, 2);
INSERT INTO Inv_OccuranceTime (CaseMasterID, OccuranceFromDate, OccuranceToDate, PlaceOfOccurance, latitude, longitude) VALUES (2, '2024-08-01T20:02:00', '2024-08-01T20:02:00', 'Lal Zila, Shivamogga', 13.9497224, 76.9256484);

INSERT INTO CaseMaster (CaseMasterID, CrimeNo, CaseNo, CrimeRegisteredDate, PolicePersonID, PoliceStationID, CaseCategoryID, GravityOffenceID, CrimeMajorHeadID, CrimeMinorHeadID, CaseStatusID, CourtID, IncidentFromDate, IncidentToDate, InfoReceivedPSDate, latitude, longitude, BriefFacts) VALUES (3, '100290028202400001', '202400001', '2024-01-25', 54, 28, 1, 4, 1, 7, 2, 24, '2024-01-25T13:11:00', '2024-01-25T17:11:00', '2024-01-26T03:11:00', 17.3009512, 77.1828889, 'On 2024-01-25, the Anti-Narcotics squad conducted a raid at Vaidya Marg, Uttara Kannada and seized 250 grams of ganja from the possession of the accused Hemani Murthy. The accused was found to be part of a supply chain operating across Mandya and Dharwad.');
INSERT INTO ComplainantDetails (ComplainantID, CaseMasterID, ComplainantName, AgeYear, OccupationID, ReligionID, CasteID, GenderID) VALUES (3, 3, 'Balvan Chopra', 40, 6, 4, 2, 2);
INSERT INTO Victim (VictimMasterID, CaseMasterID, VictimName, AgeYear, GenderID, VictimPolice) VALUES (4, 3, 'Balvan Chopra', 48, 2, '0');
INSERT INTO Victim (VictimMasterID, CaseMasterID, VictimName, AgeYear, GenderID, VictimPolice) VALUES (5, 3, 'Lekha Gupta', 40, 3, '1');
INSERT INTO Accused (AccusedMasterID, CaseMasterID, AccusedName, AgeYear, GenderID, PersonID) VALUES (3, 3, 'Hemani Murthy', 23, 1, 'A1');
INSERT INTO Accused (AccusedMasterID, CaseMasterID, AccusedName, AgeYear, GenderID, PersonID) VALUES (4, 3, 'Chaitanya Sarin', 49, 1, 'A2');
INSERT INTO Accused (AccusedMasterID, CaseMasterID, AccusedName, AgeYear, GenderID, PersonID) VALUES (5, 3, 'Zinal Yohannan', 49, 2, 'A3');
INSERT INTO Accused (AccusedMasterID, CaseMasterID, AccusedName, AgeYear, GenderID, PersonID) VALUES (6, 3, 'Januja Sankar', 23, 2, 'A4');
INSERT INTO Accused (AccusedMasterID, CaseMasterID, AccusedName, AgeYear, GenderID, PersonID) VALUES (7, 3, 'Ganga Murthy', 33, 2, 'A5');
INSERT INTO ActSectionAssociation (CaseMasterID, ActID, SectionID, ActOrderID, SectionOrderID) VALUES (3, 'POCSO', '6', 1, 1);
INSERT INTO Inv_OccuranceTime (CaseMasterID, OccuranceFromDate, OccuranceToDate, PlaceOfOccurance, latitude, longitude) VALUES (3, '2024-01-25T13:11:00', '2024-01-25T17:11:00', 'Vaidya Marg, Uttara Kannada', 17.3009512, 77.1828889);
INSERT INTO ChargesheetDetails (CSID, CaseMasterID, csdate, cstype, PolicePersonID) VALUES (1, 3, '2024-05-03', 'A', 40);

INSERT INTO CaseMaster (CaseMasterID, CrimeNo, CaseNo, CrimeRegisteredDate, PolicePersonID, PoliceStationID, CaseCategoryID, GravityOffenceID, CrimeMajorHeadID, CrimeMinorHeadID, CaseStatusID, CourtID, IncidentFromDate, IncidentToDate, InfoReceivedPSDate, latitude, longitude, BriefFacts) VALUES (4, '300090008202500001', '202500001', '2025-07-10', 16, 8, 3, 2, 3, 21, 1, 35, '2025-07-10T23:30:00', '2025-07-11T01:30:00', '2025-07-11T12:30:00', 16.3311449, 74.8619344, 'The complainant Charita Tripathi, a shopkeeper at Salvi Ganj, Tumakuru, reported that the accused Chakrika Datta along with others robbed the shop at knife-point on 2025-07-10 and fled with cash Rs. 250000 and valuables.');
INSERT INTO ComplainantDetails (ComplainantID, CaseMasterID, ComplainantName, AgeYear, OccupationID, ReligionID, CasteID, GenderID) VALUES (4, 4, 'Charita Tripathi', 51, 4, 7, 1, 2);
INSERT INTO Victim (VictimMasterID, CaseMasterID, VictimName, AgeYear, GenderID, VictimPolice) VALUES (6, 4, 'Nilima Narain', 61, 2, '0');
INSERT INTO Accused (AccusedMasterID, CaseMasterID, AccusedName, AgeYear, GenderID, PersonID) VALUES (8, 4, 'Chakrika Datta', 48, 1, 'A1');
INSERT INTO ActSectionAssociation (CaseMasterID, ActID, SectionID, ActOrderID, SectionOrderID) VALUES (4, 'ITA', '67', 1, 1);
INSERT INTO ArrestSurrender (ArrestSurrenderID, CaseMasterID, ArrestSurrenderTypeID, ArrestSurrenderDate, ArrestSurrenderStateId, ArrestSurrenderDistrictId, PoliceStationID, IOID, CourtID, AccusedMasterID, IsAccused, IsComplainantAccused) VALUES (2, 4, 2, '2025-07-19', 1, 9, 8, 11, 35, 8, TRUE, FALSE);
INSERT INTO inv_arrestsurrenderaccused (ArrestSurrenderID, AccusedMasterID) VALUES (2, 8);
INSERT INTO Inv_OccuranceTime (CaseMasterID, OccuranceFromDate, OccuranceToDate, PlaceOfOccurance, latitude, longitude) VALUES (4, '2025-07-10T23:30:00', '2025-07-11T01:30:00', 'Salvi Ganj, Tumakuru', 16.3311449, 74.8619344);

INSERT INTO CaseMaster (CaseMasterID, CrimeNo, CaseNo, CrimeRegisteredDate, PolicePersonID, PoliceStationID, CaseCategoryID, GravityOffenceID, CrimeMajorHeadID, CrimeMinorHeadID, CaseStatusID, CourtID, IncidentFromDate, IncidentToDate, InfoReceivedPSDate, latitude, longitude, BriefFacts) VALUES (5, '200050004202500001', '202500001', '2025-07-11', 72, 4, 2, 4, 7, 39, 2, 40, '2025-07-11T09:55:00', '2025-07-11T13:55:00', '2025-07-11T19:55:00', 12.78861, 74.9171654, 'The complainant Owen Mitra, a shopkeeper at Nagy, Hubballi-Dharwad, reported that the accused Shivansh Sani along with others robbed the shop at knife-point on 2025-07-11 and fled with cash Rs. 100000 and valuables.');
INSERT INTO ComplainantDetails (ComplainantID, CaseMasterID, ComplainantName, AgeYear, OccupationID, ReligionID, CasteID, GenderID) VALUES (5, 5, 'Owen Mitra', 22, 8, 3, 3, 2);
INSERT INTO Victim (VictimMasterID, CaseMasterID, VictimName, AgeYear, GenderID, VictimPolice) VALUES (7, 5, 'Aadi Modi', 34, 2, '0');
INSERT INTO Accused (AccusedMasterID, CaseMasterID, AccusedName, AgeYear, GenderID, PersonID) VALUES (9, 5, 'Shivansh Sani', 30, 2, 'A1');
INSERT INTO Accused (AccusedMasterID, CaseMasterID, AccusedName, AgeYear, GenderID, PersonID) VALUES (10, 5, 'Yash Pingle', 27, 2, 'A2');
INSERT INTO ActSectionAssociation (CaseMasterID, ActID, SectionID, ActOrderID, SectionOrderID) VALUES (5, 'IPC', '307', 1, 1);
INSERT INTO ArrestSurrender (ArrestSurrenderID, CaseMasterID, ArrestSurrenderTypeID, ArrestSurrenderDate, ArrestSurrenderStateId, ArrestSurrenderDistrictId, PoliceStationID, IOID, CourtID, AccusedMasterID, IsAccused, IsComplainantAccused) VALUES (3, 5, 2, '2025-07-18', 1, 5, 4, 39, 40, 10, TRUE, FALSE);
INSERT INTO inv_arrestsurrenderaccused (ArrestSurrenderID, AccusedMasterID) VALUES (3, 10);
INSERT INTO ArrestSurrender (ArrestSurrenderID, CaseMasterID, ArrestSurrenderTypeID, ArrestSurrenderDate, ArrestSurrenderStateId, ArrestSurrenderDistrictId, PoliceStationID, IOID, CourtID, AccusedMasterID, IsAccused, IsComplainantAccused) VALUES (4, 5, 2, '2025-08-24', 1, 5, 4, 35, 40, 9, TRUE, FALSE);
INSERT INTO inv_arrestsurrenderaccused (ArrestSurrenderID, AccusedMasterID) VALUES (4, 9);
INSERT INTO Inv_OccuranceTime (CaseMasterID, OccuranceFromDate, OccuranceToDate, PlaceOfOccurance, latitude, longitude) VALUES (5, '2025-07-11T09:55:00', '2025-07-11T13:55:00', 'Nagy, Hubballi-Dharwad', 12.78861, 74.9171654);
INSERT INTO ChargesheetDetails (CSID, CaseMasterID, csdate, cstype, PolicePersonID) VALUES (2, 5, '2025-12-16', 'A', 70);

INSERT INTO CaseMaster (CaseMasterID, CrimeNo, CaseNo, CrimeRegisteredDate, PolicePersonID, PoliceStationID, CaseCategoryID, GravityOffenceID, CrimeMajorHeadID, CrimeMinorHeadID, CaseStatusID, CourtID, IncidentFromDate, IncidentToDate, InfoReceivedPSDate, latitude, longitude, BriefFacts) VALUES (6, '400160015202400001', '202400001', '2024-12-04', 11, 15, 4, 1, 5, 28, 3, 39, '2024-12-04T18:37:00', '2024-12-04T18:37:00', '2024-12-05T06:37:00', 12.9814884, 77.6688367, 'On 2024-12-04, the complainant Tanay Vaidya reported that unknown persons broke into their residence at Keer Zila, Mandya and stole cash amounting to Rs. 25000 and gold ornaments. The accused Yutika Nayak was later identified through CCTV footage from a nearby shop.');
INSERT INTO ComplainantDetails (ComplainantID, CaseMasterID, ComplainantName, AgeYear, OccupationID, ReligionID, CasteID, GenderID) VALUES (6, 6, 'Tanay Vaidya', 38, 13, 7, 5, 1);
INSERT INTO Victim (VictimMasterID, CaseMasterID, VictimName, AgeYear, GenderID, VictimPolice) VALUES (8, 6, 'Omkaar Chad', 45, 2, '0');
INSERT INTO Accused (AccusedMasterID, CaseMasterID, AccusedName, AgeYear, GenderID, PersonID) VALUES (11, 6, 'Yutika Nayak', 43, 1, 'A1');
INSERT INTO Accused (AccusedMasterID, CaseMasterID, AccusedName, AgeYear, GenderID, PersonID) VALUES (12, 6, 'Umang Issac', 52, 2, 'A2');
INSERT INTO Accused (AccusedMasterID, CaseMasterID, AccusedName, AgeYear, GenderID, PersonID) VALUES (13, 6, 'Aryan Batra', 30, 2, 'A3');
INSERT INTO Accused (AccusedMasterID, CaseMasterID, AccusedName, AgeYear, GenderID, PersonID) VALUES (14, 6, 'Vaishnavi Bora', 49, 2, 'A4');
INSERT INTO Accused (AccusedMasterID, CaseMasterID, AccusedName, AgeYear, GenderID, PersonID) VALUES (15, 6, 'Oeshi Hayer', 31, 2, 'A5');
INSERT INTO ActSectionAssociation (CaseMasterID, ActID, SectionID, ActOrderID, SectionOrderID) VALUES (6, 'NDPS', '22', 1, 1);
INSERT INTO ActSectionAssociation (CaseMasterID, ActID, SectionID, ActOrderID, SectionOrderID) VALUES (6, 'ITA', '67', 2, 2);
INSERT INTO ActSectionAssociation (CaseMasterID, ActID, SectionID, ActOrderID, SectionOrderID) VALUES (6, 'IPC', '302', 3, 3);
INSERT INTO Inv_OccuranceTime (CaseMasterID, OccuranceFromDate, OccuranceToDate, PlaceOfOccurance, latitude, longitude) VALUES (6, '2024-12-04T18:37:00', '2024-12-04T18:37:00', 'Keer Zila, Mandya', 12.9814884, 77.6688367);

INSERT INTO CaseMaster (CaseMasterID, CrimeNo, CaseNo, CrimeRegisteredDate, PolicePersonID, PoliceStationID, CaseCategoryID, GravityOffenceID, CrimeMajorHeadID, CrimeMinorHeadID, CaseStatusID, CourtID, IncidentFromDate, IncidentToDate, InfoReceivedPSDate, latitude, longitude, BriefFacts) VALUES (7, '800270026202500001', '202500001', '2025-09-08', 31, 26, 8, 2, 3, 20, 2, 36, '2025-09-08T14:07:00', '2025-09-08T15:07:00', '2025-09-08T22:07:00', 12.4061465, 76.6340274, 'The complainant Warda Ratta reported domestic violence by husband Pavani Kanda and in-laws. The accused demanded additional dowry of Rs. 2500000 and subjected the complainant to physical and mental harassment since 3 years.');
INSERT INTO ComplainantDetails (ComplainantID, CaseMasterID, ComplainantName, AgeYear, OccupationID, ReligionID, CasteID, GenderID) VALUES (7, 7, 'Warda Ratta', 20, 10, 6, 3, 2);
INSERT INTO Victim (VictimMasterID, CaseMasterID, VictimName, AgeYear, GenderID, VictimPolice) VALUES (9, 7, 'Manbir Ahluwalia', 62, 3, '0');
INSERT INTO Victim (VictimMasterID, CaseMasterID, VictimName, AgeYear, GenderID, VictimPolice) VALUES (10, 7, 'Chandresh Krish', 47, 3, '0');
INSERT INTO Accused (AccusedMasterID, CaseMasterID, AccusedName, AgeYear, GenderID, PersonID) VALUES (16, 7, 'Pavani Kanda', 38, 1, 'A1');
INSERT INTO ActSectionAssociation (CaseMasterID, ActID, SectionID, ActOrderID, SectionOrderID) VALUES (7, 'NDPS', '27', 1, 1);
INSERT INTO ActSectionAssociation (CaseMasterID, ActID, SectionID, ActOrderID, SectionOrderID) VALUES (7, 'ITA', '66C', 2, 2);
INSERT INTO ActSectionAssociation (CaseMasterID, ActID, SectionID, ActOrderID, SectionOrderID) VALUES (7, 'ITA', '66', 3, 3);
INSERT INTO ArrestSurrender (ArrestSurrenderID, CaseMasterID, ArrestSurrenderTypeID, ArrestSurrenderDate, ArrestSurrenderStateId, ArrestSurrenderDistrictId, PoliceStationID, IOID, CourtID, AccusedMasterID, IsAccused, IsComplainantAccused) VALUES (5, 7, 1, '2025-10-02', 1, 27, 26, 64, 36, 16, TRUE, FALSE);
INSERT INTO inv_arrestsurrenderaccused (ArrestSurrenderID, AccusedMasterID) VALUES (5, 16);
INSERT INTO Inv_OccuranceTime (CaseMasterID, OccuranceFromDate, OccuranceToDate, PlaceOfOccurance, latitude, longitude) VALUES (7, '2025-09-08T14:07:00', '2025-09-08T15:07:00', 'Vasa Street, Chamarajanagara', 12.4061465, 76.6340274);
INSERT INTO ChargesheetDetails (CSID, CaseMasterID, csdate, cstype, PolicePersonID) VALUES (3, 7, '2025-10-17', 'A', 17);

INSERT INTO CaseMaster (CaseMasterID, CrimeNo, CaseNo, CrimeRegisteredDate, PolicePersonID, PoliceStationID, CaseCategoryID, GravityOffenceID, CrimeMajorHeadID, CrimeMinorHeadID, CaseStatusID, CourtID, IncidentFromDate, IncidentToDate, InfoReceivedPSDate, latitude, longitude, BriefFacts) VALUES (8, '800200019202600001', '202600001', '2026-04-14', 43, 19, 8, 1, 5, 29, 1, 30, '2026-04-14T04:04:00', '2026-04-14T07:04:00', '2026-04-14T19:04:00', 12.2342336, 76.6784828, 'A cyber fraud was reported by Tanmayi Deol. The accused posed as a bank official and obtained OTP and banking credentials through a phone call on 2026-04-14. An amount of Rs. 2500000 was fraudulently transferred from the complainant''s account.');
INSERT INTO ComplainantDetails (ComplainantID, CaseMasterID, ComplainantName, AgeYear, OccupationID, ReligionID, CasteID, GenderID) VALUES (8, 8, 'Tanmayi Deol', 38, 8, 6, 1, 2);
INSERT INTO Victim (VictimMasterID, CaseMasterID, VictimName, AgeYear, GenderID, VictimPolice) VALUES (11, 8, 'Edhitha Savant', 17, 2, '0');
INSERT INTO Victim (VictimMasterID, CaseMasterID, VictimName, AgeYear, GenderID, VictimPolice) VALUES (12, 8, 'Yug Malhotra', 43, 1, '1');
INSERT INTO Victim (VictimMasterID, CaseMasterID, VictimName, AgeYear, GenderID, VictimPolice) VALUES (13, 8, 'William Maharaj', 12, 2, '0');
INSERT INTO Accused (AccusedMasterID, CaseMasterID, AccusedName, AgeYear, GenderID, PersonID) VALUES (17, 8, 'Sanaya Dutt', 33, 2, 'A1');
INSERT INTO Accused (AccusedMasterID, CaseMasterID, AccusedName, AgeYear, GenderID, PersonID) VALUES (18, 8, 'Faras Mangal', 29, 1, 'A2');
INSERT INTO ActSectionAssociation (CaseMasterID, ActID, SectionID, ActOrderID, SectionOrderID) VALUES (8, 'IPC', '148', 1, 1);
INSERT INTO Inv_OccuranceTime (CaseMasterID, OccuranceFromDate, OccuranceToDate, PlaceOfOccurance, latitude, longitude) VALUES (8, '2026-04-14T04:04:00', '2026-04-14T07:04:00', 'Sengupta Chowk, Haveri', 12.2342336, 76.6784828);

INSERT INTO CaseMaster (CaseMasterID, CrimeNo, CaseNo, CrimeRegisteredDate, PolicePersonID, PoliceStationID, CaseCategoryID, GravityOffenceID, CrimeMajorHeadID, CrimeMinorHeadID, CaseStatusID, CourtID, IncidentFromDate, IncidentToDate, InfoReceivedPSDate, latitude, longitude, BriefFacts) VALUES (9, '800230022202400001', '202400001', '2024-03-27', 31, 22, 8, 4, 7, 38, 1, 30, '2024-03-27T14:57:00', '2024-03-27T16:57:00', '2024-03-28T02:57:00', 14.7169935, 77.0007832, 'The complainant Ekaja Zachariah, a shopkeeper at Rajagopal Ganj, Ramanagara, reported that the accused Hredhaan Dugal along with others robbed the shop at knife-point on 2024-03-27 and fled with cash Rs. 1000000 and valuables.');
INSERT INTO ComplainantDetails (ComplainantID, CaseMasterID, ComplainantName, AgeYear, OccupationID, ReligionID, CasteID, GenderID) VALUES (9, 9, 'Ekaja Zachariah', 21, 13, 3, 1, 1);
INSERT INTO Victim (VictimMasterID, CaseMasterID, VictimName, AgeYear, GenderID, VictimPolice) VALUES (14, 9, 'Lakshit Dora', 68, 2, '0');
INSERT INTO Victim (VictimMasterID, CaseMasterID, VictimName, AgeYear, GenderID, VictimPolice) VALUES (15, 9, 'Tanish Bhatt', 34, 3, '0');
INSERT INTO Victim (VictimMasterID, CaseMasterID, VictimName, AgeYear, GenderID, VictimPolice) VALUES (16, 9, 'Nikita Narayanan', 33, 3, '0');
INSERT INTO Accused (AccusedMasterID, CaseMasterID, AccusedName, AgeYear, GenderID, PersonID) VALUES (19, 9, 'Hredhaan Dugal', 26, 1, 'A1');
INSERT INTO ActSectionAssociation (CaseMasterID, ActID, SectionID, ActOrderID, SectionOrderID) VALUES (9, 'IPC', '395', 1, 1);
INSERT INTO ActSectionAssociation (CaseMasterID, ActID, SectionID, ActOrderID, SectionOrderID) VALUES (9, 'ITA', '66', 2, 2);
INSERT INTO ActSectionAssociation (CaseMasterID, ActID, SectionID, ActOrderID, SectionOrderID) VALUES (9, 'POCSO', '8', 3, 3);
INSERT INTO ArrestSurrender (ArrestSurrenderID, CaseMasterID, ArrestSurrenderTypeID, ArrestSurrenderDate, ArrestSurrenderStateId, ArrestSurrenderDistrictId, PoliceStationID, IOID, CourtID, AccusedMasterID, IsAccused, IsComplainantAccused) VALUES (6, 9, 2, '2024-05-13', 1, 23, 22, 23, 30, 19, TRUE, FALSE);
INSERT INTO inv_arrestsurrenderaccused (ArrestSurrenderID, AccusedMasterID) VALUES (6, 19);
INSERT INTO Inv_OccuranceTime (CaseMasterID, OccuranceFromDate, OccuranceToDate, PlaceOfOccurance, latitude, longitude) VALUES (9, '2024-03-27T14:57:00', '2024-03-27T16:57:00', 'Rajagopal Ganj, Ramanagara', 14.7169935, 77.0007832);

INSERT INTO CaseMaster (CaseMasterID, CrimeNo, CaseNo, CrimeRegisteredDate, PolicePersonID, PoliceStationID, CaseCategoryID, GravityOffenceID, CrimeMajorHeadID, CrimeMinorHeadID, CaseStatusID, CourtID, IncidentFromDate, IncidentToDate, InfoReceivedPSDate, latitude, longitude, BriefFacts) VALUES (10, '200060005202500001', '202500001', '2025-02-27', 70, 5, 2, 3, 6, 34, 2, 18, '2025-02-27T15:51:00', '2025-02-27T17:51:00', '2025-02-28T04:51:00', 13.2987906, 77.7111042, 'The deceased Lopa Bahri, aged 22, was found dead under suspicious circumstances at Misra Path, Belagavi on 2025-02-27. The investigation revealed that the accused Vansha Ahuja, who is a relative of the deceased, had a dispute over property worth Rs. 500000.');
INSERT INTO ComplainantDetails (ComplainantID, CaseMasterID, ComplainantName, AgeYear, OccupationID, ReligionID, CasteID, GenderID) VALUES (10, 10, 'David Jhaveri', 36, 13, 7, 3, 1);
INSERT INTO Victim (VictimMasterID, CaseMasterID, VictimName, AgeYear, GenderID, VictimPolice) VALUES (17, 10, 'Lopa Bahri', 65, 1, '0');
INSERT INTO Accused (AccusedMasterID, CaseMasterID, AccusedName, AgeYear, GenderID, PersonID) VALUES (20, 10, 'Vansha Ahuja', 38, 1, 'A1');
INSERT INTO Accused (AccusedMasterID, CaseMasterID, AccusedName, AgeYear, GenderID, PersonID) VALUES (21, 10, 'Oni Yohannan', 47, 2, 'A2');
INSERT INTO Accused (AccusedMasterID, CaseMasterID, AccusedName, AgeYear, GenderID, PersonID) VALUES (22, 10, 'Vinaya Kanda', 25, 1, 'A3');
INSERT INTO Accused (AccusedMasterID, CaseMasterID, AccusedName, AgeYear, GenderID, PersonID) VALUES (23, 10, 'William Lanka', 37, 2, 'A4');
INSERT INTO Accused (AccusedMasterID, CaseMasterID, AccusedName, AgeYear, GenderID, PersonID) VALUES (24, 10, 'Yash Pingle', 52, 1, 'A5');
INSERT INTO ActSectionAssociation (CaseMasterID, ActID, SectionID, ActOrderID, SectionOrderID) VALUES (10, 'ITA', '66D', 1, 1);
INSERT INTO ActSectionAssociation (CaseMasterID, ActID, SectionID, ActOrderID, SectionOrderID) VALUES (10, 'ITA', '66C', 2, 2);
INSERT INTO Inv_OccuranceTime (CaseMasterID, OccuranceFromDate, OccuranceToDate, PlaceOfOccurance, latitude, longitude) VALUES (10, '2025-02-27T15:51:00', '2025-02-27T17:51:00', 'Misra Path, Belagavi', 13.2987906, 77.7111042);
INSERT INTO ChargesheetDetails (CSID, CaseMasterID, csdate, cstype, PolicePersonID) VALUES (4, 10, '2025-04-23', 'A', 63);

INSERT INTO CaseMaster (CaseMasterID, CrimeNo, CaseNo, CrimeRegisteredDate, PolicePersonID, PoliceStationID, CaseCategoryID, GravityOffenceID, CrimeMajorHeadID, CrimeMinorHeadID, CaseStatusID, CourtID, IncidentFromDate, IncidentToDate, InfoReceivedPSDate, latitude, longitude, BriefFacts) VALUES (11, '800150014202400001', '202400001', '2024-05-08', 36, 14, 8, 1, 4, 24, 1, 29, '2024-05-08T21:23:00', '2024-05-09T01:23:00', '2024-05-09T11:23:00', 17.4881514, 74.4470958, 'On 2024-05-08, the complainant Ayush Ramachandran reported that their car bearing registration number KA-09-ZS-4362 was stolen from Ramesh Nagar, Chitradurga. The vehicle was parked outside a shopping mall and was found missing when the complainant returned.');
INSERT INTO ComplainantDetails (ComplainantID, CaseMasterID, ComplainantName, AgeYear, OccupationID, ReligionID, CasteID, GenderID) VALUES (11, 11, 'Ayush Ramachandran', 34, 11, 7, 2, 1);
INSERT INTO Victim (VictimMasterID, CaseMasterID, VictimName, AgeYear, GenderID, VictimPolice) VALUES (18, 11, 'Nidhi Gandhi', 23, 1, '0');
INSERT INTO Accused (AccusedMasterID, CaseMasterID, AccusedName, AgeYear, GenderID, PersonID) VALUES (25, 11, 'Joshua Walla', 25, 1, 'A1');
INSERT INTO Accused (AccusedMasterID, CaseMasterID, AccusedName, AgeYear, GenderID, PersonID) VALUES (26, 11, 'Hredhaan Dugal', 33, 2, 'A2');
INSERT INTO Accused (AccusedMasterID, CaseMasterID, AccusedName, AgeYear, GenderID, PersonID) VALUES (27, 11, 'Nakul Sarma', 21, 1, 'A3');
INSERT INTO ActSectionAssociation (CaseMasterID, ActID, SectionID, ActOrderID, SectionOrderID) VALUES (11, 'ITA', '66', 1, 1);
INSERT INTO ActSectionAssociation (CaseMasterID, ActID, SectionID, ActOrderID, SectionOrderID) VALUES (11, 'IPC', '509', 2, 2);
INSERT INTO ActSectionAssociation (CaseMasterID, ActID, SectionID, ActOrderID, SectionOrderID) VALUES (11, 'ITA', '66D', 3, 3);
INSERT INTO ArrestSurrender (ArrestSurrenderID, CaseMasterID, ArrestSurrenderTypeID, ArrestSurrenderDate, ArrestSurrenderStateId, ArrestSurrenderDistrictId, PoliceStationID, IOID, CourtID, AccusedMasterID, IsAccused, IsComplainantAccused) VALUES (7, 11, 1, '2024-06-09', 1, 15, 14, 79, 29, 26, TRUE, FALSE);
INSERT INTO inv_arrestsurrenderaccused (ArrestSurrenderID, AccusedMasterID) VALUES (7, 26);
INSERT INTO Inv_OccuranceTime (CaseMasterID, OccuranceFromDate, OccuranceToDate, PlaceOfOccurance, latitude, longitude) VALUES (11, '2024-05-08T21:23:00', '2024-05-09T01:23:00', 'Ramesh Nagar, Chitradurga', 17.4881514, 74.4470958);

INSERT INTO CaseMaster (CaseMasterID, CrimeNo, CaseNo, CrimeRegisteredDate, PolicePersonID, PoliceStationID, CaseCategoryID, GravityOffenceID, CrimeMajorHeadID, CrimeMinorHeadID, CaseStatusID, CourtID, IncidentFromDate, IncidentToDate, InfoReceivedPSDate, latitude, longitude, BriefFacts) VALUES (12, '100250024202500001', '202500001', '2025-04-22', 67, 24, 1, 3, 5, 30, 2, 2, '2025-04-22T03:31:00', '2025-04-22T06:31:00', '2025-04-22T07:31:00', 15.8799521, 74.4545396, 'A case of cheating was reported by Fiyaz Sangha stating that the accused Abha Raghavan fraudulently obtained Rs. 2500000 by promising a job in a government department. The accused collected money over a period of 14 months and disappeared.');
INSERT INTO ComplainantDetails (ComplainantID, CaseMasterID, ComplainantName, AgeYear, OccupationID, ReligionID, CasteID, GenderID) VALUES (12, 12, 'Fiyaz Sangha', 61, 7, 4, 4, 1);
INSERT INTO Victim (VictimMasterID, CaseMasterID, VictimName, AgeYear, GenderID, VictimPolice) VALUES (19, 12, 'Triya Gopal', 63, 2, '0');
INSERT INTO Accused (AccusedMasterID, CaseMasterID, AccusedName, AgeYear, GenderID, PersonID) VALUES (28, 12, 'Abha Raghavan', 45, 2, 'A1');
INSERT INTO ActSectionAssociation (CaseMasterID, ActID, SectionID, ActOrderID, SectionOrderID) VALUES (12, 'POCSO', '6', 1, 1);
INSERT INTO ActSectionAssociation (CaseMasterID, ActID, SectionID, ActOrderID, SectionOrderID) VALUES (12, 'NDPS', '27', 2, 2);
INSERT INTO ActSectionAssociation (CaseMasterID, ActID, SectionID, ActOrderID, SectionOrderID) VALUES (12, 'ITA', '66', 3, 3);
INSERT INTO ArrestSurrender (ArrestSurrenderID, CaseMasterID, ArrestSurrenderTypeID, ArrestSurrenderDate, ArrestSurrenderStateId, ArrestSurrenderDistrictId, PoliceStationID, IOID, CourtID, AccusedMasterID, IsAccused, IsComplainantAccused) VALUES (8, 12, 1, '2025-05-19', 1, 25, 24, 48, 2, 28, TRUE, FALSE);
INSERT INTO inv_arrestsurrenderaccused (ArrestSurrenderID, AccusedMasterID) VALUES (8, 28);
INSERT INTO Inv_OccuranceTime (CaseMasterID, OccuranceFromDate, OccuranceToDate, PlaceOfOccurance, latitude, longitude) VALUES (12, '2025-04-22T03:31:00', '2025-04-22T06:31:00', 'Kakar Path, Chikkamagaluru', 15.8799521, 74.4545396);
INSERT INTO ChargesheetDetails (CSID, CaseMasterID, csdate, cstype, PolicePersonID) VALUES (5, 12, '2025-06-24', 'A', 72);

INSERT INTO CaseMaster (CaseMasterID, CrimeNo, CaseNo, CrimeRegisteredDate, PolicePersonID, PoliceStationID, CaseCategoryID, GravityOffenceID, CrimeMajorHeadID, CrimeMinorHeadID, CaseStatusID, CourtID, IncidentFromDate, IncidentToDate, InfoReceivedPSDate, latitude, longitude, BriefFacts) VALUES (13, '100200019202400001', '202400001', '2024-11-23', 72, 19, 1, 3, 8, 43, 1, 23, '2024-11-23T23:03:00', '2024-11-24T01:03:00', '2024-11-24T10:03:00', 18.0879091, 75.9032159, 'On 2024-11-23, the complainant Ladli Mall reported that their two-wheeler bearing registration number KA-49-IS-4705 was stolen from Bahl Chowk, Haveri. The vehicle was parked outside the office and was found missing when the complainant returned.');
INSERT INTO ComplainantDetails (ComplainantID, CaseMasterID, ComplainantName, AgeYear, OccupationID, ReligionID, CasteID, GenderID) VALUES (13, 13, 'Ladli Mall', 21, 9, 1, 2, 2);
INSERT INTO Victim (VictimMasterID, CaseMasterID, VictimName, AgeYear, GenderID, VictimPolice) VALUES (20, 13, 'Zayyan Bumb', 44, 2, '0');
INSERT INTO Victim (VictimMasterID, CaseMasterID, VictimName, AgeYear, GenderID, VictimPolice) VALUES (21, 13, 'Inaya Kapur', 28, 1, '0');
INSERT INTO Accused (AccusedMasterID, CaseMasterID, AccusedName, AgeYear, GenderID, PersonID) VALUES (29, 13, 'Aarush Nath', 27, 1, 'A1');
INSERT INTO Accused (AccusedMasterID, CaseMasterID, AccusedName, AgeYear, GenderID, PersonID) VALUES (30, 13, 'Aarush Nath', 31, 2, 'A2');
INSERT INTO ActSectionAssociation (CaseMasterID, ActID, SectionID, ActOrderID, SectionOrderID) VALUES (13, 'ITA', '66D', 1, 1);
INSERT INTO ActSectionAssociation (CaseMasterID, ActID, SectionID, ActOrderID, SectionOrderID) VALUES (13, 'NDPS', '22', 2, 2);
INSERT INTO ArrestSurrender (ArrestSurrenderID, CaseMasterID, ArrestSurrenderTypeID, ArrestSurrenderDate, ArrestSurrenderStateId, ArrestSurrenderDistrictId, PoliceStationID, IOID, CourtID, AccusedMasterID, IsAccused, IsComplainantAccused) VALUES (9, 13, 1, '2024-12-02', 1, 20, 19, 80, 23, 29, TRUE, FALSE);
INSERT INTO inv_arrestsurrenderaccused (ArrestSurrenderID, AccusedMasterID) VALUES (9, 29);
INSERT INTO ArrestSurrender (ArrestSurrenderID, CaseMasterID, ArrestSurrenderTypeID, ArrestSurrenderDate, ArrestSurrenderStateId, ArrestSurrenderDistrictId, PoliceStationID, IOID, CourtID, AccusedMasterID, IsAccused, IsComplainantAccused) VALUES (10, 13, 1, '2024-11-26', 1, 20, 19, 35, 23, 30, TRUE, FALSE);
INSERT INTO inv_arrestsurrenderaccused (ArrestSurrenderID, AccusedMasterID) VALUES (10, 30);
INSERT INTO Inv_OccuranceTime (CaseMasterID, OccuranceFromDate, OccuranceToDate, PlaceOfOccurance, latitude, longitude) VALUES (13, '2024-11-23T23:03:00', '2024-11-24T01:03:00', 'Bahl Chowk, Haveri', 18.0879091, 75.9032159);

INSERT INTO CaseMaster (CaseMasterID, CrimeNo, CaseNo, CrimeRegisteredDate, PolicePersonID, PoliceStationID, CaseCategoryID, GravityOffenceID, CrimeMajorHeadID, CrimeMinorHeadID, CaseStatusID, CourtID, IncidentFromDate, IncidentToDate, InfoReceivedPSDate, latitude, longitude, BriefFacts) VALUES (14, '400230022202500001', '202500001', '2025-06-25', 55, 22, 4, 4, 7, 39, 2, 18, '2025-06-25T09:43:00', '2025-06-25T13:43:00', '2025-06-25T20:43:00', 12.9085212, 74.8772584, 'On 2025-06-25, the complainant Azaan Kota reported that their auto-rickshaw bearing registration number KA-19-KD-1126 was stolen from Kamdar Zila, Ramanagara. The vehicle was parked outside the office and was found missing when the complainant returned.');
INSERT INTO ComplainantDetails (ComplainantID, CaseMasterID, ComplainantName, AgeYear, OccupationID, ReligionID, CasteID, GenderID) VALUES (14, 14, 'Azaan Kota', 34, 12, 1, 4, 1);
INSERT INTO Victim (VictimMasterID, CaseMasterID, VictimName, AgeYear, GenderID, VictimPolice) VALUES (22, 14, 'Anmol Dua', 63, 1, '0');
INSERT INTO Accused (AccusedMasterID, CaseMasterID, AccusedName, AgeYear, GenderID, PersonID) VALUES (31, 14, 'Jonathan Solanki', 54, 2, 'A1');
INSERT INTO Accused (AccusedMasterID, CaseMasterID, AccusedName, AgeYear, GenderID, PersonID) VALUES (32, 14, 'Aahana Pillay', 44, 2, 'A2');
INSERT INTO ActSectionAssociation (CaseMasterID, ActID, SectionID, ActOrderID, SectionOrderID) VALUES (14, 'ITA', '66', 1, 1);
INSERT INTO Inv_OccuranceTime (CaseMasterID, OccuranceFromDate, OccuranceToDate, PlaceOfOccurance, latitude, longitude) VALUES (14, '2025-06-25T09:43:00', '2025-06-25T13:43:00', 'Kamdar Zila, Ramanagara', 12.9085212, 74.8772584);
INSERT INTO ChargesheetDetails (CSID, CaseMasterID, csdate, cstype, PolicePersonID) VALUES (6, 14, '2025-09-06', 'A', 80);

INSERT INTO CaseMaster (CaseMasterID, CrimeNo, CaseNo, CrimeRegisteredDate, PolicePersonID, PoliceStationID, CaseCategoryID, GravityOffenceID, CrimeMajorHeadID, CrimeMinorHeadID, CaseStatusID, CourtID, IncidentFromDate, IncidentToDate, InfoReceivedPSDate, latitude, longitude, BriefFacts) VALUES (15, '400280027202400001', '202400001', '2024-01-13', 47, 27, 4, 1, 5, 28, 4, 16, '2024-01-13T09:47:00', '2024-01-13T11:47:00', '2024-01-13T14:47:00', 15.8000784, 74.4901719, 'The victim Atharv Muni, aged 51, was assaulted by the accused Aarush Nath near Prashad, Dharwad on 2024-01-13 at approximately 9:15 AM. The accused used a sharp weapon causing grievous injuries. The victim was rushed to Manipal Hospital for treatment.');
INSERT INTO ComplainantDetails (ComplainantID, CaseMasterID, ComplainantName, AgeYear, OccupationID, ReligionID, CasteID, GenderID) VALUES (15, 15, 'Nihal Mukhopadhyay', 60, 16, 4, 5, 2);
INSERT INTO Victim (VictimMasterID, CaseMasterID, VictimName, AgeYear, GenderID, VictimPolice) VALUES (23, 15, 'Atharv Muni', 46, 3, '0');
INSERT INTO Accused (AccusedMasterID, CaseMasterID, AccusedName, AgeYear, GenderID, PersonID) VALUES (33, 15, 'Aarush Nath', 48, 2, 'A1');
INSERT INTO Accused (AccusedMasterID, CaseMasterID, AccusedName, AgeYear, GenderID, PersonID) VALUES (34, 15, 'Rushil Borra', 35, 1, 'A2');
INSERT INTO ActSectionAssociation (CaseMasterID, ActID, SectionID, ActOrderID, SectionOrderID) VALUES (15, 'IPC', '395', 1, 1);
INSERT INTO ActSectionAssociation (CaseMasterID, ActID, SectionID, ActOrderID, SectionOrderID) VALUES (15, 'ITA', '67', 2, 2);
INSERT INTO ArrestSurrender (ArrestSurrenderID, CaseMasterID, ArrestSurrenderTypeID, ArrestSurrenderDate, ArrestSurrenderStateId, ArrestSurrenderDistrictId, PoliceStationID, IOID, CourtID, AccusedMasterID, IsAccused, IsComplainantAccused) VALUES (11, 15, 1, '2024-02-23', 1, 28, 27, 79, 16, 34, TRUE, FALSE);
INSERT INTO inv_arrestsurrenderaccused (ArrestSurrenderID, AccusedMasterID) VALUES (11, 34);
INSERT INTO ArrestSurrender (ArrestSurrenderID, CaseMasterID, ArrestSurrenderTypeID, ArrestSurrenderDate, ArrestSurrenderStateId, ArrestSurrenderDistrictId, PoliceStationID, IOID, CourtID, AccusedMasterID, IsAccused, IsComplainantAccused) VALUES (12, 15, 2, '2024-02-20', 1, 28, 27, 60, 16, 33, TRUE, FALSE);
INSERT INTO inv_arrestsurrenderaccused (ArrestSurrenderID, AccusedMasterID) VALUES (12, 33);
INSERT INTO Inv_OccuranceTime (CaseMasterID, OccuranceFromDate, OccuranceToDate, PlaceOfOccurance, latitude, longitude) VALUES (15, '2024-01-13T09:47:00', '2024-01-13T11:47:00', 'Prashad, Dharwad', 15.8000784, 74.4901719);

INSERT INTO CaseMaster (CaseMasterID, CrimeNo, CaseNo, CrimeRegisteredDate, PolicePersonID, PoliceStationID, CaseCategoryID, GravityOffenceID, CrimeMajorHeadID, CrimeMinorHeadID, CaseStatusID, CourtID, IncidentFromDate, IncidentToDate, InfoReceivedPSDate, latitude, longitude, BriefFacts) VALUES (16, '800190018202500001', '202500001', '2025-04-22', 6, 18, 8, 4, 6, 37, 3, 21, '2025-04-22T14:06:00', '2025-04-22T16:06:00', '2025-04-23T03:06:00', 15.0095711, 78.3097506, 'On 2025-04-22, the complainant Harsh Mitra reported that unknown persons broke into their residence at Sangha Circle, Gadag and stole cash amounting to Rs. 2500000 and gold ornaments. The accused Benjamin Palan was later identified through CCTV footage from a nearby shop.');
INSERT INTO ComplainantDetails (ComplainantID, CaseMasterID, ComplainantName, AgeYear, OccupationID, ReligionID, CasteID, GenderID) VALUES (16, 16, 'Harsh Mitra', 24, 11, 1, 5, 2);
INSERT INTO Victim (VictimMasterID, CaseMasterID, VictimName, AgeYear, GenderID, VictimPolice) VALUES (24, 16, 'Harsh Mitra', 24, 2, '0');
INSERT INTO Accused (AccusedMasterID, CaseMasterID, AccusedName, AgeYear, GenderID, PersonID) VALUES (35, 16, 'Benjamin Palan', 40, 2, 'A1');
INSERT INTO Accused (AccusedMasterID, CaseMasterID, AccusedName, AgeYear, GenderID, PersonID) VALUES (36, 16, 'Ekapad Toor', 43, 1, 'A2');
INSERT INTO Accused (AccusedMasterID, CaseMasterID, AccusedName, AgeYear, GenderID, PersonID) VALUES (37, 16, 'Advik Salvi', 23, 2, 'A3');
INSERT INTO ActSectionAssociation (CaseMasterID, ActID, SectionID, ActOrderID, SectionOrderID) VALUES (16, 'ITA', '66D', 1, 1);
INSERT INTO ActSectionAssociation (CaseMasterID, ActID, SectionID, ActOrderID, SectionOrderID) VALUES (16, 'NDPS', '27', 2, 2);
INSERT INTO ActSectionAssociation (CaseMasterID, ActID, SectionID, ActOrderID, SectionOrderID) VALUES (16, 'IPC', '149', 3, 3);
INSERT INTO Inv_OccuranceTime (CaseMasterID, OccuranceFromDate, OccuranceToDate, PlaceOfOccurance, latitude, longitude) VALUES (16, '2025-04-22T14:06:00', '2025-04-22T16:06:00', 'Sangha Circle, Gadag', 15.0095711, 78.3097506);

INSERT INTO CaseMaster (CaseMasterID, CrimeNo, CaseNo, CrimeRegisteredDate, PolicePersonID, PoliceStationID, CaseCategoryID, GravityOffenceID, CrimeMajorHeadID, CrimeMinorHeadID, CaseStatusID, CourtID, IncidentFromDate, IncidentToDate, InfoReceivedPSDate, latitude, longitude, BriefFacts) VALUES (17, '800130012202500001', '202500001', '2025-12-31', 3, 12, 8, 3, 3, 20, 1, 14, '2025-12-31T04:04:00', '2025-12-31T06:04:00', '2025-12-31T18:04:00', 15.9319912, 74.7134465, 'On 2025-12-31, the Anti-Narcotics squad conducted a raid at Vig Street, Davanagere and seized 250 grams of hashish from the possession of the accused Michael Saran. The accused was found to be part of a supply chain operating across Chikkaballapura and Ballari.');
INSERT INTO ComplainantDetails (ComplainantID, CaseMasterID, ComplainantName, AgeYear, OccupationID, ReligionID, CasteID, GenderID) VALUES (17, 17, 'Rachita Pathak', 48, 10, 7, 4, 1);
INSERT INTO Victim (VictimMasterID, CaseMasterID, VictimName, AgeYear, GenderID, VictimPolice) VALUES (25, 17, 'Rachita Pathak', 44, 2, '0');
INSERT INTO Accused (AccusedMasterID, CaseMasterID, AccusedName, AgeYear, GenderID, PersonID) VALUES (38, 17, 'Michael Saran', 54, 2, 'A1');
INSERT INTO ActSectionAssociation (CaseMasterID, ActID, SectionID, ActOrderID, SectionOrderID) VALUES (17, 'POCSO', '6', 1, 1);
INSERT INTO ActSectionAssociation (CaseMasterID, ActID, SectionID, ActOrderID, SectionOrderID) VALUES (17, 'ITA', '66C', 2, 2);
INSERT INTO Inv_OccuranceTime (CaseMasterID, OccuranceFromDate, OccuranceToDate, PlaceOfOccurance, latitude, longitude) VALUES (17, '2025-12-31T04:04:00', '2025-12-31T06:04:00', 'Vig Street, Davanagere', 15.9319912, 74.7134465);

INSERT INTO CaseMaster (CaseMasterID, CrimeNo, CaseNo, CrimeRegisteredDate, PolicePersonID, PoliceStationID, CaseCategoryID, GravityOffenceID, CrimeMajorHeadID, CrimeMinorHeadID, CaseStatusID, CourtID, IncidentFromDate, IncidentToDate, InfoReceivedPSDate, latitude, longitude, BriefFacts) VALUES (18, '800060005202600001', '202600001', '2026-06-06', 33, 5, 8, 1, 8, 42, 2, 24, '2026-06-06T03:18:00', '2026-06-06T03:18:00', '2026-06-06T15:18:00', 12.957136, 77.5361346, 'On 2026-06-06, the Anti-Narcotics squad conducted a raid at Chadha Ganj, Belagavi and seized 50 grams of cocaine from the possession of the accused Amrita Naidu. The accused was found to be part of a supply chain operating across Ballari and Bengaluru Urban.');
INSERT INTO ComplainantDetails (ComplainantID, CaseMasterID, ComplainantName, AgeYear, OccupationID, ReligionID, CasteID, GenderID) VALUES (18, 18, 'Veda Shroff', 40, 4, 7, 3, 1);
INSERT INTO Victim (VictimMasterID, CaseMasterID, VictimName, AgeYear, GenderID, VictimPolice) VALUES (26, 18, 'Veda Shroff', 41, 2, '0');
INSERT INTO Accused (AccusedMasterID, CaseMasterID, AccusedName, AgeYear, GenderID, PersonID) VALUES (39, 18, 'Amrita Naidu', 48, 2, 'A1');
INSERT INTO ActSectionAssociation (CaseMasterID, ActID, SectionID, ActOrderID, SectionOrderID) VALUES (18, 'IPC', '511', 1, 1);
INSERT INTO ActSectionAssociation (CaseMasterID, ActID, SectionID, ActOrderID, SectionOrderID) VALUES (18, 'IPC', '302', 2, 2);
INSERT INTO ActSectionAssociation (CaseMasterID, ActID, SectionID, ActOrderID, SectionOrderID) VALUES (18, 'POCSO', '4', 3, 3);
INSERT INTO Inv_OccuranceTime (CaseMasterID, OccuranceFromDate, OccuranceToDate, PlaceOfOccurance, latitude, longitude) VALUES (18, '2026-06-06T03:18:00', '2026-06-06T03:18:00', 'Chadha Ganj, Belagavi', 12.957136, 77.5361346);
INSERT INTO ChargesheetDetails (CSID, CaseMasterID, csdate, cstype, PolicePersonID) VALUES (7, 18, '2026-11-23', 'A', 78);

INSERT INTO CaseMaster (CaseMasterID, CrimeNo, CaseNo, CrimeRegisteredDate, PolicePersonID, PoliceStationID, CaseCategoryID, GravityOffenceID, CrimeMajorHeadID, CrimeMinorHeadID, CaseStatusID, CourtID, IncidentFromDate, IncidentToDate, InfoReceivedPSDate, latitude, longitude, BriefFacts) VALUES (19, '800150014202400002', '202400002', '2024-05-14', 15, 14, 8, 3, 2, 16, 1, 4, '2024-05-14T15:38:00', '2024-05-14T19:38:00', '2024-05-14T19:38:00', 12.8451364, 74.8489526, 'A case of cheating was reported by Yagnesh Shetty stating that the accused Ekta Gopal fraudulently obtained Rs. 50000 by promising a job in a government department. The accused collected money over a period of 7 months and disappeared.');
INSERT INTO ComplainantDetails (ComplainantID, CaseMasterID, ComplainantName, AgeYear, OccupationID, ReligionID, CasteID, GenderID) VALUES (19, 19, 'Yagnesh Shetty', 44, 16, 1, 4, 2);
INSERT INTO Victim (VictimMasterID, CaseMasterID, VictimName, AgeYear, GenderID, VictimPolice) VALUES (27, 19, 'Gayathri Balakrishnan', 7, 2, '0');
INSERT INTO Accused (AccusedMasterID, CaseMasterID, AccusedName, AgeYear, GenderID, PersonID) VALUES (40, 19, 'Ekta Gopal', 24, 2, 'A1');
INSERT INTO ActSectionAssociation (CaseMasterID, ActID, SectionID, ActOrderID, SectionOrderID) VALUES (19, 'IPC', '406', 1, 1);
INSERT INTO ArrestSurrender (ArrestSurrenderID, CaseMasterID, ArrestSurrenderTypeID, ArrestSurrenderDate, ArrestSurrenderStateId, ArrestSurrenderDistrictId, PoliceStationID, IOID, CourtID, AccusedMasterID, IsAccused, IsComplainantAccused) VALUES (13, 19, 2, '2024-06-27', 1, 15, 14, 24, 4, 40, TRUE, FALSE);
INSERT INTO inv_arrestsurrenderaccused (ArrestSurrenderID, AccusedMasterID) VALUES (13, 40);
INSERT INTO Inv_OccuranceTime (CaseMasterID, OccuranceFromDate, OccuranceToDate, PlaceOfOccurance, latitude, longitude) VALUES (19, '2024-05-14T15:38:00', '2024-05-14T19:38:00', 'Kala Chowk, Chitradurga', 12.8451364, 74.8489526);

INSERT INTO CaseMaster (CaseMasterID, CrimeNo, CaseNo, CrimeRegisteredDate, PolicePersonID, PoliceStationID, CaseCategoryID, GravityOffenceID, CrimeMajorHeadID, CrimeMinorHeadID, CaseStatusID, CourtID, IncidentFromDate, IncidentToDate, InfoReceivedPSDate, latitude, longitude, BriefFacts) VALUES (20, '200040003202400001', '202400001', '2024-08-05', 59, 3, 2, 1, 3, 19, 1, 13, '2024-08-05T12:52:00', '2024-08-05T16:52:00', '2024-08-05T23:52:00', 13.7091707, 75.3953415, 'On 2024-08-05, the complainant Harini Mammen reported that their auto-rickshaw bearing registration number KA-28-MX-8204 was stolen from Chada Ganj, Mangaluru (DK). The vehicle was parked outside the office and was found missing when the complainant returned.');
INSERT INTO ComplainantDetails (ComplainantID, CaseMasterID, ComplainantName, AgeYear, OccupationID, ReligionID, CasteID, GenderID) VALUES (20, 20, 'Harini Mammen', 53, 9, 7, 1, 2);
INSERT INTO Victim (VictimMasterID, CaseMasterID, VictimName, AgeYear, GenderID, VictimPolice) VALUES (28, 20, 'Harini Mammen', 28, 3, '0');
INSERT INTO Accused (AccusedMasterID, CaseMasterID, AccusedName, AgeYear, GenderID, PersonID) VALUES (41, 20, 'Advaith Varughese', 38, 2, 'A1');
INSERT INTO ActSectionAssociation (CaseMasterID, ActID, SectionID, ActOrderID, SectionOrderID) VALUES (20, 'ITA', '67', 1, 1);
INSERT INTO ActSectionAssociation (CaseMasterID, ActID, SectionID, ActOrderID, SectionOrderID) VALUES (20, 'NDPS', '27', 2, 2);
INSERT INTO ArrestSurrender (ArrestSurrenderID, CaseMasterID, ArrestSurrenderTypeID, ArrestSurrenderDate, ArrestSurrenderStateId, ArrestSurrenderDistrictId, PoliceStationID, IOID, CourtID, AccusedMasterID, IsAccused, IsComplainantAccused) VALUES (14, 20, 2, '2024-09-20', 1, 4, 3, 79, 13, 41, TRUE, FALSE);
INSERT INTO inv_arrestsurrenderaccused (ArrestSurrenderID, AccusedMasterID) VALUES (14, 41);
INSERT INTO Inv_OccuranceTime (CaseMasterID, OccuranceFromDate, OccuranceToDate, PlaceOfOccurance, latitude, longitude) VALUES (20, '2024-08-05T12:52:00', '2024-08-05T16:52:00', 'Chada Ganj, Mangaluru (DK)', 13.7091707, 75.3953415);

INSERT INTO CaseMaster (CaseMasterID, CrimeNo, CaseNo, CrimeRegisteredDate, PolicePersonID, PoliceStationID, CaseCategoryID, GravityOffenceID, CrimeMajorHeadID, CrimeMinorHeadID, CaseStatusID, CourtID, IncidentFromDate, IncidentToDate, InfoReceivedPSDate, latitude, longitude, BriefFacts) VALUES (21, '400100009202400002', '202400002', '2024-04-03', 8, 9, 4, 1, 8, 43, 2, 24, '2024-04-03T19:43:00', '2024-04-03T22:43:00', '2024-04-03T22:43:00', 12.3223421, 76.6312874, 'On 2024-04-03, at about 7:00 AM, the accused Vritti Sem along with 5 associates formed an unlawful assembly near Chander Nagar, Shivamogga and attacked the complainant Vrinda Khosla with lethal weapons resulting in injuries.');
INSERT INTO ComplainantDetails (ComplainantID, CaseMasterID, ComplainantName, AgeYear, OccupationID, ReligionID, CasteID, GenderID) VALUES (21, 21, 'Vrinda Khosla', 27, 1, 6, 2, 2);
INSERT INTO Victim (VictimMasterID, CaseMasterID, VictimName, AgeYear, GenderID, VictimPolice) VALUES (29, 21, 'Vrinda Khosla', 20, 2, '0');
INSERT INTO Accused (AccusedMasterID, CaseMasterID, AccusedName, AgeYear, GenderID, PersonID) VALUES (42, 21, 'Vritti Sem', 31, 2, 'A1');
INSERT INTO Accused (AccusedMasterID, CaseMasterID, AccusedName, AgeYear, GenderID, PersonID) VALUES (43, 21, 'Timothy Ravel', 49, 1, 'A2');
INSERT INTO Accused (AccusedMasterID, CaseMasterID, AccusedName, AgeYear, GenderID, PersonID) VALUES (44, 21, 'Gaurangi Sabharwal', 22, 2, 'A3');
INSERT INTO ActSectionAssociation (CaseMasterID, ActID, SectionID, ActOrderID, SectionOrderID) VALUES (21, 'ITA', '66', 1, 1);
INSERT INTO Inv_OccuranceTime (CaseMasterID, OccuranceFromDate, OccuranceToDate, PlaceOfOccurance, latitude, longitude) VALUES (21, '2024-04-03T19:43:00', '2024-04-03T22:43:00', 'Chander Nagar, Shivamogga', 12.3223421, 76.6312874);
INSERT INTO ChargesheetDetails (CSID, CaseMasterID, csdate, cstype, PolicePersonID) VALUES (8, 21, '2024-07-23', 'A', 45);

INSERT INTO CaseMaster (CaseMasterID, CrimeNo, CaseNo, CrimeRegisteredDate, PolicePersonID, PoliceStationID, CaseCategoryID, GravityOffenceID, CrimeMajorHeadID, CrimeMinorHeadID, CaseStatusID, CourtID, IncidentFromDate, IncidentToDate, InfoReceivedPSDate, latitude, longitude, BriefFacts) VALUES (22, '100190018202500001', '202500001', '2025-08-10', 70, 18, 1, 3, 3, 20, 5, 41, '2025-08-10T06:50:00', '2025-08-10T07:50:00', '2025-08-10T10:50:00', 15.339304, 75.1226015, 'The complainant Jyoti Solanki, a shopkeeper at Setty Path, Gadag, reported that the accused Adweta Edwin along with others robbed the shop at knife-point on 2025-08-10 and fled with cash Rs. 10000 and valuables.');
INSERT INTO ComplainantDetails (ComplainantID, CaseMasterID, ComplainantName, AgeYear, OccupationID, ReligionID, CasteID, GenderID) VALUES (22, 22, 'Jyoti Solanki', 24, 15, 4, 5, 2);
INSERT INTO Victim (VictimMasterID, CaseMasterID, VictimName, AgeYear, GenderID, VictimPolice) VALUES (30, 22, 'Pavani Narayanan', 75, 3, '0');
INSERT INTO Accused (AccusedMasterID, CaseMasterID, AccusedName, AgeYear, GenderID, PersonID) VALUES (45, 22, 'Adweta Edwin', 26, 2, 'A1');
INSERT INTO Accused (AccusedMasterID, CaseMasterID, AccusedName, AgeYear, GenderID, PersonID) VALUES (46, 22, 'Damini Krishnamurthy', 21, 1, 'A2');
INSERT INTO Accused (AccusedMasterID, CaseMasterID, AccusedName, AgeYear, GenderID, PersonID) VALUES (47, 22, 'Jai Hans', 37, 1, 'A3');
INSERT INTO ActSectionAssociation (CaseMasterID, ActID, SectionID, ActOrderID, SectionOrderID) VALUES (22, 'POCSO', '8', 1, 1);
INSERT INTO ArrestSurrender (ArrestSurrenderID, CaseMasterID, ArrestSurrenderTypeID, ArrestSurrenderDate, ArrestSurrenderStateId, ArrestSurrenderDistrictId, PoliceStationID, IOID, CourtID, AccusedMasterID, IsAccused, IsComplainantAccused) VALUES (15, 22, 2, '2025-08-22', 1, 19, 18, 17, 41, 45, TRUE, FALSE);
INSERT INTO inv_arrestsurrenderaccused (ArrestSurrenderID, AccusedMasterID) VALUES (15, 45);
INSERT INTO ArrestSurrender (ArrestSurrenderID, CaseMasterID, ArrestSurrenderTypeID, ArrestSurrenderDate, ArrestSurrenderStateId, ArrestSurrenderDistrictId, PoliceStationID, IOID, CourtID, AccusedMasterID, IsAccused, IsComplainantAccused) VALUES (16, 22, 2, '2025-09-19', 1, 19, 18, 79, 41, 46, TRUE, FALSE);
INSERT INTO inv_arrestsurrenderaccused (ArrestSurrenderID, AccusedMasterID) VALUES (16, 46);
INSERT INTO Inv_OccuranceTime (CaseMasterID, OccuranceFromDate, OccuranceToDate, PlaceOfOccurance, latitude, longitude) VALUES (22, '2025-08-10T06:50:00', '2025-08-10T07:50:00', 'Setty Path, Gadag', 15.339304, 75.1226015);

INSERT INTO CaseMaster (CaseMasterID, CrimeNo, CaseNo, CrimeRegisteredDate, PolicePersonID, PoliceStationID, CaseCategoryID, GravityOffenceID, CrimeMajorHeadID, CrimeMinorHeadID, CaseStatusID, CourtID, IncidentFromDate, IncidentToDate, InfoReceivedPSDate, latitude, longitude, BriefFacts) VALUES (23, '800040003202400001', '202400001', '2024-06-23', 65, 3, 8, 2, 7, 38, 6, 10, '2024-06-23T18:02:00', '2024-06-23T18:02:00', '2024-06-23T19:02:00', 12.8559939, 74.7754947, 'The complainant Rehaan Kalita, a shopkeeper at Mandal, Mangaluru (DK), reported that the accused Aradhana Vohra along with others robbed the shop at knife-point on 2024-06-23 and fled with cash Rs. 500000 and valuables.');
INSERT INTO ComplainantDetails (ComplainantID, CaseMasterID, ComplainantName, AgeYear, OccupationID, ReligionID, CasteID, GenderID) VALUES (23, 23, 'Rehaan Kalita', 23, 6, 4, 4, 2);
INSERT INTO Victim (VictimMasterID, CaseMasterID, VictimName, AgeYear, GenderID, VictimPolice) VALUES (31, 23, 'Rehaan Kalita', 48, 3, '0');
INSERT INTO Accused (AccusedMasterID, CaseMasterID, AccusedName, AgeYear, GenderID, PersonID) VALUES (48, 23, 'Aradhana Vohra', 38, 2, 'A1');
INSERT INTO Accused (AccusedMasterID, CaseMasterID, AccusedName, AgeYear, GenderID, PersonID) VALUES (49, 23, 'Rishi Minhas', 26, 2, 'A2');
INSERT INTO Accused (AccusedMasterID, CaseMasterID, AccusedName, AgeYear, GenderID, PersonID) VALUES (50, 23, 'Jalsa Gola', 24, 2, 'A3');
INSERT INTO Accused (AccusedMasterID, CaseMasterID, AccusedName, AgeYear, GenderID, PersonID) VALUES (51, 23, 'Akshay Walla', 25, 2, 'A4');
INSERT INTO ActSectionAssociation (CaseMasterID, ActID, SectionID, ActOrderID, SectionOrderID) VALUES (23, 'NDPS', '20', 1, 1);
INSERT INTO ActSectionAssociation (CaseMasterID, ActID, SectionID, ActOrderID, SectionOrderID) VALUES (23, 'IPC', '307', 2, 2);
INSERT INTO ArrestSurrender (ArrestSurrenderID, CaseMasterID, ArrestSurrenderTypeID, ArrestSurrenderDate, ArrestSurrenderStateId, ArrestSurrenderDistrictId, PoliceStationID, IOID, CourtID, AccusedMasterID, IsAccused, IsComplainantAccused) VALUES (17, 23, 1, '2024-08-17', 1, 4, 3, 42, 10, 51, TRUE, FALSE);
INSERT INTO inv_arrestsurrenderaccused (ArrestSurrenderID, AccusedMasterID) VALUES (17, 51);
INSERT INTO ArrestSurrender (ArrestSurrenderID, CaseMasterID, ArrestSurrenderTypeID, ArrestSurrenderDate, ArrestSurrenderStateId, ArrestSurrenderDistrictId, PoliceStationID, IOID, CourtID, AccusedMasterID, IsAccused, IsComplainantAccused) VALUES (18, 23, 2, '2024-08-21', 1, 4, 3, 25, 10, 48, TRUE, FALSE);
INSERT INTO inv_arrestsurrenderaccused (ArrestSurrenderID, AccusedMasterID) VALUES (18, 48);
INSERT INTO Inv_OccuranceTime (CaseMasterID, OccuranceFromDate, OccuranceToDate, PlaceOfOccurance, latitude, longitude) VALUES (23, '2024-06-23T18:02:00', '2024-06-23T18:02:00', 'Mandal, Mangaluru (DK)', 12.8559939, 74.7754947);

INSERT INTO CaseMaster (CaseMasterID, CrimeNo, CaseNo, CrimeRegisteredDate, PolicePersonID, PoliceStationID, CaseCategoryID, GravityOffenceID, CrimeMajorHeadID, CrimeMinorHeadID, CaseStatusID, CourtID, IncidentFromDate, IncidentToDate, InfoReceivedPSDate, latitude, longitude, BriefFacts) VALUES (24, '200170016202300001', '202300001', '2023-11-29', 66, 16, 2, 4, 6, 32, 5, 32, '2023-11-29T06:37:00', '2023-11-29T08:37:00', '2023-11-29T08:37:00', 15.7193578, 74.4932394, 'The deceased Chatura Master, aged 36, was found dead under suspicious circumstances at Mane Nagar, Kodagu on 2023-11-29. The investigation revealed that the accused Vritti Chauhan, who is a relative of the deceased, had a dispute over property worth Rs. 500000.');
INSERT INTO ComplainantDetails (ComplainantID, CaseMasterID, ComplainantName, AgeYear, OccupationID, ReligionID, CasteID, GenderID) VALUES (24, 24, 'Chatura Master', 55, 10, 1, 4, 2);
INSERT INTO Victim (VictimMasterID, CaseMasterID, VictimName, AgeYear, GenderID, VictimPolice) VALUES (32, 24, 'Chatura Master', 40, 3, '0');
INSERT INTO Victim (VictimMasterID, CaseMasterID, VictimName, AgeYear, GenderID, VictimPolice) VALUES (33, 24, 'Varenya Sastry', 20, 1, '0');
INSERT INTO Accused (AccusedMasterID, CaseMasterID, AccusedName, AgeYear, GenderID, PersonID) VALUES (52, 24, 'Vritti Chauhan', 39, 2, 'A1');
INSERT INTO ActSectionAssociation (CaseMasterID, ActID, SectionID, ActOrderID, SectionOrderID) VALUES (24, 'NDPS', '27', 1, 1);
INSERT INTO ArrestSurrender (ArrestSurrenderID, CaseMasterID, ArrestSurrenderTypeID, ArrestSurrenderDate, ArrestSurrenderStateId, ArrestSurrenderDistrictId, PoliceStationID, IOID, CourtID, AccusedMasterID, IsAccused, IsComplainantAccused) VALUES (19, 24, 1, '2023-12-01', 1, 17, 16, 43, 32, 52, TRUE, FALSE);
INSERT INTO inv_arrestsurrenderaccused (ArrestSurrenderID, AccusedMasterID) VALUES (19, 52);
INSERT INTO Inv_OccuranceTime (CaseMasterID, OccuranceFromDate, OccuranceToDate, PlaceOfOccurance, latitude, longitude) VALUES (24, '2023-11-29T06:37:00', '2023-11-29T08:37:00', 'Mane Nagar, Kodagu', 15.7193578, 74.4932394);

INSERT INTO CaseMaster (CaseMasterID, CrimeNo, CaseNo, CrimeRegisteredDate, PolicePersonID, PoliceStationID, CaseCategoryID, GravityOffenceID, CrimeMajorHeadID, CrimeMinorHeadID, CaseStatusID, CourtID, IncidentFromDate, IncidentToDate, InfoReceivedPSDate, latitude, longitude, BriefFacts) VALUES (25, '400180017202400001', '202400001', '2024-07-21', 59, 17, 4, 2, 7, 39, 5, 9, '2024-07-21T19:47:00', '2024-07-21T21:47:00', '2024-07-22T06:47:00', 12.8476475, 74.8878975, 'On 2024-07-21, the Anti-Narcotics squad conducted a raid at Dixit Street, Udupi and seized 250 grams of hashish from the possession of the accused Ethan Bera. The accused was found to be part of a supply chain operating across Yadgir and Chikkamagaluru.');
INSERT INTO ComplainantDetails (ComplainantID, CaseMasterID, ComplainantName, AgeYear, OccupationID, ReligionID, CasteID, GenderID) VALUES (25, 25, 'Zayyan Sridhar', 57, 8, 6, 1, 2);
INSERT INTO Victim (VictimMasterID, CaseMasterID, VictimName, AgeYear, GenderID, VictimPolice) VALUES (34, 25, 'Dhruv Rattan', 53, 1, '0');
INSERT INTO Accused (AccusedMasterID, CaseMasterID, AccusedName, AgeYear, GenderID, PersonID) VALUES (53, 25, 'Ethan Bera', 54, 1, 'A1');
INSERT INTO ActSectionAssociation (CaseMasterID, ActID, SectionID, ActOrderID, SectionOrderID) VALUES (25, 'IPC', '506', 1, 1);
INSERT INTO ArrestSurrender (ArrestSurrenderID, CaseMasterID, ArrestSurrenderTypeID, ArrestSurrenderDate, ArrestSurrenderStateId, ArrestSurrenderDistrictId, PoliceStationID, IOID, CourtID, AccusedMasterID, IsAccused, IsComplainantAccused) VALUES (20, 25, 1, '2024-09-03', 1, 18, 17, 53, 9, 53, TRUE, FALSE);
INSERT INTO inv_arrestsurrenderaccused (ArrestSurrenderID, AccusedMasterID) VALUES (20, 53);
INSERT INTO Inv_OccuranceTime (CaseMasterID, OccuranceFromDate, OccuranceToDate, PlaceOfOccurance, latitude, longitude) VALUES (25, '2024-07-21T19:47:00', '2024-07-21T21:47:00', 'Dixit Street, Udupi', 12.8476475, 74.8878975);

INSERT INTO CaseMaster (CaseMasterID, CrimeNo, CaseNo, CrimeRegisteredDate, PolicePersonID, PoliceStationID, CaseCategoryID, GravityOffenceID, CrimeMajorHeadID, CrimeMinorHeadID, CaseStatusID, CourtID, IncidentFromDate, IncidentToDate, InfoReceivedPSDate, latitude, longitude, BriefFacts) VALUES (26, '800260025202500001', '202500001', '2025-12-19', 79, 25, 8, 4, 1, 4, 3, 34, '2025-12-19T12:20:00', '2025-12-19T13:20:00', '2025-12-19T20:20:00', 15.4217398, 75.1233272, 'On 2025-12-19, at about 12:30 AM, the accused Shravya Savant along with 4 associates formed an unlawful assembly near Sanghvi Road, Yadgir and attacked the complainant Frederick Kothari with lethal weapons resulting in injuries.');
INSERT INTO ComplainantDetails (ComplainantID, CaseMasterID, ComplainantName, AgeYear, OccupationID, ReligionID, CasteID, GenderID) VALUES (26, 26, 'Frederick Kothari', 37, 10, 1, 5, 2);
INSERT INTO Victim (VictimMasterID, CaseMasterID, VictimName, AgeYear, GenderID, VictimPolice) VALUES (35, 26, 'Omaja Kara', 55, 2, '0');
INSERT INTO Victim (VictimMasterID, CaseMasterID, VictimName, AgeYear, GenderID, VictimPolice) VALUES (36, 26, 'Darpan Chaudhary', 23, 2, '1');
INSERT INTO Accused (AccusedMasterID, CaseMasterID, AccusedName, AgeYear, GenderID, PersonID) VALUES (54, 26, 'Shravya Savant', 23, 2, 'A1');
INSERT INTO Accused (AccusedMasterID, CaseMasterID, AccusedName, AgeYear, GenderID, PersonID) VALUES (55, 26, 'Siddharth Lalla', 34, 2, 'A2');
INSERT INTO Accused (AccusedMasterID, CaseMasterID, AccusedName, AgeYear, GenderID, PersonID) VALUES (56, 26, 'Naksh Khatri', 52, 2, 'A3');
INSERT INTO Accused (AccusedMasterID, CaseMasterID, AccusedName, AgeYear, GenderID, PersonID) VALUES (57, 26, 'Falan Dugar', 35, 1, 'A4');
INSERT INTO Accused (AccusedMasterID, CaseMasterID, AccusedName, AgeYear, GenderID, PersonID) VALUES (58, 26, 'Shivansh Krish', 55, 1, 'A5');
INSERT INTO ActSectionAssociation (CaseMasterID, ActID, SectionID, ActOrderID, SectionOrderID) VALUES (26, 'IPC', '341', 1, 1);
INSERT INTO Inv_OccuranceTime (CaseMasterID, OccuranceFromDate, OccuranceToDate, PlaceOfOccurance, latitude, longitude) VALUES (26, '2025-12-19T12:20:00', '2025-12-19T13:20:00', 'Sanghvi Road, Yadgir', 15.4217398, 75.1233272);

INSERT INTO CaseMaster (CaseMasterID, CrimeNo, CaseNo, CrimeRegisteredDate, PolicePersonID, PoliceStationID, CaseCategoryID, GravityOffenceID, CrimeMajorHeadID, CrimeMinorHeadID, CaseStatusID, CourtID, IncidentFromDate, IncidentToDate, InfoReceivedPSDate, latitude, longitude, BriefFacts) VALUES (27, '200220021202300001', '202300001', '2023-07-16', 30, 21, 2, 1, 1, 7, 2, 31, '2023-07-16T05:26:00', '2023-07-16T08:26:00', '2023-07-16T15:26:00', 12.358984, 76.6414577, 'The complainant Upma Manne reported domestic violence by husband Sudiksha Bobal and in-laws. The accused demanded additional dowry of Rs. 10000 and subjected the complainant to physical and mental harassment since 2 years.');
INSERT INTO ComplainantDetails (ComplainantID, CaseMasterID, ComplainantName, AgeYear, OccupationID, ReligionID, CasteID, GenderID) VALUES (27, 27, 'Upma Manne', 58, 4, 3, 3, 2);
INSERT INTO Victim (VictimMasterID, CaseMasterID, VictimName, AgeYear, GenderID, VictimPolice) VALUES (37, 27, 'Vincent Mani', 74, 3, '0');
INSERT INTO Victim (VictimMasterID, CaseMasterID, VictimName, AgeYear, GenderID, VictimPolice) VALUES (38, 27, 'Pavani Contractor', 22, 3, '0');
INSERT INTO Victim (VictimMasterID, CaseMasterID, VictimName, AgeYear, GenderID, VictimPolice) VALUES (39, 27, 'Manthan Lata', 29, 1, '0');
INSERT INTO Accused (AccusedMasterID, CaseMasterID, AccusedName, AgeYear, GenderID, PersonID) VALUES (59, 27, 'Sudiksha Bobal', 34, 1, 'A1');
INSERT INTO Accused (AccusedMasterID, CaseMasterID, AccusedName, AgeYear, GenderID, PersonID) VALUES (60, 27, 'Krish Lalla', 36, 1, 'A2');
INSERT INTO Accused (AccusedMasterID, CaseMasterID, AccusedName, AgeYear, GenderID, PersonID) VALUES (61, 27, 'Ekbal Bhasin', 43, 2, 'A3');
INSERT INTO ActSectionAssociation (CaseMasterID, ActID, SectionID, ActOrderID, SectionOrderID) VALUES (27, 'POCSO', '4', 1, 1);
INSERT INTO ActSectionAssociation (CaseMasterID, ActID, SectionID, ActOrderID, SectionOrderID) VALUES (27, 'ITA', '66', 2, 2);
INSERT INTO ActSectionAssociation (CaseMasterID, ActID, SectionID, ActOrderID, SectionOrderID) VALUES (27, 'NDPS', '20', 3, 3);
INSERT INTO ArrestSurrender (ArrestSurrenderID, CaseMasterID, ArrestSurrenderTypeID, ArrestSurrenderDate, ArrestSurrenderStateId, ArrestSurrenderDistrictId, PoliceStationID, IOID, CourtID, AccusedMasterID, IsAccused, IsComplainantAccused) VALUES (21, 27, 2, '2023-08-01', 1, 22, 21, 31, 31, 59, TRUE, FALSE);
INSERT INTO inv_arrestsurrenderaccused (ArrestSurrenderID, AccusedMasterID) VALUES (21, 59);
INSERT INTO Inv_OccuranceTime (CaseMasterID, OccuranceFromDate, OccuranceToDate, PlaceOfOccurance, latitude, longitude) VALUES (27, '2023-07-16T05:26:00', '2023-07-16T08:26:00', 'Lalla Ganj, Bagalkot', 12.358984, 76.6414577);
INSERT INTO ChargesheetDetails (CSID, CaseMasterID, csdate, cstype, PolicePersonID) VALUES (9, 27, '2023-12-07', 'A', 35);

INSERT INTO CaseMaster (CaseMasterID, CrimeNo, CaseNo, CrimeRegisteredDate, PolicePersonID, PoliceStationID, CaseCategoryID, GravityOffenceID, CrimeMajorHeadID, CrimeMinorHeadID, CaseStatusID, CourtID, IncidentFromDate, IncidentToDate, InfoReceivedPSDate, latitude, longitude, BriefFacts) VALUES (28, '300110010202400001', '202400001', '2024-01-11', 75, 10, 3, 1, 3, 17, 3, 16, '2024-01-11T21:32:00', '2024-01-11T23:32:00', '2024-01-12T10:32:00', 12.9427974, 77.6009631, 'The complainant Bhavya Sarna reported domestic violence by husband Upadhriti Modi and in-laws. The accused demanded additional dowry of Rs. 25000 and subjected the complainant to physical and mental harassment since 4 years.');
INSERT INTO ComplainantDetails (ComplainantID, CaseMasterID, ComplainantName, AgeYear, OccupationID, ReligionID, CasteID, GenderID) VALUES (28, 28, 'Bhavya Sarna', 35, 3, 5, 4, 2);
INSERT INTO Victim (VictimMasterID, CaseMasterID, VictimName, AgeYear, GenderID, VictimPolice) VALUES (40, 28, 'Bhavya Sarna', 19, 1, '0');
INSERT INTO Accused (AccusedMasterID, CaseMasterID, AccusedName, AgeYear, GenderID, PersonID) VALUES (62, 28, 'Upadhriti Modi', 30, 1, 'A1');
INSERT INTO Accused (AccusedMasterID, CaseMasterID, AccusedName, AgeYear, GenderID, PersonID) VALUES (63, 28, 'Raksha Buch', 51, 2, 'A2');
INSERT INTO Accused (AccusedMasterID, CaseMasterID, AccusedName, AgeYear, GenderID, PersonID) VALUES (64, 28, 'Kevin Palla', 55, 2, 'A3');
INSERT INTO Accused (AccusedMasterID, CaseMasterID, AccusedName, AgeYear, GenderID, PersonID) VALUES (65, 28, 'Aarush Nath', 46, 1, 'A4');
INSERT INTO Accused (AccusedMasterID, CaseMasterID, AccusedName, AgeYear, GenderID, PersonID) VALUES (66, 28, 'Rachana Naidu', 50, 2, 'A5');
INSERT INTO ActSectionAssociation (CaseMasterID, ActID, SectionID, ActOrderID, SectionOrderID) VALUES (28, 'IPC', '120B', 1, 1);
INSERT INTO ActSectionAssociation (CaseMasterID, ActID, SectionID, ActOrderID, SectionOrderID) VALUES (28, 'ITA', '66D', 2, 2);
INSERT INTO Inv_OccuranceTime (CaseMasterID, OccuranceFromDate, OccuranceToDate, PlaceOfOccurance, latitude, longitude) VALUES (28, '2024-01-11T21:32:00', '2024-01-11T23:32:00', 'Magar Marg, Raichur', 12.9427974, 77.6009631);

INSERT INTO CaseMaster (CaseMasterID, CrimeNo, CaseNo, CrimeRegisteredDate, PolicePersonID, PoliceStationID, CaseCategoryID, GravityOffenceID, CrimeMajorHeadID, CrimeMinorHeadID, CaseStatusID, CourtID, IncidentFromDate, IncidentToDate, InfoReceivedPSDate, latitude, longitude, BriefFacts) VALUES (29, '400100009202500001', '202500001', '2025-05-05', 1, 9, 4, 2, 7, 38, 1, 28, '2025-05-05T02:59:00', '2025-05-05T05:59:00', '2025-05-05T05:59:00', 12.9545586, 77.5900915, 'A cyber fraud was reported by Gavin Karnik. The accused posed as a bank official and obtained OTP and banking credentials through a phone call on 2025-05-05. An amount of Rs. 500000 was fraudulently transferred from the complainant''s account.');
INSERT INTO ComplainantDetails (ComplainantID, CaseMasterID, ComplainantName, AgeYear, OccupationID, ReligionID, CasteID, GenderID) VALUES (29, 29, 'Gavin Karnik', 34, 1, 7, 1, 2);
INSERT INTO Victim (VictimMasterID, CaseMasterID, VictimName, AgeYear, GenderID, VictimPolice) VALUES (41, 29, 'Gavin Karnik', 74, 2, '0');
INSERT INTO Accused (AccusedMasterID, CaseMasterID, AccusedName, AgeYear, GenderID, PersonID) VALUES (67, 29, 'Tara Chaudhry', 33, 2, 'A1');
INSERT INTO Accused (AccusedMasterID, CaseMasterID, AccusedName, AgeYear, GenderID, PersonID) VALUES (68, 29, 'Banjeet Gill', 35, 1, 'A2');
INSERT INTO Accused (AccusedMasterID, CaseMasterID, AccusedName, AgeYear, GenderID, PersonID) VALUES (69, 29, 'Zilmil Sathe', 25, 1, 'A3');
INSERT INTO Accused (AccusedMasterID, CaseMasterID, AccusedName, AgeYear, GenderID, PersonID) VALUES (70, 29, 'Pratyush Sarin', 44, 1, 'A4');
INSERT INTO ActSectionAssociation (CaseMasterID, ActID, SectionID, ActOrderID, SectionOrderID) VALUES (29, 'NDPS', '20', 1, 1);
INSERT INTO ArrestSurrender (ArrestSurrenderID, CaseMasterID, ArrestSurrenderTypeID, ArrestSurrenderDate, ArrestSurrenderStateId, ArrestSurrenderDistrictId, PoliceStationID, IOID, CourtID, AccusedMasterID, IsAccused, IsComplainantAccused) VALUES (22, 29, 1, '2025-06-12', 1, 10, 9, 32, 28, 70, TRUE, FALSE);
INSERT INTO inv_arrestsurrenderaccused (ArrestSurrenderID, AccusedMasterID) VALUES (22, 70);
INSERT INTO Inv_OccuranceTime (CaseMasterID, OccuranceFromDate, OccuranceToDate, PlaceOfOccurance, latitude, longitude) VALUES (29, '2025-05-05T02:59:00', '2025-05-05T05:59:00', 'Bail, Shivamogga', 12.9545586, 77.5900915);

INSERT INTO CaseMaster (CaseMasterID, CrimeNo, CaseNo, CrimeRegisteredDate, PolicePersonID, PoliceStationID, CaseCategoryID, GravityOffenceID, CrimeMajorHeadID, CrimeMinorHeadID, CaseStatusID, CourtID, IncidentFromDate, IncidentToDate, InfoReceivedPSDate, latitude, longitude, BriefFacts) VALUES (30, '100140013202500001', '202500001', '2025-06-08', 57, 13, 1, 2, 6, 35, 1, 4, '2025-06-08T18:20:00', '2025-06-08T22:20:00', '2025-06-09T07:20:00', 15.3757671, 75.2348418, 'On 2025-06-08, the complainant Gavin Singhal reported that their bus bearing registration number KA-44-NR-9120 was stolen from Sabharwal Path, Hassan. The vehicle was parked outside a shopping mall and was found missing when the complainant returned.');
INSERT INTO ComplainantDetails (ComplainantID, CaseMasterID, ComplainantName, AgeYear, OccupationID, ReligionID, CasteID, GenderID) VALUES (30, 30, 'Gavin Singhal', 46, 14, 2, 3, 2);
INSERT INTO Victim (VictimMasterID, CaseMasterID, VictimName, AgeYear, GenderID, VictimPolice) VALUES (42, 30, 'Nilima Nath', 73, 2, '0');
INSERT INTO Accused (AccusedMasterID, CaseMasterID, AccusedName, AgeYear, GenderID, PersonID) VALUES (71, 30, 'Henry Dyal', 27, 2, 'A1');
INSERT INTO ActSectionAssociation (CaseMasterID, ActID, SectionID, ActOrderID, SectionOrderID) VALUES (30, 'ITA', '67', 1, 1);
INSERT INTO ArrestSurrender (ArrestSurrenderID, CaseMasterID, ArrestSurrenderTypeID, ArrestSurrenderDate, ArrestSurrenderStateId, ArrestSurrenderDistrictId, PoliceStationID, IOID, CourtID, AccusedMasterID, IsAccused, IsComplainantAccused) VALUES (23, 30, 2, '2025-06-23', 1, 14, 13, 27, 4, 71, TRUE, FALSE);
INSERT INTO inv_arrestsurrenderaccused (ArrestSurrenderID, AccusedMasterID) VALUES (23, 71);
INSERT INTO Inv_OccuranceTime (CaseMasterID, OccuranceFromDate, OccuranceToDate, PlaceOfOccurance, latitude, longitude) VALUES (30, '2025-06-08T18:20:00', '2025-06-08T22:20:00', 'Sabharwal Path, Hassan', 15.3757671, 75.2348418);

INSERT INTO CaseMaster (CaseMasterID, CrimeNo, CaseNo, CrimeRegisteredDate, PolicePersonID, PoliceStationID, CaseCategoryID, GravityOffenceID, CrimeMajorHeadID, CrimeMinorHeadID, CaseStatusID, CourtID, IncidentFromDate, IncidentToDate, InfoReceivedPSDate, latitude, longitude, BriefFacts) VALUES (31, '300220021202500001', '202500001', '2025-08-12', 11, 21, 3, 4, 4, 24, 1, 13, '2025-08-12T02:12:00', '2025-08-12T06:12:00', '2025-08-12T17:12:00', 15.8183441, 74.4374097, 'On 2025-08-12, the complainant Nandini Bansal reported that their car bearing registration number KA-45-TW-4350 was stolen from Varkey Marg, Bagalkot. The vehicle was parked outside the office and was found missing when the complainant returned.');
INSERT INTO ComplainantDetails (ComplainantID, CaseMasterID, ComplainantName, AgeYear, OccupationID, ReligionID, CasteID, GenderID) VALUES (31, 31, 'Nandini Bansal', 54, 12, 3, 3, 2);
INSERT INTO Victim (VictimMasterID, CaseMasterID, VictimName, AgeYear, GenderID, VictimPolice) VALUES (43, 31, 'Gaurang Murty', 68, 2, '0');
INSERT INTO Accused (AccusedMasterID, CaseMasterID, AccusedName, AgeYear, GenderID, PersonID) VALUES (72, 31, 'Ekiya D’Alia', 48, 2, 'A1');
INSERT INTO Accused (AccusedMasterID, CaseMasterID, AccusedName, AgeYear, GenderID, PersonID) VALUES (73, 31, 'Turvi Sachdev', 41, 2, 'A2');
INSERT INTO Accused (AccusedMasterID, CaseMasterID, AccusedName, AgeYear, GenderID, PersonID) VALUES (74, 31, 'Raghav Vasa', 54, 1, 'A3');
INSERT INTO Accused (AccusedMasterID, CaseMasterID, AccusedName, AgeYear, GenderID, PersonID) VALUES (75, 31, 'Wishi Sathe', 19, 2, 'A4');
INSERT INTO Accused (AccusedMasterID, CaseMasterID, AccusedName, AgeYear, GenderID, PersonID) VALUES (76, 31, 'Samar Loke', 55, 2, 'A5');
INSERT INTO ActSectionAssociation (CaseMasterID, ActID, SectionID, ActOrderID, SectionOrderID) VALUES (31, 'NDPS', '20', 1, 1);
INSERT INTO ActSectionAssociation (CaseMasterID, ActID, SectionID, ActOrderID, SectionOrderID) VALUES (31, 'POCSO', '4', 2, 2);
INSERT INTO ArrestSurrender (ArrestSurrenderID, CaseMasterID, ArrestSurrenderTypeID, ArrestSurrenderDate, ArrestSurrenderStateId, ArrestSurrenderDistrictId, PoliceStationID, IOID, CourtID, AccusedMasterID, IsAccused, IsComplainantAccused) VALUES (24, 31, 2, '2025-09-16', 1, 22, 21, 33, 13, 75, TRUE, FALSE);
INSERT INTO inv_arrestsurrenderaccused (ArrestSurrenderID, AccusedMasterID) VALUES (24, 75);
INSERT INTO Inv_OccuranceTime (CaseMasterID, OccuranceFromDate, OccuranceToDate, PlaceOfOccurance, latitude, longitude) VALUES (31, '2025-08-12T02:12:00', '2025-08-12T06:12:00', 'Varkey Marg, Bagalkot', 15.8183441, 74.4374097);

INSERT INTO CaseMaster (CaseMasterID, CrimeNo, CaseNo, CrimeRegisteredDate, PolicePersonID, PoliceStationID, CaseCategoryID, GravityOffenceID, CrimeMajorHeadID, CrimeMinorHeadID, CaseStatusID, CourtID, IncidentFromDate, IncidentToDate, InfoReceivedPSDate, latitude, longitude, BriefFacts) VALUES (32, '400250024202500001', '202500001', '2025-03-06', 63, 24, 4, 4, 2, 11, 3, 23, '2025-03-06T17:41:00', '2025-03-06T17:41:00', '2025-03-07T01:41:00', 12.7572723, 74.85068, 'On 2025-03-06, the complainant Raksha Sundaram reported that unknown persons broke into their residence at Mukhopadhyay Street, Chikkamagaluru and stole cash amounting to Rs. 50000 and gold ornaments. The accused Ayush Khatri was later identified through CCTV footage from a nearby shop.');
INSERT INTO ComplainantDetails (ComplainantID, CaseMasterID, ComplainantName, AgeYear, OccupationID, ReligionID, CasteID, GenderID) VALUES (32, 32, 'Raksha Sundaram', 20, 14, 1, 1, 2);
INSERT INTO Victim (VictimMasterID, CaseMasterID, VictimName, AgeYear, GenderID, VictimPolice) VALUES (44, 32, 'Raksha Sundaram', 41, 1, '0');
INSERT INTO Accused (AccusedMasterID, CaseMasterID, AccusedName, AgeYear, GenderID, PersonID) VALUES (77, 32, 'Ayush Khatri', 45, 1, 'A1');
INSERT INTO Accused (AccusedMasterID, CaseMasterID, AccusedName, AgeYear, GenderID, PersonID) VALUES (78, 32, 'Diya Bora', 51, 1, 'A2');
INSERT INTO Accused (AccusedMasterID, CaseMasterID, AccusedName, AgeYear, GenderID, PersonID) VALUES (79, 32, 'Nikita Chander', 51, 2, 'A3');
INSERT INTO ActSectionAssociation (CaseMasterID, ActID, SectionID, ActOrderID, SectionOrderID) VALUES (32, 'POCSO', '6', 1, 1);
INSERT INTO ActSectionAssociation (CaseMasterID, ActID, SectionID, ActOrderID, SectionOrderID) VALUES (32, 'IPC', '406', 2, 2);
INSERT INTO Inv_OccuranceTime (CaseMasterID, OccuranceFromDate, OccuranceToDate, PlaceOfOccurance, latitude, longitude) VALUES (32, '2025-03-06T17:41:00', '2025-03-06T17:41:00', 'Mukhopadhyay Street, Chikkamagaluru', 12.7572723, 74.85068);

INSERT INTO CaseMaster (CaseMasterID, CrimeNo, CaseNo, CrimeRegisteredDate, PolicePersonID, PoliceStationID, CaseCategoryID, GravityOffenceID, CrimeMajorHeadID, CrimeMinorHeadID, CaseStatusID, CourtID, IncidentFromDate, IncidentToDate, InfoReceivedPSDate, latitude, longitude, BriefFacts) VALUES (33, '400200019202400001', '202400001', '2024-03-16', 32, 19, 4, 2, 3, 20, 3, 6, '2024-03-16T02:25:00', '2024-03-16T05:25:00', '2024-03-16T11:25:00', 17.5075341, 77.4181363, 'A case of cheating was reported by Triya Dalal stating that the accused Advika Jayaraman fraudulently obtained Rs. 250000 by promising a job in a government department. The accused collected money over a period of 18 months and disappeared.');
INSERT INTO ComplainantDetails (ComplainantID, CaseMasterID, ComplainantName, AgeYear, OccupationID, ReligionID, CasteID, GenderID) VALUES (33, 33, 'Triya Dalal', 56, 2, 2, 3, 1);
INSERT INTO Victim (VictimMasterID, CaseMasterID, VictimName, AgeYear, GenderID, VictimPolice) VALUES (45, 33, 'Wishi Manne', 23, 3, '0');
INSERT INTO Victim (VictimMasterID, CaseMasterID, VictimName, AgeYear, GenderID, VictimPolice) VALUES (46, 33, 'Vasudha Sodhi', 14, 2, '0');
INSERT INTO Victim (VictimMasterID, CaseMasterID, VictimName, AgeYear, GenderID, VictimPolice) VALUES (47, 33, 'Tanmayi Dhillon', 35, 3, '0');
INSERT INTO Accused (AccusedMasterID, CaseMasterID, AccusedName, AgeYear, GenderID, PersonID) VALUES (80, 33, 'Advika Jayaraman', 52, 2, 'A1');
INSERT INTO ActSectionAssociation (CaseMasterID, ActID, SectionID, ActOrderID, SectionOrderID) VALUES (33, 'NDPS', '27', 1, 1);
INSERT INTO ActSectionAssociation (CaseMasterID, ActID, SectionID, ActOrderID, SectionOrderID) VALUES (33, 'IPC', '34', 2, 2);
INSERT INTO Inv_OccuranceTime (CaseMasterID, OccuranceFromDate, OccuranceToDate, PlaceOfOccurance, latitude, longitude) VALUES (33, '2024-03-16T02:25:00', '2024-03-16T05:25:00', 'Mahajan Circle, Haveri', 17.5075341, 77.4181363);

INSERT INTO CaseMaster (CaseMasterID, CrimeNo, CaseNo, CrimeRegisteredDate, PolicePersonID, PoliceStationID, CaseCategoryID, GravityOffenceID, CrimeMajorHeadID, CrimeMinorHeadID, CaseStatusID, CourtID, IncidentFromDate, IncidentToDate, InfoReceivedPSDate, latitude, longitude, BriefFacts) VALUES (34, '300030002202400001', '202400001', '2024-09-06', 13, 2, 3, 4, 2, 15, 4, 22, '2024-09-06T10:01:00', '2024-09-06T12:01:00', '2024-09-07T00:01:00', 15.7970566, 76.680239, 'On 2024-09-06, at about 7:45 PM, the accused Aarnav Mandal along with 3 associates formed an unlawful assembly near Suri Road, Mysuru and attacked the complainant Ekaraj Majumdar with lethal weapons resulting in injuries.');
INSERT INTO ComplainantDetails (ComplainantID, CaseMasterID, ComplainantName, AgeYear, OccupationID, ReligionID, CasteID, GenderID) VALUES (34, 34, 'Ekaraj Majumdar', 26, 3, 1, 3, 2);
INSERT INTO Victim (VictimMasterID, CaseMasterID, VictimName, AgeYear, GenderID, VictimPolice) VALUES (48, 34, 'Harini Tripathi', 39, 1, '0');
INSERT INTO Accused (AccusedMasterID, CaseMasterID, AccusedName, AgeYear, GenderID, PersonID) VALUES (81, 34, 'Aarnav Mandal', 46, 2, 'A1');
INSERT INTO ActSectionAssociation (CaseMasterID, ActID, SectionID, ActOrderID, SectionOrderID) VALUES (34, 'IPC', '304', 1, 1);
INSERT INTO ArrestSurrender (ArrestSurrenderID, CaseMasterID, ArrestSurrenderTypeID, ArrestSurrenderDate, ArrestSurrenderStateId, ArrestSurrenderDistrictId, PoliceStationID, IOID, CourtID, AccusedMasterID, IsAccused, IsComplainantAccused) VALUES (25, 34, 2, '2024-10-31', 1, 3, 2, 2, 22, 81, TRUE, FALSE);
INSERT INTO inv_arrestsurrenderaccused (ArrestSurrenderID, AccusedMasterID) VALUES (25, 81);
INSERT INTO Inv_OccuranceTime (CaseMasterID, OccuranceFromDate, OccuranceToDate, PlaceOfOccurance, latitude, longitude) VALUES (34, '2024-09-06T10:01:00', '2024-09-06T12:01:00', 'Suri Road, Mysuru', 15.7970566, 76.680239);

INSERT INTO CaseMaster (CaseMasterID, CrimeNo, CaseNo, CrimeRegisteredDate, PolicePersonID, PoliceStationID, CaseCategoryID, GravityOffenceID, CrimeMajorHeadID, CrimeMinorHeadID, CaseStatusID, CourtID, IncidentFromDate, IncidentToDate, InfoReceivedPSDate, latitude, longitude, BriefFacts) VALUES (35, '300150014202600001', '202600001', '2026-02-16', 50, 14, 3, 1, 6, 36, 6, 16, '2026-02-16T08:19:00', '2026-02-16T10:19:00', '2026-02-16T17:19:00', 12.283753, 76.6114086, 'A cyber fraud was reported by Veda Pai. The accused posed as a bank official and obtained OTP and banking credentials through a phone call on 2026-02-16. An amount of Rs. 50000 was fraudulently transferred from the complainant''s account.');
INSERT INTO ComplainantDetails (ComplainantID, CaseMasterID, ComplainantName, AgeYear, OccupationID, ReligionID, CasteID, GenderID) VALUES (35, 35, 'Veda Pai', 47, 5, 3, 3, 1);
INSERT INTO Victim (VictimMasterID, CaseMasterID, VictimName, AgeYear, GenderID, VictimPolice) VALUES (49, 35, 'Veda Pai', 27, 2, '0');
INSERT INTO Accused (AccusedMasterID, CaseMasterID, AccusedName, AgeYear, GenderID, PersonID) VALUES (82, 35, 'Nakul Sarma', 49, 1, 'A1');
INSERT INTO ActSectionAssociation (CaseMasterID, ActID, SectionID, ActOrderID, SectionOrderID) VALUES (35, 'ITA', '66D', 1, 1);
INSERT INTO ArrestSurrender (ArrestSurrenderID, CaseMasterID, ArrestSurrenderTypeID, ArrestSurrenderDate, ArrestSurrenderStateId, ArrestSurrenderDistrictId, PoliceStationID, IOID, CourtID, AccusedMasterID, IsAccused, IsComplainantAccused) VALUES (26, 35, 1, '2026-03-31', 1, 15, 14, 60, 16, 82, TRUE, FALSE);
INSERT INTO inv_arrestsurrenderaccused (ArrestSurrenderID, AccusedMasterID) VALUES (26, 82);
INSERT INTO Inv_OccuranceTime (CaseMasterID, OccuranceFromDate, OccuranceToDate, PlaceOfOccurance, latitude, longitude) VALUES (35, '2026-02-16T08:19:00', '2026-02-16T10:19:00', 'Purohit Path, Chitradurga', 12.283753, 76.6114086);

INSERT INTO CaseMaster (CaseMasterID, CrimeNo, CaseNo, CrimeRegisteredDate, PolicePersonID, PoliceStationID, CaseCategoryID, GravityOffenceID, CrimeMajorHeadID, CrimeMinorHeadID, CaseStatusID, CourtID, IncidentFromDate, IncidentToDate, InfoReceivedPSDate, latitude, longitude, BriefFacts) VALUES (36, '200160015202400001', '202400001', '2024-11-24', 38, 15, 2, 1, 5, 27, 3, 9, '2024-11-24T22:27:00', '2024-11-25T01:27:00', '2024-11-25T02:27:00', 13.1941482, 76.9639834, 'The complainant Ranbir Khare, a shopkeeper at Raju Marg, Mandya, reported that the accused Eesha Solanki along with others robbed the shop at knife-point on 2024-11-24 and fled with cash Rs. 250000 and valuables.');
INSERT INTO ComplainantDetails (ComplainantID, CaseMasterID, ComplainantName, AgeYear, OccupationID, ReligionID, CasteID, GenderID) VALUES (36, 36, 'Ranbir Khare', 45, 11, 7, 4, 1);
INSERT INTO Victim (VictimMasterID, CaseMasterID, VictimName, AgeYear, GenderID, VictimPolice) VALUES (50, 36, 'Vivaan Roy', 38, 1, '0');
INSERT INTO Accused (AccusedMasterID, CaseMasterID, AccusedName, AgeYear, GenderID, PersonID) VALUES (83, 36, 'Eesha Solanki', 55, 1, 'A1');
INSERT INTO Accused (AccusedMasterID, CaseMasterID, AccusedName, AgeYear, GenderID, PersonID) VALUES (84, 36, 'Warhi Bansal', 43, 2, 'A2');
INSERT INTO ActSectionAssociation (CaseMasterID, ActID, SectionID, ActOrderID, SectionOrderID) VALUES (36, 'NDPS', '22', 1, 1);
INSERT INTO ActSectionAssociation (CaseMasterID, ActID, SectionID, ActOrderID, SectionOrderID) VALUES (36, 'IPC', '509', 2, 2);
INSERT INTO ActSectionAssociation (CaseMasterID, ActID, SectionID, ActOrderID, SectionOrderID) VALUES (36, 'IPC', '395', 3, 3);
INSERT INTO ArrestSurrender (ArrestSurrenderID, CaseMasterID, ArrestSurrenderTypeID, ArrestSurrenderDate, ArrestSurrenderStateId, ArrestSurrenderDistrictId, PoliceStationID, IOID, CourtID, AccusedMasterID, IsAccused, IsComplainantAccused) VALUES (27, 36, 1, '2025-01-16', 1, 16, 15, 45, 9, 83, TRUE, FALSE);
INSERT INTO inv_arrestsurrenderaccused (ArrestSurrenderID, AccusedMasterID) VALUES (27, 83);
INSERT INTO Inv_OccuranceTime (CaseMasterID, OccuranceFromDate, OccuranceToDate, PlaceOfOccurance, latitude, longitude) VALUES (36, '2024-11-24T22:27:00', '2024-11-25T01:27:00', 'Raju Marg, Mandya', 13.1941482, 76.9639834);

INSERT INTO CaseMaster (CaseMasterID, CrimeNo, CaseNo, CrimeRegisteredDate, PolicePersonID, PoliceStationID, CaseCategoryID, GravityOffenceID, CrimeMajorHeadID, CrimeMinorHeadID, CaseStatusID, CourtID, IncidentFromDate, IncidentToDate, InfoReceivedPSDate, latitude, longitude, BriefFacts) VALUES (37, '300120011202300001', '202300001', '2023-11-29', 59, 11, 3, 2, 6, 34, 2, 31, '2023-11-29T22:07:00', '2023-11-29T22:07:00', '2023-11-30T03:07:00', 15.8319722, 74.5360534, 'A case of cheating was reported by Harish Sarraf stating that the accused Nimrat Dubey fraudulently obtained Rs. 250000 by promising a job in a government department. The accused collected money over a period of 15 months and disappeared.');
INSERT INTO ComplainantDetails (ComplainantID, CaseMasterID, ComplainantName, AgeYear, OccupationID, ReligionID, CasteID, GenderID) VALUES (37, 37, 'Harish Sarraf', 32, 15, 5, 4, 2);
INSERT INTO Victim (VictimMasterID, CaseMasterID, VictimName, AgeYear, GenderID, VictimPolice) VALUES (51, 37, 'Tanmayi Aurora', 32, 1, '0');
INSERT INTO Accused (AccusedMasterID, CaseMasterID, AccusedName, AgeYear, GenderID, PersonID) VALUES (85, 37, 'Nimrat Dubey', 22, 1, 'A1');
INSERT INTO Accused (AccusedMasterID, CaseMasterID, AccusedName, AgeYear, GenderID, PersonID) VALUES (86, 37, 'Hamsini Rao', 52, 1, 'A2');
INSERT INTO Accused (AccusedMasterID, CaseMasterID, AccusedName, AgeYear, GenderID, PersonID) VALUES (87, 37, 'Falguni Walla', 30, 2, 'A3');
INSERT INTO ActSectionAssociation (CaseMasterID, ActID, SectionID, ActOrderID, SectionOrderID) VALUES (37, 'POCSO', '8', 1, 1);
INSERT INTO Inv_OccuranceTime (CaseMasterID, OccuranceFromDate, OccuranceToDate, PlaceOfOccurance, latitude, longitude) VALUES (37, '2023-11-29T22:07:00', '2023-11-29T22:07:00', 'Singh Zila, Vijayapura', 15.8319722, 74.5360534);
INSERT INTO ChargesheetDetails (CSID, CaseMasterID, csdate, cstype, PolicePersonID) VALUES (10, 37, '2024-05-12', 'A', 41);

INSERT INTO CaseMaster (CaseMasterID, CrimeNo, CaseNo, CrimeRegisteredDate, PolicePersonID, PoliceStationID, CaseCategoryID, GravityOffenceID, CrimeMajorHeadID, CrimeMinorHeadID, CaseStatusID, CourtID, IncidentFromDate, IncidentToDate, InfoReceivedPSDate, latitude, longitude, BriefFacts) VALUES (38, '800140013202400001', '202400001', '2024-09-02', 79, 13, 8, 4, 7, 38, 1, 23, '2024-09-02T22:51:00', '2024-09-03T00:51:00', '2024-09-03T09:51:00', 15.8215388, 77.6618221, 'On 2024-09-02, at about 4:30 PM, the accused Gautam Saraf along with 5 associates formed an unlawful assembly near Chaudhry Zila, Hassan and attacked the complainant Vinaya Banik with lethal weapons resulting in injuries.');
INSERT INTO ComplainantDetails (ComplainantID, CaseMasterID, ComplainantName, AgeYear, OccupationID, ReligionID, CasteID, GenderID) VALUES (38, 38, 'Vinaya Banik', 61, 6, 5, 2, 2);
INSERT INTO Victim (VictimMasterID, CaseMasterID, VictimName, AgeYear, GenderID, VictimPolice) VALUES (52, 38, 'Wahab Mani', 28, 2, '0');
INSERT INTO Accused (AccusedMasterID, CaseMasterID, AccusedName, AgeYear, GenderID, PersonID) VALUES (88, 38, 'Gautam Saraf', 40, 1, 'A1');
INSERT INTO Accused (AccusedMasterID, CaseMasterID, AccusedName, AgeYear, GenderID, PersonID) VALUES (89, 38, 'Ojas Mistry', 30, 2, 'A2');
INSERT INTO ActSectionAssociation (CaseMasterID, ActID, SectionID, ActOrderID, SectionOrderID) VALUES (38, 'ITA', '67', 1, 1);
INSERT INTO ArrestSurrender (ArrestSurrenderID, CaseMasterID, ArrestSurrenderTypeID, ArrestSurrenderDate, ArrestSurrenderStateId, ArrestSurrenderDistrictId, PoliceStationID, IOID, CourtID, AccusedMasterID, IsAccused, IsComplainantAccused) VALUES (28, 38, 1, '2024-09-20', 1, 14, 13, 36, 23, 88, TRUE, FALSE);
INSERT INTO inv_arrestsurrenderaccused (ArrestSurrenderID, AccusedMasterID) VALUES (28, 88);
INSERT INTO Inv_OccuranceTime (CaseMasterID, OccuranceFromDate, OccuranceToDate, PlaceOfOccurance, latitude, longitude) VALUES (38, '2024-09-02T22:51:00', '2024-09-03T00:51:00', 'Chaudhry Zila, Hassan', 15.8215388, 77.6618221);

INSERT INTO CaseMaster (CaseMasterID, CrimeNo, CaseNo, CrimeRegisteredDate, PolicePersonID, PoliceStationID, CaseCategoryID, GravityOffenceID, CrimeMajorHeadID, CrimeMinorHeadID, CaseStatusID, CourtID, IncidentFromDate, IncidentToDate, InfoReceivedPSDate, latitude, longitude, BriefFacts) VALUES (39, '200190018202600001', '202600001', '2026-03-30', 37, 18, 2, 2, 5, 30, 2, 32, '2026-03-30T17:52:00', '2026-03-30T19:52:00', '2026-03-31T03:52:00', 12.9361642, 77.577181, 'The deceased Jagrati Prasad, aged 52, was found dead under suspicious circumstances at Dhingra Marg, Gadag on 2026-03-30. The investigation revealed that the accused Shivansh Krish, who is a relative of the deceased, had a dispute over property worth Rs. 50000.');
INSERT INTO ComplainantDetails (ComplainantID, CaseMasterID, ComplainantName, AgeYear, OccupationID, ReligionID, CasteID, GenderID) VALUES (39, 39, 'Ekta Bhalla', 42, 14, 2, 5, 1);
INSERT INTO Victim (VictimMasterID, CaseMasterID, VictimName, AgeYear, GenderID, VictimPolice) VALUES (53, 39, 'Jagrati Prasad', 31, 1, '0');
INSERT INTO Victim (VictimMasterID, CaseMasterID, VictimName, AgeYear, GenderID, VictimPolice) VALUES (54, 39, 'Nisha Gole', 73, 2, '0');
INSERT INTO Accused (AccusedMasterID, CaseMasterID, AccusedName, AgeYear, GenderID, PersonID) VALUES (90, 39, 'Shivansh Krish', 36, 2, 'A1');
INSERT INTO ActSectionAssociation (CaseMasterID, ActID, SectionID, ActOrderID, SectionOrderID) VALUES (39, 'POCSO', '8', 1, 1);
INSERT INTO ActSectionAssociation (CaseMasterID, ActID, SectionID, ActOrderID, SectionOrderID) VALUES (39, 'IPC', '324', 2, 2);
INSERT INTO ActSectionAssociation (CaseMasterID, ActID, SectionID, ActOrderID, SectionOrderID) VALUES (39, 'ITA', '66', 3, 3);
INSERT INTO Inv_OccuranceTime (CaseMasterID, OccuranceFromDate, OccuranceToDate, PlaceOfOccurance, latitude, longitude) VALUES (39, '2026-03-30T17:52:00', '2026-03-30T19:52:00', 'Dhingra Marg, Gadag', 12.9361642, 77.577181);
INSERT INTO ChargesheetDetails (CSID, CaseMasterID, csdate, cstype, PolicePersonID) VALUES (11, 39, '2026-05-31', 'A', 17);

INSERT INTO CaseMaster (CaseMasterID, CrimeNo, CaseNo, CrimeRegisteredDate, PolicePersonID, PoliceStationID, CaseCategoryID, GravityOffenceID, CrimeMajorHeadID, CrimeMinorHeadID, CaseStatusID, CourtID, IncidentFromDate, IncidentToDate, InfoReceivedPSDate, latitude, longitude, BriefFacts) VALUES (40, '200060005202400001', '202400001', '2024-01-16', 42, 5, 2, 2, 8, 44, 1, 10, '2024-01-16T02:40:00', '2024-01-16T02:40:00', '2024-01-16T08:40:00', 15.3310229, 75.0891109, 'On 2024-01-16, at about 8:30 AM, the accused Aachal Sharaf along with 5 associates formed an unlawful assembly near Andra Road, Belagavi and attacked the complainant Lavanya Khosla with lethal weapons resulting in injuries.');
INSERT INTO ComplainantDetails (ComplainantID, CaseMasterID, ComplainantName, AgeYear, OccupationID, ReligionID, CasteID, GenderID) VALUES (40, 40, 'Lavanya Khosla', 41, 5, 5, 4, 2);
INSERT INTO Victim (VictimMasterID, CaseMasterID, VictimName, AgeYear, GenderID, VictimPolice) VALUES (55, 40, 'Luke Kata', 11, 1, '0');
INSERT INTO Victim (VictimMasterID, CaseMasterID, VictimName, AgeYear, GenderID, VictimPolice) VALUES (56, 40, 'Bhavna Dugar', 63, 1, '0');
INSERT INTO Accused (AccusedMasterID, CaseMasterID, AccusedName, AgeYear, GenderID, PersonID) VALUES (91, 40, 'Aachal Sharaf', 46, 2, 'A1');
INSERT INTO Accused (AccusedMasterID, CaseMasterID, AccusedName, AgeYear, GenderID, PersonID) VALUES (92, 40, 'Samar Lalla', 30, 1, 'A2');
INSERT INTO Accused (AccusedMasterID, CaseMasterID, AccusedName, AgeYear, GenderID, PersonID) VALUES (93, 40, 'Riya Pai', 37, 1, 'A3');
INSERT INTO Accused (AccusedMasterID, CaseMasterID, AccusedName, AgeYear, GenderID, PersonID) VALUES (94, 40, 'Panini Krishna', 35, 1, 'A4');
INSERT INTO ActSectionAssociation (CaseMasterID, ActID, SectionID, ActOrderID, SectionOrderID) VALUES (40, 'POCSO', '6', 1, 1);
INSERT INTO ActSectionAssociation (CaseMasterID, ActID, SectionID, ActOrderID, SectionOrderID) VALUES (40, 'IPC', '406', 2, 2);
INSERT INTO ActSectionAssociation (CaseMasterID, ActID, SectionID, ActOrderID, SectionOrderID) VALUES (40, 'NDPS', '20', 3, 3);
INSERT INTO ArrestSurrender (ArrestSurrenderID, CaseMasterID, ArrestSurrenderTypeID, ArrestSurrenderDate, ArrestSurrenderStateId, ArrestSurrenderDistrictId, PoliceStationID, IOID, CourtID, AccusedMasterID, IsAccused, IsComplainantAccused) VALUES (29, 40, 1, '2024-02-26', 1, 6, 5, 13, 10, 92, TRUE, FALSE);
INSERT INTO inv_arrestsurrenderaccused (ArrestSurrenderID, AccusedMasterID) VALUES (29, 92);
INSERT INTO ArrestSurrender (ArrestSurrenderID, CaseMasterID, ArrestSurrenderTypeID, ArrestSurrenderDate, ArrestSurrenderStateId, ArrestSurrenderDistrictId, PoliceStationID, IOID, CourtID, AccusedMasterID, IsAccused, IsComplainantAccused) VALUES (30, 40, 1, '2024-01-16', 1, 6, 5, 62, 10, 94, TRUE, FALSE);
INSERT INTO inv_arrestsurrenderaccused (ArrestSurrenderID, AccusedMasterID) VALUES (30, 94);
INSERT INTO Inv_OccuranceTime (CaseMasterID, OccuranceFromDate, OccuranceToDate, PlaceOfOccurance, latitude, longitude) VALUES (40, '2024-01-16T02:40:00', '2024-01-16T02:40:00', 'Andra Road, Belagavi', 15.3310229, 75.0891109);

INSERT INTO CaseMaster (CaseMasterID, CrimeNo, CaseNo, CrimeRegisteredDate, PolicePersonID, PoliceStationID, CaseCategoryID, GravityOffenceID, CrimeMajorHeadID, CrimeMinorHeadID, CaseStatusID, CourtID, IncidentFromDate, IncidentToDate, InfoReceivedPSDate, latitude, longitude, BriefFacts) VALUES (41, '100060005202400001', '202400001', '2024-11-25', 76, 5, 1, 2, 6, 34, 3, 1, '2024-11-25T13:44:00', '2024-11-25T14:44:00', '2024-11-25T21:44:00', 15.4256519, 74.9881174, 'The victim Rushil Rajagopalan, aged 24, was assaulted by the accused Hredhaan Khalsa near Parmer Marg, Belagavi on 2024-11-25 at approximately 6:30 AM. The accused used a sharp weapon causing grievous injuries. The victim was rushed to BGS Global Hospital for treatment.');
INSERT INTO ComplainantDetails (ComplainantID, CaseMasterID, ComplainantName, AgeYear, OccupationID, ReligionID, CasteID, GenderID) VALUES (41, 41, 'Rushil Rajagopalan', 33, 5, 4, 5, 2);
INSERT INTO Victim (VictimMasterID, CaseMasterID, VictimName, AgeYear, GenderID, VictimPolice) VALUES (57, 41, 'Rushil Rajagopalan', 16, 1, '0');
INSERT INTO Victim (VictimMasterID, CaseMasterID, VictimName, AgeYear, GenderID, VictimPolice) VALUES (58, 41, 'Chakrika Bains', 20, 3, '0');
INSERT INTO Accused (AccusedMasterID, CaseMasterID, AccusedName, AgeYear, GenderID, PersonID) VALUES (95, 41, 'Hredhaan Khalsa', 45, 2, 'A1');
INSERT INTO ActSectionAssociation (CaseMasterID, ActID, SectionID, ActOrderID, SectionOrderID) VALUES (41, 'NDPS', '22', 1, 1);
INSERT INTO Inv_OccuranceTime (CaseMasterID, OccuranceFromDate, OccuranceToDate, PlaceOfOccurance, latitude, longitude) VALUES (41, '2024-11-25T13:44:00', '2024-11-25T14:44:00', 'Parmer Marg, Belagavi', 15.4256519, 74.9881174);

INSERT INTO CaseMaster (CaseMasterID, CrimeNo, CaseNo, CrimeRegisteredDate, PolicePersonID, PoliceStationID, CaseCategoryID, GravityOffenceID, CrimeMajorHeadID, CrimeMinorHeadID, CaseStatusID, CourtID, IncidentFromDate, IncidentToDate, InfoReceivedPSDate, latitude, longitude, BriefFacts) VALUES (42, '200190018202600002', '202600002', '2026-06-19', 77, 18, 2, 3, 1, 2, 4, 20, '2026-06-19T09:41:00', '2026-06-19T09:41:00', '2026-06-19T21:41:00', 12.7856513, 74.8375371, 'The deceased Watika Mangat, aged 42, was found dead under suspicious circumstances at Krishna Ganj, Gadag on 2026-06-19. The investigation revealed that the accused Indira Kanda, who is a relative of the deceased, had a dispute over property worth Rs. 10000.');
INSERT INTO ComplainantDetails (ComplainantID, CaseMasterID, ComplainantName, AgeYear, OccupationID, ReligionID, CasteID, GenderID) VALUES (42, 42, 'Anvi Anand', 21, 3, 1, 3, 1);
INSERT INTO Victim (VictimMasterID, CaseMasterID, VictimName, AgeYear, GenderID, VictimPolice) VALUES (59, 42, 'Watika Mangat', 12, 2, '0');
INSERT INTO Accused (AccusedMasterID, CaseMasterID, AccusedName, AgeYear, GenderID, PersonID) VALUES (96, 42, 'Indira Kanda', 50, 2, 'A1');
INSERT INTO Accused (AccusedMasterID, CaseMasterID, AccusedName, AgeYear, GenderID, PersonID) VALUES (97, 42, 'Gunbir Baral', 43, 1, 'A2');
INSERT INTO ActSectionAssociation (CaseMasterID, ActID, SectionID, ActOrderID, SectionOrderID) VALUES (42, 'NDPS', '22', 1, 1);
INSERT INTO ActSectionAssociation (CaseMasterID, ActID, SectionID, ActOrderID, SectionOrderID) VALUES (42, 'IPC', '395', 2, 2);
INSERT INTO ActSectionAssociation (CaseMasterID, ActID, SectionID, ActOrderID, SectionOrderID) VALUES (42, 'IPC', '34', 3, 3);
INSERT INTO Inv_OccuranceTime (CaseMasterID, OccuranceFromDate, OccuranceToDate, PlaceOfOccurance, latitude, longitude) VALUES (42, '2026-06-19T09:41:00', '2026-06-19T09:41:00', 'Krishna Ganj, Gadag', 12.7856513, 74.8375371);

INSERT INTO CaseMaster (CaseMasterID, CrimeNo, CaseNo, CrimeRegisteredDate, PolicePersonID, PoliceStationID, CaseCategoryID, GravityOffenceID, CrimeMajorHeadID, CrimeMinorHeadID, CaseStatusID, CourtID, IncidentFromDate, IncidentToDate, InfoReceivedPSDate, latitude, longitude, BriefFacts) VALUES (43, '200190018202400001', '202400001', '2024-06-16', 42, 18, 2, 4, 7, 38, 2, 42, '2024-06-16T23:54:00', '2024-06-17T00:54:00', '2024-06-17T00:54:00', 11.9628056, 77.1440415, 'The victim Bahadurjit Patla, aged 47, was assaulted by the accused Gautam Merchant near Sagar Path, Gadag on 2024-06-16 at approximately 10:00 PM. The accused used a sharp weapon causing grievous injuries. The victim was rushed to Bowring Hospital for treatment.');
INSERT INTO ComplainantDetails (ComplainantID, CaseMasterID, ComplainantName, AgeYear, OccupationID, ReligionID, CasteID, GenderID) VALUES (43, 43, 'Bahadurjit Patla', 43, 5, 6, 3, 1);
INSERT INTO Victim (VictimMasterID, CaseMasterID, VictimName, AgeYear, GenderID, VictimPolice) VALUES (60, 43, 'Bahadurjit Patla', 8, 2, '0');
INSERT INTO Victim (VictimMasterID, CaseMasterID, VictimName, AgeYear, GenderID, VictimPolice) VALUES (61, 43, 'Sai Deo', 39, 3, '0');
INSERT INTO Accused (AccusedMasterID, CaseMasterID, AccusedName, AgeYear, GenderID, PersonID) VALUES (98, 43, 'Gautam Merchant', 54, 1, 'A1');
INSERT INTO Accused (AccusedMasterID, CaseMasterID, AccusedName, AgeYear, GenderID, PersonID) VALUES (99, 43, 'Yachana Mahajan', 50, 2, 'A2');
INSERT INTO Accused (AccusedMasterID, CaseMasterID, AccusedName, AgeYear, GenderID, PersonID) VALUES (100, 43, 'Gaurangi Sabharwal', 54, 1, 'A3');
INSERT INTO ActSectionAssociation (CaseMasterID, ActID, SectionID, ActOrderID, SectionOrderID) VALUES (43, 'NDPS', '22', 1, 1);
INSERT INTO ActSectionAssociation (CaseMasterID, ActID, SectionID, ActOrderID, SectionOrderID) VALUES (43, 'IPC', '511', 2, 2);
INSERT INTO ArrestSurrender (ArrestSurrenderID, CaseMasterID, ArrestSurrenderTypeID, ArrestSurrenderDate, ArrestSurrenderStateId, ArrestSurrenderDistrictId, PoliceStationID, IOID, CourtID, AccusedMasterID, IsAccused, IsComplainantAccused) VALUES (31, 43, 1, '2024-08-02', 1, 19, 18, 6, 42, 98, TRUE, FALSE);
INSERT INTO inv_arrestsurrenderaccused (ArrestSurrenderID, AccusedMasterID) VALUES (31, 98);
INSERT INTO Inv_OccuranceTime (CaseMasterID, OccuranceFromDate, OccuranceToDate, PlaceOfOccurance, latitude, longitude) VALUES (43, '2024-06-16T23:54:00', '2024-06-17T00:54:00', 'Sagar Path, Gadag', 11.9628056, 77.1440415);
INSERT INTO ChargesheetDetails (CSID, CaseMasterID, csdate, cstype, PolicePersonID) VALUES (12, 43, '2024-07-19', 'A', 32);

INSERT INTO CaseMaster (CaseMasterID, CrimeNo, CaseNo, CrimeRegisteredDate, PolicePersonID, PoliceStationID, CaseCategoryID, GravityOffenceID, CrimeMajorHeadID, CrimeMinorHeadID, CaseStatusID, CourtID, IncidentFromDate, IncidentToDate, InfoReceivedPSDate, latitude, longitude, BriefFacts) VALUES (44, '100170016202600001', '202600001', '2026-01-09', 47, 16, 1, 4, 2, 10, 1, 3, '2026-01-09T23:20:00', '2026-01-10T01:20:00', '2026-01-10T02:20:00', 15.8557227, 74.5349904, 'On 2026-01-09, the complainant Vasatika Merchant reported that unknown persons broke into their residence at Dhaliwal Zila, Kodagu and stole cash amounting to Rs. 10000 and gold ornaments. The accused Joshua Barman was later identified through CCTV footage from a nearby shop.');
INSERT INTO ComplainantDetails (ComplainantID, CaseMasterID, ComplainantName, AgeYear, OccupationID, ReligionID, CasteID, GenderID) VALUES (44, 44, 'Vasatika Merchant', 59, 8, 4, 3, 2);
INSERT INTO Victim (VictimMasterID, CaseMasterID, VictimName, AgeYear, GenderID, VictimPolice) VALUES (62, 44, 'Ishwar Sidhu', 30, 3, '0');
INSERT INTO Victim (VictimMasterID, CaseMasterID, VictimName, AgeYear, GenderID, VictimPolice) VALUES (63, 44, 'Mekhala Pau', 36, 1, '1');
INSERT INTO Victim (VictimMasterID, CaseMasterID, VictimName, AgeYear, GenderID, VictimPolice) VALUES (64, 44, 'Megha Atwal', 57, 1, '0');
INSERT INTO Accused (AccusedMasterID, CaseMasterID, AccusedName, AgeYear, GenderID, PersonID) VALUES (101, 44, 'Joshua Barman', 18, 2, 'A1');
INSERT INTO ActSectionAssociation (CaseMasterID, ActID, SectionID, ActOrderID, SectionOrderID) VALUES (44, 'ITA', '66D', 1, 1);
INSERT INTO ArrestSurrender (ArrestSurrenderID, CaseMasterID, ArrestSurrenderTypeID, ArrestSurrenderDate, ArrestSurrenderStateId, ArrestSurrenderDistrictId, PoliceStationID, IOID, CourtID, AccusedMasterID, IsAccused, IsComplainantAccused) VALUES (32, 44, 1, '2026-02-09', 1, 17, 16, 19, 3, 101, TRUE, FALSE);
INSERT INTO inv_arrestsurrenderaccused (ArrestSurrenderID, AccusedMasterID) VALUES (32, 101);
INSERT INTO Inv_OccuranceTime (CaseMasterID, OccuranceFromDate, OccuranceToDate, PlaceOfOccurance, latitude, longitude) VALUES (44, '2026-01-09T23:20:00', '2026-01-10T01:20:00', 'Dhaliwal Zila, Kodagu', 15.8557227, 74.5349904);

INSERT INTO CaseMaster (CaseMasterID, CrimeNo, CaseNo, CrimeRegisteredDate, PolicePersonID, PoliceStationID, CaseCategoryID, GravityOffenceID, CrimeMajorHeadID, CrimeMinorHeadID, CaseStatusID, CourtID, IncidentFromDate, IncidentToDate, InfoReceivedPSDate, latitude, longitude, BriefFacts) VALUES (45, '300040003202400001', '202400001', '2024-04-28', 6, 3, 3, 2, 6, 34, 2, 24, '2024-04-28T20:52:00', '2024-04-28T23:52:00', '2024-04-29T00:52:00', 12.9197458, 77.5657651, 'A case of cheating was reported by Suhani Pillay stating that the accused Joshua Barman fraudulently obtained Rs. 500000 by promising a job in a government department. The accused collected money over a period of 12 months and disappeared.');
INSERT INTO ComplainantDetails (ComplainantID, CaseMasterID, ComplainantName, AgeYear, OccupationID, ReligionID, CasteID, GenderID) VALUES (45, 45, 'Suhani Pillay', 49, 11, 4, 1, 2);
INSERT INTO Victim (VictimMasterID, CaseMasterID, VictimName, AgeYear, GenderID, VictimPolice) VALUES (65, 45, 'Lakshmi Prabhu', 31, 2, '0');
INSERT INTO Victim (VictimMasterID, CaseMasterID, VictimName, AgeYear, GenderID, VictimPolice) VALUES (66, 45, 'Aryan Narang', 38, 1, '0');
INSERT INTO Victim (VictimMasterID, CaseMasterID, VictimName, AgeYear, GenderID, VictimPolice) VALUES (67, 45, 'Dev Shetty', 43, 3, '0');
INSERT INTO Accused (AccusedMasterID, CaseMasterID, AccusedName, AgeYear, GenderID, PersonID) VALUES (102, 45, 'Joshua Barman', 38, 1, 'A1');
INSERT INTO ActSectionAssociation (CaseMasterID, ActID, SectionID, ActOrderID, SectionOrderID) VALUES (45, 'NDPS', '22', 1, 1);
INSERT INTO ArrestSurrender (ArrestSurrenderID, CaseMasterID, ArrestSurrenderTypeID, ArrestSurrenderDate, ArrestSurrenderStateId, ArrestSurrenderDistrictId, PoliceStationID, IOID, CourtID, AccusedMasterID, IsAccused, IsComplainantAccused) VALUES (33, 45, 1, '2024-05-14', 1, 4, 3, 4, 24, 102, TRUE, FALSE);
INSERT INTO inv_arrestsurrenderaccused (ArrestSurrenderID, AccusedMasterID) VALUES (33, 102);
INSERT INTO Inv_OccuranceTime (CaseMasterID, OccuranceFromDate, OccuranceToDate, PlaceOfOccurance, latitude, longitude) VALUES (45, '2024-04-28T20:52:00', '2024-04-28T23:52:00', 'Kaur Zila, Mangaluru (DK)', 12.9197458, 77.5657651);
INSERT INTO ChargesheetDetails (CSID, CaseMasterID, csdate, cstype, PolicePersonID) VALUES (13, 45, '2024-09-08', 'A', 58);

INSERT INTO CaseMaster (CaseMasterID, CrimeNo, CaseNo, CrimeRegisteredDate, PolicePersonID, PoliceStationID, CaseCategoryID, GravityOffenceID, CrimeMajorHeadID, CrimeMinorHeadID, CaseStatusID, CourtID, IncidentFromDate, IncidentToDate, InfoReceivedPSDate, latitude, longitude, BriefFacts) VALUES (46, '800250024202600001', '202600001', '2026-04-05', 71, 24, 8, 2, 1, 7, 2, 9, '2026-04-05T04:12:00', '2026-04-05T07:12:00', '2026-04-05T12:12:00', 13.0404412, 77.4700693, 'The victim Chakradev Barad, aged 55, was assaulted by the accused Waida D’Alia near Keer Zila, Chikkamagaluru on 2026-04-05 at approximately 10:30 AM. The accused used a sharp weapon causing grievous injuries. The victim was rushed to Victoria Hospital for treatment.');
INSERT INTO ComplainantDetails (ComplainantID, CaseMasterID, ComplainantName, AgeYear, OccupationID, ReligionID, CasteID, GenderID) VALUES (46, 46, 'Nilima Dada', 56, 14, 7, 4, 2);
INSERT INTO Victim (VictimMasterID, CaseMasterID, VictimName, AgeYear, GenderID, VictimPolice) VALUES (68, 46, 'Chakradev Barad', 59, 1, '0');
INSERT INTO Accused (AccusedMasterID, CaseMasterID, AccusedName, AgeYear, GenderID, PersonID) VALUES (103, 46, 'Waida D’Alia', 35, 2, 'A1');
INSERT INTO Accused (AccusedMasterID, CaseMasterID, AccusedName, AgeYear, GenderID, PersonID) VALUES (104, 46, 'Lipika Setty', 27, 1, 'A2');
INSERT INTO Accused (AccusedMasterID, CaseMasterID, AccusedName, AgeYear, GenderID, PersonID) VALUES (105, 46, 'Oni Dubey', 33, 2, 'A3');
INSERT INTO Accused (AccusedMasterID, CaseMasterID, AccusedName, AgeYear, GenderID, PersonID) VALUES (106, 46, 'Hardik Suri', 53, 2, 'A4');
INSERT INTO Accused (AccusedMasterID, CaseMasterID, AccusedName, AgeYear, GenderID, PersonID) VALUES (107, 46, 'Nakul Sarma', 42, 1, 'A5');
INSERT INTO ActSectionAssociation (CaseMasterID, ActID, SectionID, ActOrderID, SectionOrderID) VALUES (46, 'NDPS', '27', 1, 1);
INSERT INTO Inv_OccuranceTime (CaseMasterID, OccuranceFromDate, OccuranceToDate, PlaceOfOccurance, latitude, longitude) VALUES (46, '2026-04-05T04:12:00', '2026-04-05T07:12:00', 'Keer Zila, Chikkamagaluru', 13.0404412, 77.4700693);
INSERT INTO ChargesheetDetails (CSID, CaseMasterID, csdate, cstype, PolicePersonID) VALUES (14, 46, '2026-09-21', 'A', 3);

INSERT INTO CaseMaster (CaseMasterID, CrimeNo, CaseNo, CrimeRegisteredDate, PolicePersonID, PoliceStationID, CaseCategoryID, GravityOffenceID, CrimeMajorHeadID, CrimeMinorHeadID, CaseStatusID, CourtID, IncidentFromDate, IncidentToDate, InfoReceivedPSDate, latitude, longitude, BriefFacts) VALUES (47, '400270026202500001', '202500001', '2025-05-18', 46, 26, 4, 4, 6, 35, 3, 23, '2025-05-18T05:01:00', '2025-05-18T07:01:00', '2025-05-18T16:01:00', 15.0167528, 75.7477157, 'The complainant Bachittar Prabhakar reported domestic violence by husband Sachi Saxena and in-laws. The accused demanded additional dowry of Rs. 50000 and subjected the complainant to physical and mental harassment since 2 years.');
INSERT INTO ComplainantDetails (ComplainantID, CaseMasterID, ComplainantName, AgeYear, OccupationID, ReligionID, CasteID, GenderID) VALUES (47, 47, 'Bachittar Prabhakar', 31, 6, 2, 5, 2);
INSERT INTO Victim (VictimMasterID, CaseMasterID, VictimName, AgeYear, GenderID, VictimPolice) VALUES (69, 47, 'Bachittar Prabhakar', 50, 3, '1');
INSERT INTO Victim (VictimMasterID, CaseMasterID, VictimName, AgeYear, GenderID, VictimPolice) VALUES (70, 47, 'Jhalak Parmer', 50, 3, '0');
INSERT INTO Accused (AccusedMasterID, CaseMasterID, AccusedName, AgeYear, GenderID, PersonID) VALUES (108, 47, 'Sachi Saxena', 30, 2, 'A1');
INSERT INTO Accused (AccusedMasterID, CaseMasterID, AccusedName, AgeYear, GenderID, PersonID) VALUES (109, 47, 'Mitali Majumdar', 29, 2, 'A2');
INSERT INTO ActSectionAssociation (CaseMasterID, ActID, SectionID, ActOrderID, SectionOrderID) VALUES (47, 'IPC', '307', 1, 1);
INSERT INTO ArrestSurrender (ArrestSurrenderID, CaseMasterID, ArrestSurrenderTypeID, ArrestSurrenderDate, ArrestSurrenderStateId, ArrestSurrenderDistrictId, PoliceStationID, IOID, CourtID, AccusedMasterID, IsAccused, IsComplainantAccused) VALUES (34, 47, 2, '2025-06-20', 1, 27, 26, 1, 23, 108, TRUE, FALSE);
INSERT INTO inv_arrestsurrenderaccused (ArrestSurrenderID, AccusedMasterID) VALUES (34, 108);
INSERT INTO Inv_OccuranceTime (CaseMasterID, OccuranceFromDate, OccuranceToDate, PlaceOfOccurance, latitude, longitude) VALUES (47, '2025-05-18T05:01:00', '2025-05-18T07:01:00', 'Patil Ganj, Chamarajanagara', 15.0167528, 75.7477157);

INSERT INTO CaseMaster (CaseMasterID, CrimeNo, CaseNo, CrimeRegisteredDate, PolicePersonID, PoliceStationID, CaseCategoryID, GravityOffenceID, CrimeMajorHeadID, CrimeMinorHeadID, CaseStatusID, CourtID, IncidentFromDate, IncidentToDate, InfoReceivedPSDate, latitude, longitude, BriefFacts) VALUES (48, '300010030202400001', '202400001', '2024-02-07', 79, 30, 3, 2, 2, 9, 1, 12, '2024-02-07T00:09:00', '2024-02-07T04:09:00', '2024-02-07T15:09:00', 17.4099886, 75.4561497, 'On 2024-02-07, the Anti-Narcotics squad conducted a raid at Jha, Bengaluru Urban and seized 2500 grams of methamphetamine from the possession of the accused Yagnesh Dass. The accused was found to be part of a supply chain operating across Ramanagara and Uttara Kannada.');
INSERT INTO ComplainantDetails (ComplainantID, CaseMasterID, ComplainantName, AgeYear, OccupationID, ReligionID, CasteID, GenderID) VALUES (48, 48, 'Suhani Chand', 59, 12, 2, 5, 1);
INSERT INTO Victim (VictimMasterID, CaseMasterID, VictimName, AgeYear, GenderID, VictimPolice) VALUES (71, 48, 'Ansh Bedi', 42, 1, '0');
INSERT INTO Accused (AccusedMasterID, CaseMasterID, AccusedName, AgeYear, GenderID, PersonID) VALUES (110, 48, 'Yagnesh Dass', 54, 2, 'A1');
INSERT INTO ActSectionAssociation (CaseMasterID, ActID, SectionID, ActOrderID, SectionOrderID) VALUES (48, 'IPC', '354', 1, 1);
INSERT INTO ActSectionAssociation (CaseMasterID, ActID, SectionID, ActOrderID, SectionOrderID) VALUES (48, 'POCSO', '8', 2, 2);
INSERT INTO ActSectionAssociation (CaseMasterID, ActID, SectionID, ActOrderID, SectionOrderID) VALUES (48, 'NDPS', '27', 3, 3);
INSERT INTO ArrestSurrender (ArrestSurrenderID, CaseMasterID, ArrestSurrenderTypeID, ArrestSurrenderDate, ArrestSurrenderStateId, ArrestSurrenderDistrictId, PoliceStationID, IOID, CourtID, AccusedMasterID, IsAccused, IsComplainantAccused) VALUES (35, 48, 1, '2024-02-28', 1, 1, 30, 31, 12, 110, TRUE, FALSE);
INSERT INTO inv_arrestsurrenderaccused (ArrestSurrenderID, AccusedMasterID) VALUES (35, 110);
INSERT INTO Inv_OccuranceTime (CaseMasterID, OccuranceFromDate, OccuranceToDate, PlaceOfOccurance, latitude, longitude) VALUES (48, '2024-02-07T00:09:00', '2024-02-07T04:09:00', 'Jha, Bengaluru Urban', 17.4099886, 75.4561497);

INSERT INTO CaseMaster (CaseMasterID, CrimeNo, CaseNo, CrimeRegisteredDate, PolicePersonID, PoliceStationID, CaseCategoryID, GravityOffenceID, CrimeMajorHeadID, CrimeMinorHeadID, CaseStatusID, CourtID, IncidentFromDate, IncidentToDate, InfoReceivedPSDate, latitude, longitude, BriefFacts) VALUES (49, '300120011202300002', '202300002', '2023-09-27', 22, 11, 3, 1, 8, 43, 2, 22, '2023-09-27T11:16:00', '2023-09-27T11:16:00', '2023-09-27T22:16:00', 15.3839619, 75.1984069, 'A cyber fraud was reported by Tarak Kaul. The accused posed as a bank official and obtained OTP and banking credentials through a phone call on 2023-09-27. An amount of Rs. 250000 was fraudulently transferred from the complainant''s account.');
INSERT INTO ComplainantDetails (ComplainantID, CaseMasterID, ComplainantName, AgeYear, OccupationID, ReligionID, CasteID, GenderID) VALUES (49, 49, 'Tarak Kaul', 40, 9, 1, 1, 2);
INSERT INTO Victim (VictimMasterID, CaseMasterID, VictimName, AgeYear, GenderID, VictimPolice) VALUES (72, 49, 'Tarak Kaul', 53, 1, '0');
INSERT INTO Accused (AccusedMasterID, CaseMasterID, AccusedName, AgeYear, GenderID, PersonID) VALUES (111, 49, 'Manbir Agate', 23, 2, 'A1');
INSERT INTO Accused (AccusedMasterID, CaseMasterID, AccusedName, AgeYear, GenderID, PersonID) VALUES (112, 49, 'Zashil Ghosh', 48, 1, 'A2');
INSERT INTO ActSectionAssociation (CaseMasterID, ActID, SectionID, ActOrderID, SectionOrderID) VALUES (49, 'NDPS', '27', 1, 1);
INSERT INTO ActSectionAssociation (CaseMasterID, ActID, SectionID, ActOrderID, SectionOrderID) VALUES (49, 'ITA', '66C', 2, 2);
INSERT INTO ArrestSurrender (ArrestSurrenderID, CaseMasterID, ArrestSurrenderTypeID, ArrestSurrenderDate, ArrestSurrenderStateId, ArrestSurrenderDistrictId, PoliceStationID, IOID, CourtID, AccusedMasterID, IsAccused, IsComplainantAccused) VALUES (36, 49, 2, '2023-10-23', 1, 12, 11, 37, 22, 111, TRUE, FALSE);
INSERT INTO inv_arrestsurrenderaccused (ArrestSurrenderID, AccusedMasterID) VALUES (36, 111);
INSERT INTO ArrestSurrender (ArrestSurrenderID, CaseMasterID, ArrestSurrenderTypeID, ArrestSurrenderDate, ArrestSurrenderStateId, ArrestSurrenderDistrictId, PoliceStationID, IOID, CourtID, AccusedMasterID, IsAccused, IsComplainantAccused) VALUES (37, 49, 1, '2023-10-16', 1, 12, 11, 13, 22, 112, TRUE, FALSE);
INSERT INTO inv_arrestsurrenderaccused (ArrestSurrenderID, AccusedMasterID) VALUES (37, 112);
INSERT INTO Inv_OccuranceTime (CaseMasterID, OccuranceFromDate, OccuranceToDate, PlaceOfOccurance, latitude, longitude) VALUES (49, '2023-09-27T11:16:00', '2023-09-27T11:16:00', 'Dhillon Road, Vijayapura', 15.3839619, 75.1984069);
INSERT INTO ChargesheetDetails (CSID, CaseMasterID, csdate, cstype, PolicePersonID) VALUES (15, 49, '2023-11-08', 'A', 51);

INSERT INTO CaseMaster (CaseMasterID, CrimeNo, CaseNo, CrimeRegisteredDate, PolicePersonID, PoliceStationID, CaseCategoryID, GravityOffenceID, CrimeMajorHeadID, CrimeMinorHeadID, CaseStatusID, CourtID, IncidentFromDate, IncidentToDate, InfoReceivedPSDate, latitude, longitude, BriefFacts) VALUES (50, '800190018202300001', '202300001', '2023-11-11', 63, 18, 8, 2, 1, 4, 1, 28, '2023-11-11T06:10:00', '2023-11-11T08:10:00', '2023-11-11T09:10:00', 12.8460871, 74.8452844, 'A cyber fraud was reported by Karan Aurora. The accused posed as a bank official and obtained OTP and banking credentials through a phone call on 2023-11-11. An amount of Rs. 2500000 was fraudulently transferred from the complainant''s account.');
INSERT INTO ComplainantDetails (ComplainantID, CaseMasterID, ComplainantName, AgeYear, OccupationID, ReligionID, CasteID, GenderID) VALUES (50, 50, 'Karan Aurora', 37, 2, 2, 1, 1);
INSERT INTO Victim (VictimMasterID, CaseMasterID, VictimName, AgeYear, GenderID, VictimPolice) VALUES (73, 50, 'Wazir Naik', 74, 2, '0');
INSERT INTO Accused (AccusedMasterID, CaseMasterID, AccusedName, AgeYear, GenderID, PersonID) VALUES (113, 50, 'Warjas Gaba', 53, 1, 'A1');
INSERT INTO Accused (AccusedMasterID, CaseMasterID, AccusedName, AgeYear, GenderID, PersonID) VALUES (114, 50, 'Charles Date', 51, 2, 'A2');
INSERT INTO ActSectionAssociation (CaseMasterID, ActID, SectionID, ActOrderID, SectionOrderID) VALUES (50, 'ITA', '66C', 1, 1);
INSERT INTO ActSectionAssociation (CaseMasterID, ActID, SectionID, ActOrderID, SectionOrderID) VALUES (50, 'ITA', '66D', 2, 2);
INSERT INTO ActSectionAssociation (CaseMasterID, ActID, SectionID, ActOrderID, SectionOrderID) VALUES (50, 'IPC', '420', 3, 3);
INSERT INTO Inv_OccuranceTime (CaseMasterID, OccuranceFromDate, OccuranceToDate, PlaceOfOccurance, latitude, longitude) VALUES (50, '2023-11-11T06:10:00', '2023-11-11T08:10:00', 'Ghosh Nagar, Gadag', 12.8460871, 74.8452844);

INSERT INTO CaseMaster (CaseMasterID, CrimeNo, CaseNo, CrimeRegisteredDate, PolicePersonID, PoliceStationID, CaseCategoryID, GravityOffenceID, CrimeMajorHeadID, CrimeMinorHeadID, CaseStatusID, CourtID, IncidentFromDate, IncidentToDate, InfoReceivedPSDate, latitude, longitude, BriefFacts) VALUES (51, '100180017202500001', '202500001', '2025-10-03', 74, 17, 1, 2, 1, 8, 6, 29, '2025-10-03T04:02:00', '2025-10-03T07:02:00', '2025-10-03T08:02:00', 12.3853161, 76.6235826, 'A case of cheating was reported by Devansh Soni stating that the accused Siya Thakur fraudulently obtained Rs. 10000 by promising a job in a government department. The accused collected money over a period of 14 months and disappeared.');
INSERT INTO ComplainantDetails (ComplainantID, CaseMasterID, ComplainantName, AgeYear, OccupationID, ReligionID, CasteID, GenderID) VALUES (51, 51, 'Devansh Soni', 53, 14, 1, 4, 1);
INSERT INTO Victim (VictimMasterID, CaseMasterID, VictimName, AgeYear, GenderID, VictimPolice) VALUES (74, 51, 'Janaki Varghese', 17, 1, '0');
INSERT INTO Accused (AccusedMasterID, CaseMasterID, AccusedName, AgeYear, GenderID, PersonID) VALUES (115, 51, 'Siya Thakur', 36, 2, 'A1');
INSERT INTO ActSectionAssociation (CaseMasterID, ActID, SectionID, ActOrderID, SectionOrderID) VALUES (51, 'POCSO', '6', 1, 1);
INSERT INTO ActSectionAssociation (CaseMasterID, ActID, SectionID, ActOrderID, SectionOrderID) VALUES (51, 'ITA', '67', 2, 2);
INSERT INTO ArrestSurrender (ArrestSurrenderID, CaseMasterID, ArrestSurrenderTypeID, ArrestSurrenderDate, ArrestSurrenderStateId, ArrestSurrenderDistrictId, PoliceStationID, IOID, CourtID, AccusedMasterID, IsAccused, IsComplainantAccused) VALUES (38, 51, 2, '2025-10-12', 1, 18, 17, 5, 29, 115, TRUE, FALSE);
INSERT INTO inv_arrestsurrenderaccused (ArrestSurrenderID, AccusedMasterID) VALUES (38, 115);
INSERT INTO Inv_OccuranceTime (CaseMasterID, OccuranceFromDate, OccuranceToDate, PlaceOfOccurance, latitude, longitude) VALUES (51, '2025-10-03T04:02:00', '2025-10-03T07:02:00', 'Bassi Ganj, Udupi', 12.3853161, 76.6235826);

INSERT INTO CaseMaster (CaseMasterID, CrimeNo, CaseNo, CrimeRegisteredDate, PolicePersonID, PoliceStationID, CaseCategoryID, GravityOffenceID, CrimeMajorHeadID, CrimeMinorHeadID, CaseStatusID, CourtID, IncidentFromDate, IncidentToDate, InfoReceivedPSDate, latitude, longitude, BriefFacts) VALUES (52, '400300029202500001', '202500001', '2025-09-18', 43, 29, 4, 2, 1, 4, 3, 18, '2025-09-18T09:19:00', '2025-09-18T11:19:00', '2025-09-18T18:19:00', 11.6416302, 77.6782367, 'On 2025-09-18, the complainant Tara Balasubramanian reported that their SUV bearing registration number KA-42-CG-8237 was stolen from Borah Chowk, Bidar. The vehicle was parked outside a residential apartment and was found missing when the complainant returned.');
INSERT INTO ComplainantDetails (ComplainantID, CaseMasterID, ComplainantName, AgeYear, OccupationID, ReligionID, CasteID, GenderID) VALUES (52, 52, 'Tara Balasubramanian', 23, 6, 1, 3, 2);
INSERT INTO Victim (VictimMasterID, CaseMasterID, VictimName, AgeYear, GenderID, VictimPolice) VALUES (75, 52, 'Varenya Ratti', 72, 3, '1');
INSERT INTO Accused (AccusedMasterID, CaseMasterID, AccusedName, AgeYear, GenderID, PersonID) VALUES (116, 52, 'Hritik Swaminathan', 30, 1, 'A1');
INSERT INTO ActSectionAssociation (CaseMasterID, ActID, SectionID, ActOrderID, SectionOrderID) VALUES (52, 'IPC', '506', 1, 1);
INSERT INTO ArrestSurrender (ArrestSurrenderID, CaseMasterID, ArrestSurrenderTypeID, ArrestSurrenderDate, ArrestSurrenderStateId, ArrestSurrenderDistrictId, PoliceStationID, IOID, CourtID, AccusedMasterID, IsAccused, IsComplainantAccused) VALUES (39, 52, 2, '2025-10-05', 1, 30, 29, 60, 18, 116, TRUE, FALSE);
INSERT INTO inv_arrestsurrenderaccused (ArrestSurrenderID, AccusedMasterID) VALUES (39, 116);
INSERT INTO Inv_OccuranceTime (CaseMasterID, OccuranceFromDate, OccuranceToDate, PlaceOfOccurance, latitude, longitude) VALUES (52, '2025-09-18T09:19:00', '2025-09-18T11:19:00', 'Borah Chowk, Bidar', 11.6416302, 77.6782367);

INSERT INTO CaseMaster (CaseMasterID, CrimeNo, CaseNo, CrimeRegisteredDate, PolicePersonID, PoliceStationID, CaseCategoryID, GravityOffenceID, CrimeMajorHeadID, CrimeMinorHeadID, CaseStatusID, CourtID, IncidentFromDate, IncidentToDate, InfoReceivedPSDate, latitude, longitude, BriefFacts) VALUES (53, '800140013202600001', '202600001', '2026-03-25', 16, 13, 8, 1, 2, 16, 1, 39, '2026-03-25T05:53:00', '2026-03-25T07:53:00', '2026-03-25T18:53:00', 15.8100516, 74.4736153, 'A cyber fraud was reported by Manbir Bhatti. The accused posed as a bank official and obtained OTP and banking credentials through a phone call on 2026-03-25. An amount of Rs. 50000 was fraudulently transferred from the complainant''s account.');
INSERT INTO ComplainantDetails (ComplainantID, CaseMasterID, ComplainantName, AgeYear, OccupationID, ReligionID, CasteID, GenderID) VALUES (53, 53, 'Manbir Bhatti', 58, 10, 6, 3, 2);
INSERT INTO Victim (VictimMasterID, CaseMasterID, VictimName, AgeYear, GenderID, VictimPolice) VALUES (76, 53, 'Anvi Nair', 49, 2, '0');
INSERT INTO Victim (VictimMasterID, CaseMasterID, VictimName, AgeYear, GenderID, VictimPolice) VALUES (77, 53, 'Sudiksha Tiwari', 64, 2, '0');
INSERT INTO Accused (AccusedMasterID, CaseMasterID, AccusedName, AgeYear, GenderID, PersonID) VALUES (117, 53, 'Advika Jayaraman', 43, 1, 'A1');
INSERT INTO Accused (AccusedMasterID, CaseMasterID, AccusedName, AgeYear, GenderID, PersonID) VALUES (118, 53, 'Joshua Barman', 41, 2, 'A2');
INSERT INTO Accused (AccusedMasterID, CaseMasterID, AccusedName, AgeYear, GenderID, PersonID) VALUES (119, 53, 'Hardik Contractor', 24, 2, 'A3');
INSERT INTO Accused (AccusedMasterID, CaseMasterID, AccusedName, AgeYear, GenderID, PersonID) VALUES (120, 53, 'Nakul Sarma', 38, 2, 'A4');
INSERT INTO ActSectionAssociation (CaseMasterID, ActID, SectionID, ActOrderID, SectionOrderID) VALUES (53, 'POCSO', '4', 1, 1);
INSERT INTO ActSectionAssociation (CaseMasterID, ActID, SectionID, ActOrderID, SectionOrderID) VALUES (53, 'NDPS', '27', 2, 2);
INSERT INTO Inv_OccuranceTime (CaseMasterID, OccuranceFromDate, OccuranceToDate, PlaceOfOccurance, latitude, longitude) VALUES (53, '2026-03-25T05:53:00', '2026-03-25T07:53:00', 'Wali Marg, Hassan', 15.8100516, 74.4736153);

INSERT INTO CaseMaster (CaseMasterID, CrimeNo, CaseNo, CrimeRegisteredDate, PolicePersonID, PoliceStationID, CaseCategoryID, GravityOffenceID, CrimeMajorHeadID, CrimeMinorHeadID, CaseStatusID, CourtID, IncidentFromDate, IncidentToDate, InfoReceivedPSDate, latitude, longitude, BriefFacts) VALUES (54, '100270026202600001', '202600001', '2026-02-02', 77, 26, 1, 4, 8, 43, 1, 9, '2026-02-02T08:58:00', '2026-02-02T11:58:00', '2026-02-02T17:58:00', 16.087804, 78.4886109, 'The complainant Qushi Seth, a shopkeeper at Rastogi Chowk, Chamarajanagara, reported that the accused Janya Baral along with others robbed the shop at knife-point on 2026-02-02 and fled with cash Rs. 1000000 and valuables.');
INSERT INTO ComplainantDetails (ComplainantID, CaseMasterID, ComplainantName, AgeYear, OccupationID, ReligionID, CasteID, GenderID) VALUES (54, 54, 'Qushi Seth', 55, 6, 6, 3, 1);
INSERT INTO Victim (VictimMasterID, CaseMasterID, VictimName, AgeYear, GenderID, VictimPolice) VALUES (78, 54, 'Odika Nori', 33, 3, '0');
INSERT INTO Accused (AccusedMasterID, CaseMasterID, AccusedName, AgeYear, GenderID, PersonID) VALUES (121, 54, 'Janya Baral', 39, 2, 'A1');
INSERT INTO Accused (AccusedMasterID, CaseMasterID, AccusedName, AgeYear, GenderID, PersonID) VALUES (122, 54, 'Girish Munshi', 36, 2, 'A2');
INSERT INTO ActSectionAssociation (CaseMasterID, ActID, SectionID, ActOrderID, SectionOrderID) VALUES (54, 'ITA', '66', 1, 1);
INSERT INTO Inv_OccuranceTime (CaseMasterID, OccuranceFromDate, OccuranceToDate, PlaceOfOccurance, latitude, longitude) VALUES (54, '2026-02-02T08:58:00', '2026-02-02T11:58:00', 'Rastogi Chowk, Chamarajanagara', 16.087804, 78.4886109);

INSERT INTO CaseMaster (CaseMasterID, CrimeNo, CaseNo, CrimeRegisteredDate, PolicePersonID, PoliceStationID, CaseCategoryID, GravityOffenceID, CrimeMajorHeadID, CrimeMinorHeadID, CaseStatusID, CourtID, IncidentFromDate, IncidentToDate, InfoReceivedPSDate, latitude, longitude, BriefFacts) VALUES (55, '800200019202400001', '202400001', '2024-10-23', 80, 19, 8, 1, 5, 31, 5, 33, '2024-10-23T04:08:00', '2024-10-23T05:08:00', '2024-10-23T10:08:00', 15.7989851, 74.4880789, 'The deceased Ekalinga Chand, aged 27, was found dead under suspicious circumstances at Pradhan Zila, Haveri on 2024-10-23. The investigation revealed that the accused Girik Sankaran, who is a relative of the deceased, had a dispute over property worth Rs. 1000000.');
INSERT INTO ComplainantDetails (ComplainantID, CaseMasterID, ComplainantName, AgeYear, OccupationID, ReligionID, CasteID, GenderID) VALUES (55, 55, 'Kavya Dua', 25, 5, 5, 4, 2);
INSERT INTO Victim (VictimMasterID, CaseMasterID, VictimName, AgeYear, GenderID, VictimPolice) VALUES (79, 55, 'Ekalinga Chand', 66, 2, '1');
INSERT INTO Accused (AccusedMasterID, CaseMasterID, AccusedName, AgeYear, GenderID, PersonID) VALUES (123, 55, 'Girik Sankaran', 41, 1, 'A1');
INSERT INTO Accused (AccusedMasterID, CaseMasterID, AccusedName, AgeYear, GenderID, PersonID) VALUES (124, 55, 'Darpan Narayan', 51, 1, 'A2');
INSERT INTO ActSectionAssociation (CaseMasterID, ActID, SectionID, ActOrderID, SectionOrderID) VALUES (55, 'IPC', '149', 1, 1);
INSERT INTO Inv_OccuranceTime (CaseMasterID, OccuranceFromDate, OccuranceToDate, PlaceOfOccurance, latitude, longitude) VALUES (55, '2024-10-23T04:08:00', '2024-10-23T05:08:00', 'Pradhan Zila, Haveri', 15.7989851, 74.4880789);

INSERT INTO CaseMaster (CaseMasterID, CrimeNo, CaseNo, CrimeRegisteredDate, PolicePersonID, PoliceStationID, CaseCategoryID, GravityOffenceID, CrimeMajorHeadID, CrimeMinorHeadID, CaseStatusID, CourtID, IncidentFromDate, IncidentToDate, InfoReceivedPSDate, latitude, longitude, BriefFacts) VALUES (56, '200240023202500001', '202500001', '2025-07-17', 45, 23, 2, 3, 2, 9, 1, 33, '2025-07-17T09:29:00', '2025-07-17T13:29:00', '2025-07-17T22:29:00', 12.3098274, 76.6455003, 'A case of cheating was reported by Irya Sampath stating that the accused Hemang Tripathi fraudulently obtained Rs. 25000 by promising a job in a government department. The accused collected money over a period of 2 months and disappeared.');
INSERT INTO ComplainantDetails (ComplainantID, CaseMasterID, ComplainantName, AgeYear, OccupationID, ReligionID, CasteID, GenderID) VALUES (56, 56, 'Irya Sampath', 61, 2, 4, 3, 1);
INSERT INTO Victim (VictimMasterID, CaseMasterID, VictimName, AgeYear, GenderID, VictimPolice) VALUES (80, 56, 'Bhavna Muni', 11, 3, '0');
INSERT INTO Accused (AccusedMasterID, CaseMasterID, AccusedName, AgeYear, GenderID, PersonID) VALUES (125, 56, 'Hemang Tripathi', 21, 1, 'A1');
INSERT INTO Accused (AccusedMasterID, CaseMasterID, AccusedName, AgeYear, GenderID, PersonID) VALUES (126, 56, 'Udarsh Chokshi', 42, 1, 'A2');
INSERT INTO Accused (AccusedMasterID, CaseMasterID, AccusedName, AgeYear, GenderID, PersonID) VALUES (127, 56, 'Jhalak Contractor', 48, 1, 'A3');
INSERT INTO Accused (AccusedMasterID, CaseMasterID, AccusedName, AgeYear, GenderID, PersonID) VALUES (128, 56, 'Upkaar Sanghvi', 18, 2, 'A4');
INSERT INTO ActSectionAssociation (CaseMasterID, ActID, SectionID, ActOrderID, SectionOrderID) VALUES (56, 'IPC', '341', 1, 1);
INSERT INTO ActSectionAssociation (CaseMasterID, ActID, SectionID, ActOrderID, SectionOrderID) VALUES (56, 'POCSO', '8', 2, 2);
INSERT INTO Inv_OccuranceTime (CaseMasterID, OccuranceFromDate, OccuranceToDate, PlaceOfOccurance, latitude, longitude) VALUES (56, '2025-07-17T09:29:00', '2025-07-17T13:29:00', 'Dubey Ganj, Chikkaballapura', 12.3098274, 76.6455003);

INSERT INTO CaseMaster (CaseMasterID, CrimeNo, CaseNo, CrimeRegisteredDate, PolicePersonID, PoliceStationID, CaseCategoryID, GravityOffenceID, CrimeMajorHeadID, CrimeMinorHeadID, CaseStatusID, CourtID, IncidentFromDate, IncidentToDate, InfoReceivedPSDate, latitude, longitude, BriefFacts) VALUES (57, '200150014202600001', '202600001', '2026-01-25', 14, 14, 2, 1, 3, 19, 1, 7, '2026-01-25T16:12:00', '2026-01-25T18:12:00', '2026-01-26T05:12:00', 12.8806291, 74.8796306, 'The deceased Anjali More, aged 31, was found dead under suspicious circumstances at Panchal Path, Chitradurga on 2026-01-25. The investigation revealed that the accused Adweta Edwin, who is a relative of the deceased, had a dispute over property worth Rs. 5000.');
INSERT INTO ComplainantDetails (ComplainantID, CaseMasterID, ComplainantName, AgeYear, OccupationID, ReligionID, CasteID, GenderID) VALUES (57, 57, 'Amara Balakrishnan', 36, 8, 4, 3, 2);
INSERT INTO Victim (VictimMasterID, CaseMasterID, VictimName, AgeYear, GenderID, VictimPolice) VALUES (81, 57, 'Anjali More', 17, 1, '0');
INSERT INTO Accused (AccusedMasterID, CaseMasterID, AccusedName, AgeYear, GenderID, PersonID) VALUES (129, 57, 'Adweta Edwin', 41, 2, 'A1');
INSERT INTO Accused (AccusedMasterID, CaseMasterID, AccusedName, AgeYear, GenderID, PersonID) VALUES (130, 57, 'Pratyush Dhar', 25, 1, 'A2');
INSERT INTO Accused (AccusedMasterID, CaseMasterID, AccusedName, AgeYear, GenderID, PersonID) VALUES (131, 57, 'Ekaraj Dhar', 20, 1, 'A3');
INSERT INTO Accused (AccusedMasterID, CaseMasterID, AccusedName, AgeYear, GenderID, PersonID) VALUES (132, 57, 'Gavin Wali', 28, 2, 'A4');
INSERT INTO ActSectionAssociation (CaseMasterID, ActID, SectionID, ActOrderID, SectionOrderID) VALUES (57, 'ITA', '66D', 1, 1);
INSERT INTO ActSectionAssociation (CaseMasterID, ActID, SectionID, ActOrderID, SectionOrderID) VALUES (57, 'IPC', '406', 2, 2);
INSERT INTO Inv_OccuranceTime (CaseMasterID, OccuranceFromDate, OccuranceToDate, PlaceOfOccurance, latitude, longitude) VALUES (57, '2026-01-25T16:12:00', '2026-01-25T18:12:00', 'Panchal Path, Chitradurga', 12.8806291, 74.8796306);

INSERT INTO CaseMaster (CaseMasterID, CrimeNo, CaseNo, CrimeRegisteredDate, PolicePersonID, PoliceStationID, CaseCategoryID, GravityOffenceID, CrimeMajorHeadID, CrimeMinorHeadID, CaseStatusID, CourtID, IncidentFromDate, IncidentToDate, InfoReceivedPSDate, latitude, longitude, BriefFacts) VALUES (58, '200050004202400001', '202400001', '2024-03-05', 52, 4, 2, 4, 5, 30, 1, 25, '2024-03-05T05:07:00', '2024-03-05T06:07:00', '2024-03-05T17:07:00', 14.8477151, 75.8978292, 'A case of cheating was reported by Sudiksha Om stating that the accused Frado Ben fraudulently obtained Rs. 1000000 by promising a job in a government department. The accused collected money over a period of 14 months and disappeared.');
INSERT INTO ComplainantDetails (ComplainantID, CaseMasterID, ComplainantName, AgeYear, OccupationID, ReligionID, CasteID, GenderID) VALUES (58, 58, 'Sudiksha Om', 36, 11, 1, 5, 1);
INSERT INTO Victim (VictimMasterID, CaseMasterID, VictimName, AgeYear, GenderID, VictimPolice) VALUES (82, 58, 'Kala Muni', 48, 3, '0');
INSERT INTO Victim (VictimMasterID, CaseMasterID, VictimName, AgeYear, GenderID, VictimPolice) VALUES (83, 58, 'Finn Magar', 17, 2, '0');
INSERT INTO Victim (VictimMasterID, CaseMasterID, VictimName, AgeYear, GenderID, VictimPolice) VALUES (84, 58, 'Panini Sunder', 36, 2, '0');
INSERT INTO Accused (AccusedMasterID, CaseMasterID, AccusedName, AgeYear, GenderID, PersonID) VALUES (133, 58, 'Frado Ben', 42, 1, 'A1');
INSERT INTO Accused (AccusedMasterID, CaseMasterID, AccusedName, AgeYear, GenderID, PersonID) VALUES (134, 58, 'Oeshi Mahajan', 53, 1, 'A2');
INSERT INTO Accused (AccusedMasterID, CaseMasterID, AccusedName, AgeYear, GenderID, PersonID) VALUES (135, 58, 'Lavanya Barad', 28, 2, 'A3');
INSERT INTO ActSectionAssociation (CaseMasterID, ActID, SectionID, ActOrderID, SectionOrderID) VALUES (58, 'NDPS', '20', 1, 1);
INSERT INTO ActSectionAssociation (CaseMasterID, ActID, SectionID, ActOrderID, SectionOrderID) VALUES (58, 'ITA', '66D', 2, 2);
INSERT INTO ArrestSurrender (ArrestSurrenderID, CaseMasterID, ArrestSurrenderTypeID, ArrestSurrenderDate, ArrestSurrenderStateId, ArrestSurrenderDistrictId, PoliceStationID, IOID, CourtID, AccusedMasterID, IsAccused, IsComplainantAccused) VALUES (40, 58, 2, '2024-04-09', 1, 5, 4, 52, 25, 133, TRUE, FALSE);
INSERT INTO inv_arrestsurrenderaccused (ArrestSurrenderID, AccusedMasterID) VALUES (40, 133);
INSERT INTO ArrestSurrender (ArrestSurrenderID, CaseMasterID, ArrestSurrenderTypeID, ArrestSurrenderDate, ArrestSurrenderStateId, ArrestSurrenderDistrictId, PoliceStationID, IOID, CourtID, AccusedMasterID, IsAccused, IsComplainantAccused) VALUES (41, 58, 1, '2024-04-26', 1, 5, 4, 11, 25, 135, TRUE, FALSE);
INSERT INTO inv_arrestsurrenderaccused (ArrestSurrenderID, AccusedMasterID) VALUES (41, 135);
INSERT INTO Inv_OccuranceTime (CaseMasterID, OccuranceFromDate, OccuranceToDate, PlaceOfOccurance, latitude, longitude) VALUES (58, '2024-03-05T05:07:00', '2024-03-05T06:07:00', 'Dugar Street, Hubballi-Dharwad', 14.8477151, 75.8978292);

INSERT INTO CaseMaster (CaseMasterID, CrimeNo, CaseNo, CrimeRegisteredDate, PolicePersonID, PoliceStationID, CaseCategoryID, GravityOffenceID, CrimeMajorHeadID, CrimeMinorHeadID, CaseStatusID, CourtID, IncidentFromDate, IncidentToDate, InfoReceivedPSDate, latitude, longitude, BriefFacts) VALUES (59, '400160015202400002', '202400002', '2024-03-06', 74, 15, 4, 4, 1, 6, 5, 29, '2024-03-06T12:26:00', '2024-03-06T12:26:00', '2024-03-06T20:26:00', 15.8494168, 74.4882362, 'The complainant Hemani Sani, a shopkeeper at Bhakta Marg, Mandya, reported that the accused Chakradev Kannan along with others robbed the shop at knife-point on 2024-03-06 and fled with cash Rs. 2500000 and valuables.');
INSERT INTO ComplainantDetails (ComplainantID, CaseMasterID, ComplainantName, AgeYear, OccupationID, ReligionID, CasteID, GenderID) VALUES (59, 59, 'Hemani Sani', 43, 15, 1, 1, 1);
INSERT INTO Victim (VictimMasterID, CaseMasterID, VictimName, AgeYear, GenderID, VictimPolice) VALUES (85, 59, 'Bhanumati Sur', 50, 3, '0');
INSERT INTO Accused (AccusedMasterID, CaseMasterID, AccusedName, AgeYear, GenderID, PersonID) VALUES (136, 59, 'Chakradev Kannan', 51, 2, 'A1');
INSERT INTO ActSectionAssociation (CaseMasterID, ActID, SectionID, ActOrderID, SectionOrderID) VALUES (59, 'IPC', '307', 1, 1);
INSERT INTO ActSectionAssociation (CaseMasterID, ActID, SectionID, ActOrderID, SectionOrderID) VALUES (59, 'NDPS', '22', 2, 2);
INSERT INTO ActSectionAssociation (CaseMasterID, ActID, SectionID, ActOrderID, SectionOrderID) VALUES (59, 'NDPS', '27', 3, 3);
INSERT INTO Inv_OccuranceTime (CaseMasterID, OccuranceFromDate, OccuranceToDate, PlaceOfOccurance, latitude, longitude) VALUES (59, '2024-03-06T12:26:00', '2024-03-06T12:26:00', 'Bhakta Marg, Mandya', 15.8494168, 74.4882362);

INSERT INTO CaseMaster (CaseMasterID, CrimeNo, CaseNo, CrimeRegisteredDate, PolicePersonID, PoliceStationID, CaseCategoryID, GravityOffenceID, CrimeMajorHeadID, CrimeMinorHeadID, CaseStatusID, CourtID, IncidentFromDate, IncidentToDate, InfoReceivedPSDate, latitude, longitude, BriefFacts) VALUES (60, '400050004202300001', '202300001', '2023-07-22', 33, 4, 4, 2, 2, 13, 1, 26, '2023-07-22T13:02:00', '2023-07-22T17:02:00', '2023-07-22T18:02:00', 12.2908534, 76.6160406, 'The complainant Siddharth Devan, a shopkeeper at Gill Marg, Hubballi-Dharwad, reported that the accused Abhimanyu Tank along with others robbed the shop at knife-point on 2023-07-22 and fled with cash Rs. 5000 and valuables.');
INSERT INTO ComplainantDetails (ComplainantID, CaseMasterID, ComplainantName, AgeYear, OccupationID, ReligionID, CasteID, GenderID) VALUES (60, 60, 'Siddharth Devan', 58, 11, 5, 4, 2);
INSERT INTO Victim (VictimMasterID, CaseMasterID, VictimName, AgeYear, GenderID, VictimPolice) VALUES (86, 60, 'Bimala Narang', 36, 2, '0');
INSERT INTO Victim (VictimMasterID, CaseMasterID, VictimName, AgeYear, GenderID, VictimPolice) VALUES (87, 60, 'Lajita Walia', 48, 2, '0');
INSERT INTO Victim (VictimMasterID, CaseMasterID, VictimName, AgeYear, GenderID, VictimPolice) VALUES (88, 60, 'Xiti Pandya', 22, 1, '0');
INSERT INTO Accused (AccusedMasterID, CaseMasterID, AccusedName, AgeYear, GenderID, PersonID) VALUES (137, 60, 'Abhimanyu Tank', 50, 2, 'A1');
INSERT INTO Accused (AccusedMasterID, CaseMasterID, AccusedName, AgeYear, GenderID, PersonID) VALUES (138, 60, 'Mekhala Basak', 53, 2, 'A2');
INSERT INTO Accused (AccusedMasterID, CaseMasterID, AccusedName, AgeYear, GenderID, PersonID) VALUES (139, 60, 'Anirudh Sharaf', 53, 1, 'A3');
INSERT INTO ActSectionAssociation (CaseMasterID, ActID, SectionID, ActOrderID, SectionOrderID) VALUES (60, 'NDPS', '27', 1, 1);
INSERT INTO Inv_OccuranceTime (CaseMasterID, OccuranceFromDate, OccuranceToDate, PlaceOfOccurance, latitude, longitude) VALUES (60, '2023-07-22T13:02:00', '2023-07-22T17:02:00', 'Gill Marg, Hubballi-Dharwad', 12.2908534, 76.6160406);

INSERT INTO CaseMaster (CaseMasterID, CrimeNo, CaseNo, CrimeRegisteredDate, PolicePersonID, PoliceStationID, CaseCategoryID, GravityOffenceID, CrimeMajorHeadID, CrimeMinorHeadID, CaseStatusID, CourtID, IncidentFromDate, IncidentToDate, InfoReceivedPSDate, latitude, longitude, BriefFacts) VALUES (61, '300010030202600001', '202600001', '2026-04-18', 17, 30, 3, 2, 6, 33, 2, 41, '2026-04-18T18:36:00', '2026-04-18T21:36:00', '2026-04-19T07:36:00', 12.975948, 77.5304753, 'The complainant Pushti Ravel reported domestic violence by husband Ansh Nair and in-laws. The accused demanded additional dowry of Rs. 25000 and subjected the complainant to physical and mental harassment since 3 years.');
INSERT INTO ComplainantDetails (ComplainantID, CaseMasterID, ComplainantName, AgeYear, OccupationID, ReligionID, CasteID, GenderID) VALUES (61, 61, 'Pushti Ravel', 38, 7, 7, 5, 1);
INSERT INTO Victim (VictimMasterID, CaseMasterID, VictimName, AgeYear, GenderID, VictimPolice) VALUES (89, 61, 'Bimala Contractor', 62, 1, '0');
INSERT INTO Accused (AccusedMasterID, CaseMasterID, AccusedName, AgeYear, GenderID, PersonID) VALUES (140, 61, 'Ansh Nair', 53, 1, 'A1');
INSERT INTO Accused (AccusedMasterID, CaseMasterID, AccusedName, AgeYear, GenderID, PersonID) VALUES (141, 61, 'Gaurang Sarkar', 53, 2, 'A2');
INSERT INTO Accused (AccusedMasterID, CaseMasterID, AccusedName, AgeYear, GenderID, PersonID) VALUES (142, 61, 'Yagnesh Sarin', 36, 1, 'A3');
INSERT INTO ActSectionAssociation (CaseMasterID, ActID, SectionID, ActOrderID, SectionOrderID) VALUES (61, 'ITA', '67', 1, 1);
INSERT INTO ActSectionAssociation (CaseMasterID, ActID, SectionID, ActOrderID, SectionOrderID) VALUES (61, 'POCSO', '8', 2, 2);
INSERT INTO ArrestSurrender (ArrestSurrenderID, CaseMasterID, ArrestSurrenderTypeID, ArrestSurrenderDate, ArrestSurrenderStateId, ArrestSurrenderDistrictId, PoliceStationID, IOID, CourtID, AccusedMasterID, IsAccused, IsComplainantAccused) VALUES (42, 61, 1, '2026-06-10', 1, 1, 30, 48, 41, 140, TRUE, FALSE);
INSERT INTO inv_arrestsurrenderaccused (ArrestSurrenderID, AccusedMasterID) VALUES (42, 140);
INSERT INTO ArrestSurrender (ArrestSurrenderID, CaseMasterID, ArrestSurrenderTypeID, ArrestSurrenderDate, ArrestSurrenderStateId, ArrestSurrenderDistrictId, PoliceStationID, IOID, CourtID, AccusedMasterID, IsAccused, IsComplainantAccused) VALUES (43, 61, 1, '2026-06-05', 1, 1, 30, 25, 41, 141, TRUE, FALSE);
INSERT INTO inv_arrestsurrenderaccused (ArrestSurrenderID, AccusedMasterID) VALUES (43, 141);
INSERT INTO Inv_OccuranceTime (CaseMasterID, OccuranceFromDate, OccuranceToDate, PlaceOfOccurance, latitude, longitude) VALUES (61, '2026-04-18T18:36:00', '2026-04-18T21:36:00', 'Sharma Street, Bengaluru Urban', 12.975948, 77.5304753);
INSERT INTO ChargesheetDetails (CSID, CaseMasterID, csdate, cstype, PolicePersonID) VALUES (16, 61, '2026-08-01', 'A', 58);

INSERT INTO CaseMaster (CaseMasterID, CrimeNo, CaseNo, CrimeRegisteredDate, PolicePersonID, PoliceStationID, CaseCategoryID, GravityOffenceID, CrimeMajorHeadID, CrimeMinorHeadID, CaseStatusID, CourtID, IncidentFromDate, IncidentToDate, InfoReceivedPSDate, latitude, longitude, BriefFacts) VALUES (62, '200230022202500001', '202500001', '2025-04-19', 10, 22, 2, 2, 2, 12, 3, 8, '2025-04-19T05:37:00', '2025-04-19T07:37:00', '2025-04-19T07:37:00', 15.8425751, 74.5362161, 'A case of cheating was reported by Meghana Mukherjee stating that the accused Faraj Uppal fraudulently obtained Rs. 100000 by promising a job in a government department. The accused collected money over a period of 13 months and disappeared.');
INSERT INTO ComplainantDetails (ComplainantID, CaseMasterID, ComplainantName, AgeYear, OccupationID, ReligionID, CasteID, GenderID) VALUES (62, 62, 'Meghana Mukherjee', 54, 13, 1, 3, 1);
INSERT INTO Victim (VictimMasterID, CaseMasterID, VictimName, AgeYear, GenderID, VictimPolice) VALUES (90, 62, 'Timothy Nath', 47, 2, '0');
INSERT INTO Victim (VictimMasterID, CaseMasterID, VictimName, AgeYear, GenderID, VictimPolice) VALUES (91, 62, 'Ikshita Panchal', 32, 3, '0');
INSERT INTO Accused (AccusedMasterID, CaseMasterID, AccusedName, AgeYear, GenderID, PersonID) VALUES (143, 62, 'Faraj Uppal', 18, 1, 'A1');
INSERT INTO Accused (AccusedMasterID, CaseMasterID, AccusedName, AgeYear, GenderID, PersonID) VALUES (144, 62, 'Warinder Chauhan', 46, 1, 'A2');
INSERT INTO Accused (AccusedMasterID, CaseMasterID, AccusedName, AgeYear, GenderID, PersonID) VALUES (145, 62, 'Aahana Hora', 33, 1, 'A3');
INSERT INTO Accused (AccusedMasterID, CaseMasterID, AccusedName, AgeYear, GenderID, PersonID) VALUES (146, 62, 'Michael Borra', 38, 2, 'A4');
INSERT INTO Accused (AccusedMasterID, CaseMasterID, AccusedName, AgeYear, GenderID, PersonID) VALUES (147, 62, 'Wakeeta Shetty', 25, 2, 'A5');
INSERT INTO ActSectionAssociation (CaseMasterID, ActID, SectionID, ActOrderID, SectionOrderID) VALUES (62, 'POCSO', '4', 1, 1);
INSERT INTO ActSectionAssociation (CaseMasterID, ActID, SectionID, ActOrderID, SectionOrderID) VALUES (62, 'POCSO', '8', 2, 2);
INSERT INTO Inv_OccuranceTime (CaseMasterID, OccuranceFromDate, OccuranceToDate, PlaceOfOccurance, latitude, longitude) VALUES (62, '2025-04-19T05:37:00', '2025-04-19T07:37:00', 'Wali Zila, Ramanagara', 15.8425751, 74.5362161);

INSERT INTO CaseMaster (CaseMasterID, CrimeNo, CaseNo, CrimeRegisteredDate, PolicePersonID, PoliceStationID, CaseCategoryID, GravityOffenceID, CrimeMajorHeadID, CrimeMinorHeadID, CaseStatusID, CourtID, IncidentFromDate, IncidentToDate, InfoReceivedPSDate, latitude, longitude, BriefFacts) VALUES (63, '400170016202500001', '202500001', '2025-10-17', 6, 16, 4, 3, 8, 42, 1, 33, '2025-10-17T17:34:00', '2025-10-17T17:34:00', '2025-10-18T03:34:00', 13.0336523, 77.7032224, 'On 2025-10-17, the complainant Ekantika Mutti reported that their two-wheeler bearing registration number KA-30-WK-1620 was stolen from Sathe Chowk, Kodagu. The vehicle was parked outside a shopping mall and was found missing when the complainant returned.');
INSERT INTO ComplainantDetails (ComplainantID, CaseMasterID, ComplainantName, AgeYear, OccupationID, ReligionID, CasteID, GenderID) VALUES (63, 63, 'Ekantika Mutti', 56, 8, 3, 4, 2);
INSERT INTO Victim (VictimMasterID, CaseMasterID, VictimName, AgeYear, GenderID, VictimPolice) VALUES (92, 63, 'Ekantika Mutti', 56, 2, '0');
INSERT INTO Accused (AccusedMasterID, CaseMasterID, AccusedName, AgeYear, GenderID, PersonID) VALUES (148, 63, 'Ria Bir', 25, 1, 'A1');
INSERT INTO ActSectionAssociation (CaseMasterID, ActID, SectionID, ActOrderID, SectionOrderID) VALUES (63, 'IPC', '427', 1, 1);
INSERT INTO ActSectionAssociation (CaseMasterID, ActID, SectionID, ActOrderID, SectionOrderID) VALUES (63, 'IPC', '363', 2, 2);
INSERT INTO ActSectionAssociation (CaseMasterID, ActID, SectionID, ActOrderID, SectionOrderID) VALUES (63, 'IPC', '406', 3, 3);
INSERT INTO Inv_OccuranceTime (CaseMasterID, OccuranceFromDate, OccuranceToDate, PlaceOfOccurance, latitude, longitude) VALUES (63, '2025-10-17T17:34:00', '2025-10-17T17:34:00', 'Sathe Chowk, Kodagu', 13.0336523, 77.7032224);

INSERT INTO CaseMaster (CaseMasterID, CrimeNo, CaseNo, CrimeRegisteredDate, PolicePersonID, PoliceStationID, CaseCategoryID, GravityOffenceID, CrimeMajorHeadID, CrimeMinorHeadID, CaseStatusID, CourtID, IncidentFromDate, IncidentToDate, InfoReceivedPSDate, latitude, longitude, BriefFacts) VALUES (64, '100110010202500001', '202500001', '2025-06-04', 39, 10, 1, 1, 3, 19, 3, 29, '2025-06-04T04:47:00', '2025-06-04T07:47:00', '2025-06-04T19:47:00', 12.9106803, 77.6046463, 'A case of cheating was reported by Daksh Pandey stating that the accused Baljiwan Bhandari fraudulently obtained Rs. 5000 by promising a job in a government department. The accused collected money over a period of 6 months and disappeared.');
INSERT INTO ComplainantDetails (ComplainantID, CaseMasterID, ComplainantName, AgeYear, OccupationID, ReligionID, CasteID, GenderID) VALUES (64, 64, 'Daksh Pandey', 42, 7, 4, 5, 1);
INSERT INTO Victim (VictimMasterID, CaseMasterID, VictimName, AgeYear, GenderID, VictimPolice) VALUES (93, 64, 'Dayita Shenoy', 33, 3, '0');
INSERT INTO Accused (AccusedMasterID, CaseMasterID, AccusedName, AgeYear, GenderID, PersonID) VALUES (149, 64, 'Baljiwan Bhandari', 29, 1, 'A1');
INSERT INTO ActSectionAssociation (CaseMasterID, ActID, SectionID, ActOrderID, SectionOrderID) VALUES (64, 'ITA', '66', 1, 1);
INSERT INTO ActSectionAssociation (CaseMasterID, ActID, SectionID, ActOrderID, SectionOrderID) VALUES (64, 'POCSO', '8', 2, 2);
INSERT INTO ActSectionAssociation (CaseMasterID, ActID, SectionID, ActOrderID, SectionOrderID) VALUES (64, 'IPC', '392', 3, 3);
INSERT INTO ArrestSurrender (ArrestSurrenderID, CaseMasterID, ArrestSurrenderTypeID, ArrestSurrenderDate, ArrestSurrenderStateId, ArrestSurrenderDistrictId, PoliceStationID, IOID, CourtID, AccusedMasterID, IsAccused, IsComplainantAccused) VALUES (44, 64, 1, '2025-06-26', 1, 11, 10, 31, 29, 149, TRUE, FALSE);
INSERT INTO inv_arrestsurrenderaccused (ArrestSurrenderID, AccusedMasterID) VALUES (44, 149);
INSERT INTO Inv_OccuranceTime (CaseMasterID, OccuranceFromDate, OccuranceToDate, PlaceOfOccurance, latitude, longitude) VALUES (64, '2025-06-04T04:47:00', '2025-06-04T07:47:00', 'Mangat Path, Raichur', 12.9106803, 77.6046463);

INSERT INTO CaseMaster (CaseMasterID, CrimeNo, CaseNo, CrimeRegisteredDate, PolicePersonID, PoliceStationID, CaseCategoryID, GravityOffenceID, CrimeMajorHeadID, CrimeMinorHeadID, CaseStatusID, CourtID, IncidentFromDate, IncidentToDate, InfoReceivedPSDate, latitude, longitude, BriefFacts) VALUES (65, '100110010202300001', '202300001', '2023-10-06', 80, 10, 1, 1, 2, 13, 1, 29, '2023-10-06T18:23:00', '2023-10-06T20:23:00', '2023-10-07T02:23:00', 15.3546988, 75.097043, 'On 2023-10-06, the complainant Yashica Rajagopalan reported that their lorry bearing registration number KA-30-OL-6004 was stolen from Guha, Raichur. The vehicle was parked outside the office and was found missing when the complainant returned.');
INSERT INTO ComplainantDetails (ComplainantID, CaseMasterID, ComplainantName, AgeYear, OccupationID, ReligionID, CasteID, GenderID) VALUES (65, 65, 'Yashica Rajagopalan', 37, 5, 5, 2, 2);
INSERT INTO Victim (VictimMasterID, CaseMasterID, VictimName, AgeYear, GenderID, VictimPolice) VALUES (94, 65, 'Yashica Rajagopalan', 14, 3, '0');
INSERT INTO Victim (VictimMasterID, CaseMasterID, VictimName, AgeYear, GenderID, VictimPolice) VALUES (95, 65, 'Vamakshi Thaker', 7, 3, '0');
INSERT INTO Accused (AccusedMasterID, CaseMasterID, AccusedName, AgeYear, GenderID, PersonID) VALUES (150, 65, 'Benjamin Sengupta', 55, 2, 'A1');
INSERT INTO Accused (AccusedMasterID, CaseMasterID, AccusedName, AgeYear, GenderID, PersonID) VALUES (151, 65, 'David Seshadri', 31, 1, 'A2');
INSERT INTO Accused (AccusedMasterID, CaseMasterID, AccusedName, AgeYear, GenderID, PersonID) VALUES (152, 65, 'Hemal Chad', 52, 2, 'A3');
INSERT INTO Accused (AccusedMasterID, CaseMasterID, AccusedName, AgeYear, GenderID, PersonID) VALUES (153, 65, 'Balveer Kota', 27, 2, 'A4');
INSERT INTO ActSectionAssociation (CaseMasterID, ActID, SectionID, ActOrderID, SectionOrderID) VALUES (65, 'NDPS', '27', 1, 1);
INSERT INTO ActSectionAssociation (CaseMasterID, ActID, SectionID, ActOrderID, SectionOrderID) VALUES (65, 'POCSO', '4', 2, 2);
INSERT INTO ArrestSurrender (ArrestSurrenderID, CaseMasterID, ArrestSurrenderTypeID, ArrestSurrenderDate, ArrestSurrenderStateId, ArrestSurrenderDistrictId, PoliceStationID, IOID, CourtID, AccusedMasterID, IsAccused, IsComplainantAccused) VALUES (45, 65, 1, '2023-10-29', 1, 11, 10, 31, 29, 153, TRUE, FALSE);
INSERT INTO inv_arrestsurrenderaccused (ArrestSurrenderID, AccusedMasterID) VALUES (45, 153);
INSERT INTO Inv_OccuranceTime (CaseMasterID, OccuranceFromDate, OccuranceToDate, PlaceOfOccurance, latitude, longitude) VALUES (65, '2023-10-06T18:23:00', '2023-10-06T20:23:00', 'Guha, Raichur', 15.3546988, 75.097043);

INSERT INTO CaseMaster (CaseMasterID, CrimeNo, CaseNo, CrimeRegisteredDate, PolicePersonID, PoliceStationID, CaseCategoryID, GravityOffenceID, CrimeMajorHeadID, CrimeMinorHeadID, CaseStatusID, CourtID, IncidentFromDate, IncidentToDate, InfoReceivedPSDate, latitude, longitude, BriefFacts) VALUES (66, '800230022202500001', '202500001', '2025-08-27', 22, 22, 8, 2, 5, 29, 1, 37, '2025-08-27T23:46:00', '2025-08-28T02:46:00', '2025-08-28T07:46:00', 16.1158931, 78.35481, 'On 2025-08-27, the complainant Nathan Patla reported that their lorry bearing registration number KA-31-OB-1653 was stolen from Nigam Marg, Ramanagara. The vehicle was parked outside a commercial complex and was found missing when the complainant returned.');
INSERT INTO ComplainantDetails (ComplainantID, CaseMasterID, ComplainantName, AgeYear, OccupationID, ReligionID, CasteID, GenderID) VALUES (66, 66, 'Nathan Patla', 36, 6, 4, 4, 2);
INSERT INTO Victim (VictimMasterID, CaseMasterID, VictimName, AgeYear, GenderID, VictimPolice) VALUES (96, 66, 'Nathan Patla', 14, 3, '0');
INSERT INTO Accused (AccusedMasterID, CaseMasterID, AccusedName, AgeYear, GenderID, PersonID) VALUES (154, 66, 'Barkha Ram', 32, 2, 'A1');
INSERT INTO Accused (AccusedMasterID, CaseMasterID, AccusedName, AgeYear, GenderID, PersonID) VALUES (155, 66, 'Gaurika Bhatti', 40, 2, 'A2');
INSERT INTO Accused (AccusedMasterID, CaseMasterID, AccusedName, AgeYear, GenderID, PersonID) VALUES (156, 66, 'Girindra Raju', 18, 1, 'A3');
INSERT INTO Accused (AccusedMasterID, CaseMasterID, AccusedName, AgeYear, GenderID, PersonID) VALUES (157, 66, 'Zayyan Doctor', 32, 1, 'A4');
INSERT INTO Accused (AccusedMasterID, CaseMasterID, AccusedName, AgeYear, GenderID, PersonID) VALUES (158, 66, 'Finn Dhaliwal', 35, 1, 'A5');
INSERT INTO ActSectionAssociation (CaseMasterID, ActID, SectionID, ActOrderID, SectionOrderID) VALUES (66, 'NDPS', '20', 1, 1);
INSERT INTO ArrestSurrender (ArrestSurrenderID, CaseMasterID, ArrestSurrenderTypeID, ArrestSurrenderDate, ArrestSurrenderStateId, ArrestSurrenderDistrictId, PoliceStationID, IOID, CourtID, AccusedMasterID, IsAccused, IsComplainantAccused) VALUES (46, 66, 2, '2025-09-22', 1, 23, 22, 15, 37, 155, TRUE, FALSE);
INSERT INTO inv_arrestsurrenderaccused (ArrestSurrenderID, AccusedMasterID) VALUES (46, 155);
INSERT INTO Inv_OccuranceTime (CaseMasterID, OccuranceFromDate, OccuranceToDate, PlaceOfOccurance, latitude, longitude) VALUES (66, '2025-08-27T23:46:00', '2025-08-28T02:46:00', 'Nigam Marg, Ramanagara', 16.1158931, 78.35481);

INSERT INTO CaseMaster (CaseMasterID, CrimeNo, CaseNo, CrimeRegisteredDate, PolicePersonID, PoliceStationID, CaseCategoryID, GravityOffenceID, CrimeMajorHeadID, CrimeMinorHeadID, CaseStatusID, CourtID, IncidentFromDate, IncidentToDate, InfoReceivedPSDate, latitude, longitude, BriefFacts) VALUES (67, '400230022202600001', '202600001', '2026-04-13', 62, 22, 4, 4, 2, 14, 2, 42, '2026-04-13T18:37:00', '2026-04-13T19:37:00', '2026-04-13T21:37:00', 11.6571223, 74.1941495, 'A case of cheating was reported by Manya Dayal stating that the accused Prisha Andra fraudulently obtained Rs. 2500000 by promising a job in a government department. The accused collected money over a period of 2 months and disappeared.');
INSERT INTO ComplainantDetails (ComplainantID, CaseMasterID, ComplainantName, AgeYear, OccupationID, ReligionID, CasteID, GenderID) VALUES (67, 67, 'Manya Dayal', 46, 5, 7, 5, 1);
INSERT INTO Victim (VictimMasterID, CaseMasterID, VictimName, AgeYear, GenderID, VictimPolice) VALUES (97, 67, 'Dayita Puri', 70, 2, '0');
INSERT INTO Accused (AccusedMasterID, CaseMasterID, AccusedName, AgeYear, GenderID, PersonID) VALUES (159, 67, 'Prisha Andra', 47, 1, 'A1');
INSERT INTO Accused (AccusedMasterID, CaseMasterID, AccusedName, AgeYear, GenderID, PersonID) VALUES (160, 67, 'Pallavi Trivedi', 42, 1, 'A2');
INSERT INTO Accused (AccusedMasterID, CaseMasterID, AccusedName, AgeYear, GenderID, PersonID) VALUES (161, 67, 'Kevin Palla', 51, 2, 'A3');
INSERT INTO ActSectionAssociation (CaseMasterID, ActID, SectionID, ActOrderID, SectionOrderID) VALUES (67, 'IPC', '354', 1, 1);
INSERT INTO ArrestSurrender (ArrestSurrenderID, CaseMasterID, ArrestSurrenderTypeID, ArrestSurrenderDate, ArrestSurrenderStateId, ArrestSurrenderDistrictId, PoliceStationID, IOID, CourtID, AccusedMasterID, IsAccused, IsComplainantAccused) VALUES (47, 67, 1, '2026-05-15', 1, 23, 22, 12, 42, 161, TRUE, FALSE);
INSERT INTO inv_arrestsurrenderaccused (ArrestSurrenderID, AccusedMasterID) VALUES (47, 161);
INSERT INTO Inv_OccuranceTime (CaseMasterID, OccuranceFromDate, OccuranceToDate, PlaceOfOccurance, latitude, longitude) VALUES (67, '2026-04-13T18:37:00', '2026-04-13T19:37:00', 'Datta Path, Ramanagara', 11.6571223, 74.1941495);
INSERT INTO ChargesheetDetails (CSID, CaseMasterID, csdate, cstype, PolicePersonID) VALUES (17, 67, '2026-09-13', 'A', 17);

INSERT INTO CaseMaster (CaseMasterID, CrimeNo, CaseNo, CrimeRegisteredDate, PolicePersonID, PoliceStationID, CaseCategoryID, GravityOffenceID, CrimeMajorHeadID, CrimeMinorHeadID, CaseStatusID, CourtID, IncidentFromDate, IncidentToDate, InfoReceivedPSDate, latitude, longitude, BriefFacts) VALUES (68, '800190018202400001', '202400001', '2024-08-13', 1, 18, 8, 4, 6, 34, 2, 3, '2024-08-13T15:50:00', '2024-08-13T18:50:00', '2024-08-13T23:50:00', 14.5026939, 78.2228973, 'The complainant Dayamai Gole, a shopkeeper at Brahmbhatt Street, Gadag, reported that the accused Upkaar Devan along with others robbed the shop at knife-point on 2024-08-13 and fled with cash Rs. 50000 and valuables.');
INSERT INTO ComplainantDetails (ComplainantID, CaseMasterID, ComplainantName, AgeYear, OccupationID, ReligionID, CasteID, GenderID) VALUES (68, 68, 'Dayamai Gole', 44, 7, 6, 3, 2);
INSERT INTO Victim (VictimMasterID, CaseMasterID, VictimName, AgeYear, GenderID, VictimPolice) VALUES (98, 68, 'Harita Sunder', 24, 2, '0');
INSERT INTO Accused (AccusedMasterID, CaseMasterID, AccusedName, AgeYear, GenderID, PersonID) VALUES (162, 68, 'Upkaar Devan', 52, 2, 'A1');
INSERT INTO ActSectionAssociation (CaseMasterID, ActID, SectionID, ActOrderID, SectionOrderID) VALUES (68, 'POCSO', '8', 1, 1);
INSERT INTO ActSectionAssociation (CaseMasterID, ActID, SectionID, ActOrderID, SectionOrderID) VALUES (68, 'ITA', '66C', 3, 3);
INSERT INTO ArrestSurrender (ArrestSurrenderID, CaseMasterID, ArrestSurrenderTypeID, ArrestSurrenderDate, ArrestSurrenderStateId, ArrestSurrenderDistrictId, PoliceStationID, IOID, CourtID, AccusedMasterID, IsAccused, IsComplainantAccused) VALUES (48, 68, 2, '2024-09-05', 1, 19, 18, 33, 3, 162, TRUE, FALSE);
INSERT INTO inv_arrestsurrenderaccused (ArrestSurrenderID, AccusedMasterID) VALUES (48, 162);
INSERT INTO Inv_OccuranceTime (CaseMasterID, OccuranceFromDate, OccuranceToDate, PlaceOfOccurance, latitude, longitude) VALUES (68, '2024-08-13T15:50:00', '2024-08-13T18:50:00', 'Brahmbhatt Street, Gadag', 14.5026939, 78.2228973);
INSERT INTO ChargesheetDetails (CSID, CaseMasterID, csdate, cstype, PolicePersonID) VALUES (18, 68, '2024-11-29', 'A', 74);

INSERT INTO CaseMaster (CaseMasterID, CrimeNo, CaseNo, CrimeRegisteredDate, PolicePersonID, PoliceStationID, CaseCategoryID, GravityOffenceID, CrimeMajorHeadID, CrimeMinorHeadID, CaseStatusID, CourtID, IncidentFromDate, IncidentToDate, InfoReceivedPSDate, latitude, longitude, BriefFacts) VALUES (69, '300260025202400001', '202400001', '2024-06-02', 51, 25, 3, 2, 8, 43, 1, 15, '2024-06-02T10:51:00', '2024-06-02T14:51:00', '2024-06-02T23:51:00', 12.3439405, 76.6745051, 'A case of cheating was reported by Yashica Zacharia stating that the accused Mitesh Gaba fraudulently obtained Rs. 25000 by promising a job in a government department. The accused collected money over a period of 15 months and disappeared.');
INSERT INTO ComplainantDetails (ComplainantID, CaseMasterID, ComplainantName, AgeYear, OccupationID, ReligionID, CasteID, GenderID) VALUES (69, 69, 'Yashica Zacharia', 59, 10, 6, 5, 1);
INSERT INTO Victim (VictimMasterID, CaseMasterID, VictimName, AgeYear, GenderID, VictimPolice) VALUES (99, 69, 'Gayathri Deep', 27, 3, '0');
INSERT INTO Victim (VictimMasterID, CaseMasterID, VictimName, AgeYear, GenderID, VictimPolice) VALUES (100, 69, 'Caleb Roy', 6, 1, '0');
INSERT INTO Victim (VictimMasterID, CaseMasterID, VictimName, AgeYear, GenderID, VictimPolice) VALUES (101, 69, 'Wazir Sawhney', 71, 2, '0');
INSERT INTO Accused (AccusedMasterID, CaseMasterID, AccusedName, AgeYear, GenderID, PersonID) VALUES (163, 69, 'Mitesh Gaba', 50, 1, 'A1');
INSERT INTO Accused (AccusedMasterID, CaseMasterID, AccusedName, AgeYear, GenderID, PersonID) VALUES (164, 69, 'Saumya Kaur', 20, 2, 'A2');
INSERT INTO Accused (AccusedMasterID, CaseMasterID, AccusedName, AgeYear, GenderID, PersonID) VALUES (165, 69, 'Dayamai Singh', 18, 1, 'A3');
INSERT INTO ActSectionAssociation (CaseMasterID, ActID, SectionID, ActOrderID, SectionOrderID) VALUES (69, 'POCSO', '6', 1, 1);
INSERT INTO ArrestSurrender (ArrestSurrenderID, CaseMasterID, ArrestSurrenderTypeID, ArrestSurrenderDate, ArrestSurrenderStateId, ArrestSurrenderDistrictId, PoliceStationID, IOID, CourtID, AccusedMasterID, IsAccused, IsComplainantAccused) VALUES (49, 69, 1, '2024-07-05', 1, 26, 25, 9, 15, 164, TRUE, FALSE);
INSERT INTO inv_arrestsurrenderaccused (ArrestSurrenderID, AccusedMasterID) VALUES (49, 164);
INSERT INTO ArrestSurrender (ArrestSurrenderID, CaseMasterID, ArrestSurrenderTypeID, ArrestSurrenderDate, ArrestSurrenderStateId, ArrestSurrenderDistrictId, PoliceStationID, IOID, CourtID, AccusedMasterID, IsAccused, IsComplainantAccused) VALUES (50, 69, 1, '2024-07-30', 1, 26, 25, 71, 15, 163, TRUE, FALSE);
INSERT INTO inv_arrestsurrenderaccused (ArrestSurrenderID, AccusedMasterID) VALUES (50, 163);
INSERT INTO Inv_OccuranceTime (CaseMasterID, OccuranceFromDate, OccuranceToDate, PlaceOfOccurance, latitude, longitude) VALUES (69, '2024-06-02T10:51:00', '2024-06-02T14:51:00', 'Gandhi Street, Yadgir', 12.3439405, 76.6745051);

INSERT INTO CaseMaster (CaseMasterID, CrimeNo, CaseNo, CrimeRegisteredDate, PolicePersonID, PoliceStationID, CaseCategoryID, GravityOffenceID, CrimeMajorHeadID, CrimeMinorHeadID, CaseStatusID, CourtID, IncidentFromDate, IncidentToDate, InfoReceivedPSDate, latitude, longitude, BriefFacts) VALUES (70, '300250024202600001', '202600001', '2026-03-30', 72, 24, 3, 3, 4, 23, 7, 18, '2026-03-30T00:16:00', '2026-03-30T01:16:00', '2026-03-30T07:16:00', 12.2469766, 76.6536647, 'On 2026-03-30, the Anti-Narcotics squad conducted a raid at Devi, Chikkamagaluru and seized 2500 grams of MDMA from the possession of the accused Neel Iyengar. The accused was found to be part of a supply chain operating across Uttara Kannada and Gadag.');
INSERT INTO ComplainantDetails (ComplainantID, CaseMasterID, ComplainantName, AgeYear, OccupationID, ReligionID, CasteID, GenderID) VALUES (70, 70, 'Jhalak Sastry', 21, 16, 1, 3, 1);
INSERT INTO Victim (VictimMasterID, CaseMasterID, VictimName, AgeYear, GenderID, VictimPolice) VALUES (102, 70, 'Baghyawati Raja', 33, 3, '0');
INSERT INTO Accused (AccusedMasterID, CaseMasterID, AccusedName, AgeYear, GenderID, PersonID) VALUES (166, 70, 'Neel Iyengar', 44, 2, 'A1');
INSERT INTO Accused (AccusedMasterID, CaseMasterID, AccusedName, AgeYear, GenderID, PersonID) VALUES (167, 70, 'Charles Srivastava', 18, 2, 'A2');
INSERT INTO Accused (AccusedMasterID, CaseMasterID, AccusedName, AgeYear, GenderID, PersonID) VALUES (168, 70, 'Harshil Varty', 23, 2, 'A3');
INSERT INTO Accused (AccusedMasterID, CaseMasterID, AccusedName, AgeYear, GenderID, PersonID) VALUES (169, 70, 'Bhavani Chacko', 39, 1, 'A4');
INSERT INTO ActSectionAssociation (CaseMasterID, ActID, SectionID, ActOrderID, SectionOrderID) VALUES (70, 'NDPS', '22', 1, 1);
INSERT INTO ActSectionAssociation (CaseMasterID, ActID, SectionID, ActOrderID, SectionOrderID) VALUES (70, 'POCSO', '6', 2, 2);
INSERT INTO ActSectionAssociation (CaseMasterID, ActID, SectionID, ActOrderID, SectionOrderID) VALUES (70, 'NDPS', '27', 3, 3);
INSERT INTO ArrestSurrender (ArrestSurrenderID, CaseMasterID, ArrestSurrenderTypeID, ArrestSurrenderDate, ArrestSurrenderStateId, ArrestSurrenderDistrictId, PoliceStationID, IOID, CourtID, AccusedMasterID, IsAccused, IsComplainantAccused) VALUES (51, 70, 1, '2026-05-16', 1, 25, 24, 31, 18, 169, TRUE, FALSE);
INSERT INTO inv_arrestsurrenderaccused (ArrestSurrenderID, AccusedMasterID) VALUES (51, 169);
INSERT INTO Inv_OccuranceTime (CaseMasterID, OccuranceFromDate, OccuranceToDate, PlaceOfOccurance, latitude, longitude) VALUES (70, '2026-03-30T00:16:00', '2026-03-30T01:16:00', 'Devi, Chikkamagaluru', 12.2469766, 76.6536647);

INSERT INTO CaseMaster (CaseMasterID, CrimeNo, CaseNo, CrimeRegisteredDate, PolicePersonID, PoliceStationID, CaseCategoryID, GravityOffenceID, CrimeMajorHeadID, CrimeMinorHeadID, CaseStatusID, CourtID, IncidentFromDate, IncidentToDate, InfoReceivedPSDate, latitude, longitude, BriefFacts) VALUES (71, '200290028202500001', '202500001', '2025-10-27', 34, 28, 2, 2, 2, 15, 1, 16, '2025-10-27T03:58:00', '2025-10-27T03:58:00', '2025-10-27T13:58:00', 13.9921916, 77.5052232, 'On 2025-10-27, the complainant Shivani Varghese reported that unknown persons broke into their residence at Sachdeva Nagar, Uttara Kannada and stole cash amounting to Rs. 250000 and gold ornaments. The accused Shravya Palla was later identified through CCTV footage from a nearby shop.');
INSERT INTO ComplainantDetails (ComplainantID, CaseMasterID, ComplainantName, AgeYear, OccupationID, ReligionID, CasteID, GenderID) VALUES (71, 71, 'Shivani Varghese', 47, 16, 5, 1, 2);
INSERT INTO Victim (VictimMasterID, CaseMasterID, VictimName, AgeYear, GenderID, VictimPolice) VALUES (103, 71, 'Rajeshri Chand', 27, 2, '0');
INSERT INTO Accused (AccusedMasterID, CaseMasterID, AccusedName, AgeYear, GenderID, PersonID) VALUES (170, 71, 'Shravya Palla', 47, 2, 'A1');
INSERT INTO Accused (AccusedMasterID, CaseMasterID, AccusedName, AgeYear, GenderID, PersonID) VALUES (171, 71, 'Meghana Thakkar', 18, 1, 'A2');
INSERT INTO Accused (AccusedMasterID, CaseMasterID, AccusedName, AgeYear, GenderID, PersonID) VALUES (172, 71, 'Warinder Raju', 24, 2, 'A3');
INSERT INTO ActSectionAssociation (CaseMasterID, ActID, SectionID, ActOrderID, SectionOrderID) VALUES (71, 'POCSO', '4', 1, 1);
INSERT INTO ArrestSurrender (ArrestSurrenderID, CaseMasterID, ArrestSurrenderTypeID, ArrestSurrenderDate, ArrestSurrenderStateId, ArrestSurrenderDistrictId, PoliceStationID, IOID, CourtID, AccusedMasterID, IsAccused, IsComplainantAccused) VALUES (52, 71, 2, '2025-11-27', 1, 29, 28, 27, 16, 171, TRUE, FALSE);
INSERT INTO inv_arrestsurrenderaccused (ArrestSurrenderID, AccusedMasterID) VALUES (52, 171);
INSERT INTO ArrestSurrender (ArrestSurrenderID, CaseMasterID, ArrestSurrenderTypeID, ArrestSurrenderDate, ArrestSurrenderStateId, ArrestSurrenderDistrictId, PoliceStationID, IOID, CourtID, AccusedMasterID, IsAccused, IsComplainantAccused) VALUES (53, 71, 2, '2025-11-22', 1, 29, 28, 47, 16, 170, TRUE, FALSE);
INSERT INTO inv_arrestsurrenderaccused (ArrestSurrenderID, AccusedMasterID) VALUES (53, 170);
INSERT INTO Inv_OccuranceTime (CaseMasterID, OccuranceFromDate, OccuranceToDate, PlaceOfOccurance, latitude, longitude) VALUES (71, '2025-10-27T03:58:00', '2025-10-27T03:58:00', 'Sachdeva Nagar, Uttara Kannada', 13.9921916, 77.5052232);

INSERT INTO CaseMaster (CaseMasterID, CrimeNo, CaseNo, CrimeRegisteredDate, PolicePersonID, PoliceStationID, CaseCategoryID, GravityOffenceID, CrimeMajorHeadID, CrimeMinorHeadID, CaseStatusID, CourtID, IncidentFromDate, IncidentToDate, InfoReceivedPSDate, latitude, longitude, BriefFacts) VALUES (72, '400100009202600001', '202600001', '2026-07-07', 58, 9, 4, 2, 6, 37, 1, 37, '2026-07-07T07:35:00', '2026-07-07T10:35:00', '2026-07-07T16:35:00', 17.1993346, 77.2436696, 'A case of cheating was reported by Udarsh Bala stating that the accused Hardik Nayak fraudulently obtained Rs. 25000 by promising a job in a government department. The accused collected money over a period of 12 months and disappeared.');
INSERT INTO ComplainantDetails (ComplainantID, CaseMasterID, ComplainantName, AgeYear, OccupationID, ReligionID, CasteID, GenderID) VALUES (72, 72, 'Udarsh Bala', 50, 4, 4, 3, 2);
INSERT INTO Victim (VictimMasterID, CaseMasterID, VictimName, AgeYear, GenderID, VictimPolice) VALUES (104, 72, 'Udarsh Bala', 37, 2, '1');
INSERT INTO Accused (AccusedMasterID, CaseMasterID, AccusedName, AgeYear, GenderID, PersonID) VALUES (173, 72, 'Hardik Nayak', 30, 1, 'A1');
INSERT INTO ActSectionAssociation (CaseMasterID, ActID, SectionID, ActOrderID, SectionOrderID) VALUES (72, 'POCSO', '6', 1, 1);
INSERT INTO ActSectionAssociation (CaseMasterID, ActID, SectionID, ActOrderID, SectionOrderID) VALUES (72, 'ITA', '67', 2, 2);
INSERT INTO Inv_OccuranceTime (CaseMasterID, OccuranceFromDate, OccuranceToDate, PlaceOfOccurance, latitude, longitude) VALUES (72, '2026-07-07T07:35:00', '2026-07-07T10:35:00', 'Devan Street, Shivamogga', 17.1993346, 77.2436696);

INSERT INTO CaseMaster (CaseMasterID, CrimeNo, CaseNo, CrimeRegisteredDate, PolicePersonID, PoliceStationID, CaseCategoryID, GravityOffenceID, CrimeMajorHeadID, CrimeMinorHeadID, CaseStatusID, CourtID, IncidentFromDate, IncidentToDate, InfoReceivedPSDate, latitude, longitude, BriefFacts) VALUES (73, '400210020202300001', '202300001', '2023-08-24', 37, 20, 4, 4, 8, 41, 7, 11, '2023-08-24T19:36:00', '2023-08-24T22:36:00', '2023-08-24T23:36:00', 17.9999667, 75.8981742, 'On 2023-08-24, at about 11:30 AM, the accused Abdul Buch along with 3 associates formed an unlawful assembly near Kunda Nagar, Koppal and attacked the complainant Liam Singh with lethal weapons resulting in injuries.');
INSERT INTO ComplainantDetails (ComplainantID, CaseMasterID, ComplainantName, AgeYear, OccupationID, ReligionID, CasteID, GenderID) VALUES (73, 73, 'Liam Singh', 35, 9, 6, 1, 1);
INSERT INTO Victim (VictimMasterID, CaseMasterID, VictimName, AgeYear, GenderID, VictimPolice) VALUES (105, 73, 'Liam Singh', 18, 1, '0');
INSERT INTO Accused (AccusedMasterID, CaseMasterID, AccusedName, AgeYear, GenderID, PersonID) VALUES (174, 73, 'Abdul Buch', 53, 1, 'A1');
INSERT INTO Accused (AccusedMasterID, CaseMasterID, AccusedName, AgeYear, GenderID, PersonID) VALUES (175, 73, 'Baghyawati Kade', 51, 1, 'A2');
INSERT INTO Accused (AccusedMasterID, CaseMasterID, AccusedName, AgeYear, GenderID, PersonID) VALUES (176, 73, 'Faqid Dixit', 27, 1, 'A3');
INSERT INTO Accused (AccusedMasterID, CaseMasterID, AccusedName, AgeYear, GenderID, PersonID) VALUES (177, 73, 'Mason Wable', 42, 2, 'A4');
INSERT INTO ActSectionAssociation (CaseMasterID, ActID, SectionID, ActOrderID, SectionOrderID) VALUES (73, 'NDPS', '27', 1, 1);
INSERT INTO ArrestSurrender (ArrestSurrenderID, CaseMasterID, ArrestSurrenderTypeID, ArrestSurrenderDate, ArrestSurrenderStateId, ArrestSurrenderDistrictId, PoliceStationID, IOID, CourtID, AccusedMasterID, IsAccused, IsComplainantAccused) VALUES (54, 73, 1, '2023-09-26', 1, 21, 20, 4, 11, 175, TRUE, FALSE);
INSERT INTO inv_arrestsurrenderaccused (ArrestSurrenderID, AccusedMasterID) VALUES (54, 175);
INSERT INTO Inv_OccuranceTime (CaseMasterID, OccuranceFromDate, OccuranceToDate, PlaceOfOccurance, latitude, longitude) VALUES (73, '2023-08-24T19:36:00', '2023-08-24T22:36:00', 'Kunda Nagar, Koppal', 17.9999667, 75.8981742);

INSERT INTO CaseMaster (CaseMasterID, CrimeNo, CaseNo, CrimeRegisteredDate, PolicePersonID, PoliceStationID, CaseCategoryID, GravityOffenceID, CrimeMajorHeadID, CrimeMinorHeadID, CaseStatusID, CourtID, IncidentFromDate, IncidentToDate, InfoReceivedPSDate, latitude, longitude, BriefFacts) VALUES (74, '100230022202400001', '202400001', '2024-10-19', 46, 22, 1, 3, 5, 31, 2, 35, '2024-10-19T22:34:00', '2024-10-19T23:34:00', '2024-10-20T08:34:00', 15.3398169, 74.6080171, 'The complainant Wazir Mitra, a shopkeeper at Tata Zila, Ramanagara, reported that the accused Tanvi Bhatnagar along with others robbed the shop at knife-point on 2024-10-19 and fled with cash Rs. 1000000 and valuables.');
INSERT INTO ComplainantDetails (ComplainantID, CaseMasterID, ComplainantName, AgeYear, OccupationID, ReligionID, CasteID, GenderID) VALUES (74, 74, 'Wazir Mitra', 28, 12, 3, 4, 1);
INSERT INTO Victim (VictimMasterID, CaseMasterID, VictimName, AgeYear, GenderID, VictimPolice) VALUES (106, 74, 'Champak Khare', 67, 2, '0');
INSERT INTO Accused (AccusedMasterID, CaseMasterID, AccusedName, AgeYear, GenderID, PersonID) VALUES (178, 74, 'Tanvi Bhatnagar', 36, 1, 'A1');
INSERT INTO Accused (AccusedMasterID, CaseMasterID, AccusedName, AgeYear, GenderID, PersonID) VALUES (179, 74, 'Yutika Khurana', 53, 2, 'A2');
INSERT INTO Accused (AccusedMasterID, CaseMasterID, AccusedName, AgeYear, GenderID, PersonID) VALUES (180, 74, 'Bishakha Sanghvi', 53, 2, 'A3');
INSERT INTO ActSectionAssociation (CaseMasterID, ActID, SectionID, ActOrderID, SectionOrderID) VALUES (74, 'NDPS', '20', 1, 1);
INSERT INTO ActSectionAssociation (CaseMasterID, ActID, SectionID, ActOrderID, SectionOrderID) VALUES (74, 'ITA', '67', 2, 2);
INSERT INTO ArrestSurrender (ArrestSurrenderID, CaseMasterID, ArrestSurrenderTypeID, ArrestSurrenderDate, ArrestSurrenderStateId, ArrestSurrenderDistrictId, PoliceStationID, IOID, CourtID, AccusedMasterID, IsAccused, IsComplainantAccused) VALUES (55, 74, 1, '2024-11-28', 1, 23, 22, 67, 35, 179, TRUE, FALSE);
INSERT INTO inv_arrestsurrenderaccused (ArrestSurrenderID, AccusedMasterID) VALUES (55, 179);
INSERT INTO Inv_OccuranceTime (CaseMasterID, OccuranceFromDate, OccuranceToDate, PlaceOfOccurance, latitude, longitude) VALUES (74, '2024-10-19T22:34:00', '2024-10-19T23:34:00', 'Tata Zila, Ramanagara', 15.3398169, 74.6080171);
INSERT INTO ChargesheetDetails (CSID, CaseMasterID, csdate, cstype, PolicePersonID) VALUES (19, 74, '2025-01-26', 'A', 37);

INSERT INTO CaseMaster (CaseMasterID, CrimeNo, CaseNo, CrimeRegisteredDate, PolicePersonID, PoliceStationID, CaseCategoryID, GravityOffenceID, CrimeMajorHeadID, CrimeMinorHeadID, CaseStatusID, CourtID, IncidentFromDate, IncidentToDate, InfoReceivedPSDate, latitude, longitude, BriefFacts) VALUES (75, '800270026202300001', '202300001', '2023-07-15', 35, 26, 8, 4, 2, 13, 5, 12, '2023-07-15T08:44:00', '2023-07-15T12:44:00', '2023-07-15T19:44:00', 12.926366, 77.5420451, 'On 2023-07-15, the Anti-Narcotics squad conducted a raid at Chada Street, Chamarajanagara and seized 250 grams of MDMA from the possession of the accused William Lanka. The accused was found to be part of a supply chain operating across Vijayapura and Chitradurga.');
INSERT INTO ComplainantDetails (ComplainantID, CaseMasterID, ComplainantName, AgeYear, OccupationID, ReligionID, CasteID, GenderID) VALUES (75, 75, 'Wridesh Saha', 64, 2, 3, 1, 1);
INSERT INTO Victim (VictimMasterID, CaseMasterID, VictimName, AgeYear, GenderID, VictimPolice) VALUES (107, 75, 'Wridesh Saha', 55, 1, '0');
INSERT INTO Accused (AccusedMasterID, CaseMasterID, AccusedName, AgeYear, GenderID, PersonID) VALUES (181, 75, 'William Lanka', 34, 2, 'A1');
INSERT INTO ActSectionAssociation (CaseMasterID, ActID, SectionID, ActOrderID, SectionOrderID) VALUES (75, 'IPC', '427', 1, 1);
INSERT INTO Inv_OccuranceTime (CaseMasterID, OccuranceFromDate, OccuranceToDate, PlaceOfOccurance, latitude, longitude) VALUES (75, '2023-07-15T08:44:00', '2023-07-15T12:44:00', 'Chada Street, Chamarajanagara', 12.926366, 77.5420451);

INSERT INTO CaseMaster (CaseMasterID, CrimeNo, CaseNo, CrimeRegisteredDate, PolicePersonID, PoliceStationID, CaseCategoryID, GravityOffenceID, CrimeMajorHeadID, CrimeMinorHeadID, CaseStatusID, CourtID, IncidentFromDate, IncidentToDate, InfoReceivedPSDate, latitude, longitude, BriefFacts) VALUES (76, '400260025202500001', '202500001', '2025-02-06', 57, 25, 4, 2, 1, 3, 1, 7, '2025-02-06T09:59:00', '2025-02-06T11:59:00', '2025-02-06T13:59:00', 12.2212706, 76.6522504, 'On 2025-02-06, the Anti-Narcotics squad conducted a raid at Ram Nagar, Yadgir and seized 50 grams of heroin from the possession of the accused Lavanya Barad. The accused was found to be part of a supply chain operating across Yadgir and Tumakuru.');
INSERT INTO ComplainantDetails (ComplainantID, CaseMasterID, ComplainantName, AgeYear, OccupationID, ReligionID, CasteID, GenderID) VALUES (76, 76, 'Ekansh Vora', 57, 4, 4, 2, 1);
INSERT INTO Victim (VictimMasterID, CaseMasterID, VictimName, AgeYear, GenderID, VictimPolice) VALUES (108, 76, 'Madhavi Singhal', 65, 3, '0');
INSERT INTO Victim (VictimMasterID, CaseMasterID, VictimName, AgeYear, GenderID, VictimPolice) VALUES (109, 76, 'Zehaan Babu', 52, 1, '0');
INSERT INTO Victim (VictimMasterID, CaseMasterID, VictimName, AgeYear, GenderID, VictimPolice) VALUES (110, 76, 'Ekansh Pai', 68, 1, '0');
INSERT INTO Accused (AccusedMasterID, CaseMasterID, AccusedName, AgeYear, GenderID, PersonID) VALUES (182, 76, 'Lavanya Barad', 21, 1, 'A1');
INSERT INTO ActSectionAssociation (CaseMasterID, ActID, SectionID, ActOrderID, SectionOrderID) VALUES (76, 'NDPS', '27', 1, 1);
INSERT INTO ActSectionAssociation (CaseMasterID, ActID, SectionID, ActOrderID, SectionOrderID) VALUES (76, 'IPC', '324', 2, 2);
INSERT INTO ArrestSurrender (ArrestSurrenderID, CaseMasterID, ArrestSurrenderTypeID, ArrestSurrenderDate, ArrestSurrenderStateId, ArrestSurrenderDistrictId, PoliceStationID, IOID, CourtID, AccusedMasterID, IsAccused, IsComplainantAccused) VALUES (56, 76, 2, '2025-03-29', 1, 26, 25, 25, 7, 182, TRUE, FALSE);
INSERT INTO inv_arrestsurrenderaccused (ArrestSurrenderID, AccusedMasterID) VALUES (56, 182);
INSERT INTO Inv_OccuranceTime (CaseMasterID, OccuranceFromDate, OccuranceToDate, PlaceOfOccurance, latitude, longitude) VALUES (76, '2025-02-06T09:59:00', '2025-02-06T11:59:00', 'Ram Nagar, Yadgir', 12.2212706, 76.6522504);

INSERT INTO CaseMaster (CaseMasterID, CrimeNo, CaseNo, CrimeRegisteredDate, PolicePersonID, PoliceStationID, CaseCategoryID, GravityOffenceID, CrimeMajorHeadID, CrimeMinorHeadID, CaseStatusID, CourtID, IncidentFromDate, IncidentToDate, InfoReceivedPSDate, latitude, longitude, BriefFacts) VALUES (77, '100240023202400001', '202400001', '2024-04-03', 49, 23, 1, 3, 2, 9, 1, 3, '2024-04-03T15:12:00', '2024-04-03T19:12:00', '2024-04-03T21:12:00', 15.7914029, 74.4750307, 'The deceased Indira Nigam, aged 35, was found dead under suspicious circumstances at Deshmukh Street, Chikkaballapura on 2024-04-03. The investigation revealed that the accused Ucchal Srinivas, who is a relative of the deceased, had a dispute over property worth Rs. 25000.');
INSERT INTO ComplainantDetails (ComplainantID, CaseMasterID, ComplainantName, AgeYear, OccupationID, ReligionID, CasteID, GenderID) VALUES (77, 77, 'Gaurangi Deol', 59, 8, 3, 1, 2);
INSERT INTO Victim (VictimMasterID, CaseMasterID, VictimName, AgeYear, GenderID, VictimPolice) VALUES (111, 77, 'Indira Nigam', 68, 3, '0');
INSERT INTO Accused (AccusedMasterID, CaseMasterID, AccusedName, AgeYear, GenderID, PersonID) VALUES (183, 77, 'Ucchal Srinivas', 44, 2, 'A1');
INSERT INTO ActSectionAssociation (CaseMasterID, ActID, SectionID, ActOrderID, SectionOrderID) VALUES (77, 'IPC', '34', 1, 1);
INSERT INTO Inv_OccuranceTime (CaseMasterID, OccuranceFromDate, OccuranceToDate, PlaceOfOccurance, latitude, longitude) VALUES (77, '2024-04-03T15:12:00', '2024-04-03T19:12:00', 'Deshmukh Street, Chikkaballapura', 15.7914029, 74.4750307);

INSERT INTO CaseMaster (CaseMasterID, CrimeNo, CaseNo, CrimeRegisteredDate, PolicePersonID, PoliceStationID, CaseCategoryID, GravityOffenceID, CrimeMajorHeadID, CrimeMinorHeadID, CaseStatusID, CourtID, IncidentFromDate, IncidentToDate, InfoReceivedPSDate, latitude, longitude, BriefFacts) VALUES (78, '100280027202300001', '202300001', '2023-09-21', 17, 27, 1, 2, 1, 3, 1, 32, '2023-09-21T21:31:00', '2023-09-22T01:31:00', '2023-09-22T10:31:00', 12.8857885, 77.5535516, 'On 2023-09-21, at about 10:00 PM, the accused Diya Mukherjee along with 4 associates formed an unlawful assembly near Rao Circle, Dharwad and attacked the complainant Balhaar Memon with lethal weapons resulting in injuries.');
INSERT INTO ComplainantDetails (ComplainantID, CaseMasterID, ComplainantName, AgeYear, OccupationID, ReligionID, CasteID, GenderID) VALUES (78, 78, 'Balhaar Memon', 59, 9, 5, 1, 1);
INSERT INTO Victim (VictimMasterID, CaseMasterID, VictimName, AgeYear, GenderID, VictimPolice) VALUES (112, 78, 'Caleb Iyengar', 14, 1, '0');
INSERT INTO Victim (VictimMasterID, CaseMasterID, VictimName, AgeYear, GenderID, VictimPolice) VALUES (113, 78, 'Zehaan Bansal', 17, 1, '0');
INSERT INTO Accused (AccusedMasterID, CaseMasterID, AccusedName, AgeYear, GenderID, PersonID) VALUES (184, 78, 'Diya Mukherjee', 30, 1, 'A1');
INSERT INTO Accused (AccusedMasterID, CaseMasterID, AccusedName, AgeYear, GenderID, PersonID) VALUES (185, 78, 'Bhavika Parikh', 33, 1, 'A2');
INSERT INTO ActSectionAssociation (CaseMasterID, ActID, SectionID, ActOrderID, SectionOrderID) VALUES (78, 'ITA', '66', 1, 1);
INSERT INTO ActSectionAssociation (CaseMasterID, ActID, SectionID, ActOrderID, SectionOrderID) VALUES (78, 'POCSO', '8', 2, 2);
INSERT INTO ActSectionAssociation (CaseMasterID, ActID, SectionID, ActOrderID, SectionOrderID) VALUES (78, 'ITA', '67', 3, 3);
INSERT INTO Inv_OccuranceTime (CaseMasterID, OccuranceFromDate, OccuranceToDate, PlaceOfOccurance, latitude, longitude) VALUES (78, '2023-09-21T21:31:00', '2023-09-22T01:31:00', 'Rao Circle, Dharwad', 12.8857885, 77.5535516);

INSERT INTO CaseMaster (CaseMasterID, CrimeNo, CaseNo, CrimeRegisteredDate, PolicePersonID, PoliceStationID, CaseCategoryID, GravityOffenceID, CrimeMajorHeadID, CrimeMinorHeadID, CaseStatusID, CourtID, IncidentFromDate, IncidentToDate, InfoReceivedPSDate, latitude, longitude, BriefFacts) VALUES (79, '200270026202600001', '202600001', '2026-02-12', 24, 26, 2, 4, 6, 33, 1, 11, '2026-02-12T10:35:00', '2026-02-12T12:35:00', '2026-02-12T17:35:00', 12.8248529, 74.8588326, 'On 2026-02-12, at about 4:15 PM, the accused Ria Raju along with 2 associates formed an unlawful assembly near Grover Path, Chamarajanagara and attacked the complainant Garima Mahajan with lethal weapons resulting in injuries.');
INSERT INTO ComplainantDetails (ComplainantID, CaseMasterID, ComplainantName, AgeYear, OccupationID, ReligionID, CasteID, GenderID) VALUES (79, 79, 'Garima Mahajan', 20, 10, 2, 2, 2);
INSERT INTO Victim (VictimMasterID, CaseMasterID, VictimName, AgeYear, GenderID, VictimPolice) VALUES (114, 79, 'Jhalak Sarkar', 40, 3, '0');
INSERT INTO Accused (AccusedMasterID, CaseMasterID, AccusedName, AgeYear, GenderID, PersonID) VALUES (186, 79, 'Ria Raju', 54, 1, 'A1');
INSERT INTO Accused (AccusedMasterID, CaseMasterID, AccusedName, AgeYear, GenderID, PersonID) VALUES (187, 79, 'Zayan Behl', 40, 1, 'A2');
INSERT INTO ActSectionAssociation (CaseMasterID, ActID, SectionID, ActOrderID, SectionOrderID) VALUES (79, 'POCSO', '6', 1, 1);
INSERT INTO Inv_OccuranceTime (CaseMasterID, OccuranceFromDate, OccuranceToDate, PlaceOfOccurance, latitude, longitude) VALUES (79, '2026-02-12T10:35:00', '2026-02-12T12:35:00', 'Grover Path, Chamarajanagara', 12.8248529, 74.8588326);

INSERT INTO CaseMaster (CaseMasterID, CrimeNo, CaseNo, CrimeRegisteredDate, PolicePersonID, PoliceStationID, CaseCategoryID, GravityOffenceID, CrimeMajorHeadID, CrimeMinorHeadID, CaseStatusID, CourtID, IncidentFromDate, IncidentToDate, InfoReceivedPSDate, latitude, longitude, BriefFacts) VALUES (80, '200090008202500001', '202500001', '2025-01-07', 33, 8, 2, 3, 1, 6, 2, 37, '2025-01-07T15:11:00', '2025-01-07T18:11:00', '2025-01-08T05:11:00', 16.6398617, 77.2561124, 'The victim Fitan Samra, aged 56, was assaulted by the accused Qushi Gole near Memon Circle, Tumakuru on 2025-01-07 at approximately 11:30 PM. The accused used a sharp weapon causing grievous injuries. The victim was rushed to Bowring Hospital for treatment.');
INSERT INTO ComplainantDetails (ComplainantID, CaseMasterID, ComplainantName, AgeYear, OccupationID, ReligionID, CasteID, GenderID) VALUES (80, 80, 'Jhalak Venkataraman', 39, 2, 3, 5, 1);
INSERT INTO Victim (VictimMasterID, CaseMasterID, VictimName, AgeYear, GenderID, VictimPolice) VALUES (115, 80, 'Fitan Samra', 33, 1, '0');
INSERT INTO Accused (AccusedMasterID, CaseMasterID, AccusedName, AgeYear, GenderID, PersonID) VALUES (188, 80, 'Qushi Gole', 43, 2, 'A1');
INSERT INTO Accused (AccusedMasterID, CaseMasterID, AccusedName, AgeYear, GenderID, PersonID) VALUES (189, 80, 'Harshil Buch', 54, 1, 'A2');
INSERT INTO Accused (AccusedMasterID, CaseMasterID, AccusedName, AgeYear, GenderID, PersonID) VALUES (190, 80, 'Chakrika Mohan', 36, 2, 'A3');
INSERT INTO ActSectionAssociation (CaseMasterID, ActID, SectionID, ActOrderID, SectionOrderID) VALUES (80, 'NDPS', '22', 1, 1);
INSERT INTO ArrestSurrender (ArrestSurrenderID, CaseMasterID, ArrestSurrenderTypeID, ArrestSurrenderDate, ArrestSurrenderStateId, ArrestSurrenderDistrictId, PoliceStationID, IOID, CourtID, AccusedMasterID, IsAccused, IsComplainantAccused) VALUES (57, 80, 2, '2025-02-01', 1, 9, 8, 11, 37, 190, TRUE, FALSE);
INSERT INTO inv_arrestsurrenderaccused (ArrestSurrenderID, AccusedMasterID) VALUES (57, 190);
INSERT INTO Inv_OccuranceTime (CaseMasterID, OccuranceFromDate, OccuranceToDate, PlaceOfOccurance, latitude, longitude) VALUES (80, '2025-01-07T15:11:00', '2025-01-07T18:11:00', 'Memon Circle, Tumakuru', 16.6398617, 77.2561124);
INSERT INTO ChargesheetDetails (CSID, CaseMasterID, csdate, cstype, PolicePersonID) VALUES (20, 80, '2025-05-19', 'A', 65);

INSERT INTO CaseMaster (CaseMasterID, CrimeNo, CaseNo, CrimeRegisteredDate, PolicePersonID, PoliceStationID, CaseCategoryID, GravityOffenceID, CrimeMajorHeadID, CrimeMinorHeadID, CaseStatusID, CourtID, IncidentFromDate, IncidentToDate, InfoReceivedPSDate, latitude, longitude, BriefFacts) VALUES (81, '400260025202400001', '202400001', '2024-11-13', 17, 25, 4, 2, 5, 31, 2, 32, '2024-11-13T23:33:00', '2024-11-14T00:33:00', '2024-11-14T03:33:00', 12.8914829, 74.9077481, 'On 2024-11-13, at about 10:00 PM, the accused Sanya Basak along with 4 associates formed an unlawful assembly near Saran Path, Yadgir and attacked the complainant Ojas Sawhney with lethal weapons resulting in injuries.');
INSERT INTO ComplainantDetails (ComplainantID, CaseMasterID, ComplainantName, AgeYear, OccupationID, ReligionID, CasteID, GenderID) VALUES (81, 81, 'Ojas Sawhney', 48, 2, 7, 2, 1);
INSERT INTO Victim (VictimMasterID, CaseMasterID, VictimName, AgeYear, GenderID, VictimPolice) VALUES (116, 81, 'Ojas Sawhney', 24, 3, '0');
INSERT INTO Accused (AccusedMasterID, CaseMasterID, AccusedName, AgeYear, GenderID, PersonID) VALUES (191, 81, 'Sanya Basak', 21, 1, 'A1');
INSERT INTO ActSectionAssociation (CaseMasterID, ActID, SectionID, ActOrderID, SectionOrderID) VALUES (81, 'NDPS', '22', 1, 1);
INSERT INTO ActSectionAssociation (CaseMasterID, ActID, SectionID, ActOrderID, SectionOrderID) VALUES (81, 'IPC', '397', 2, 2);
INSERT INTO ActSectionAssociation (CaseMasterID, ActID, SectionID, ActOrderID, SectionOrderID) VALUES (81, 'IPC', '395', 3, 3);
INSERT INTO ArrestSurrender (ArrestSurrenderID, CaseMasterID, ArrestSurrenderTypeID, ArrestSurrenderDate, ArrestSurrenderStateId, ArrestSurrenderDistrictId, PoliceStationID, IOID, CourtID, AccusedMasterID, IsAccused, IsComplainantAccused) VALUES (58, 81, 1, '2024-11-26', 1, 26, 25, 27, 32, 191, TRUE, FALSE);
INSERT INTO inv_arrestsurrenderaccused (ArrestSurrenderID, AccusedMasterID) VALUES (58, 191);
INSERT INTO Inv_OccuranceTime (CaseMasterID, OccuranceFromDate, OccuranceToDate, PlaceOfOccurance, latitude, longitude) VALUES (81, '2024-11-13T23:33:00', '2024-11-14T00:33:00', 'Saran Path, Yadgir', 12.8914829, 74.9077481);
INSERT INTO ChargesheetDetails (CSID, CaseMasterID, csdate, cstype, PolicePersonID) VALUES (21, 81, '2025-05-01', 'A', 67);

INSERT INTO CaseMaster (CaseMasterID, CrimeNo, CaseNo, CrimeRegisteredDate, PolicePersonID, PoliceStationID, CaseCategoryID, GravityOffenceID, CrimeMajorHeadID, CrimeMinorHeadID, CaseStatusID, CourtID, IncidentFromDate, IncidentToDate, InfoReceivedPSDate, latitude, longitude, BriefFacts) VALUES (82, '300190018202400001', '202400001', '2024-05-09', 62, 18, 3, 2, 8, 43, 1, 38, '2024-05-09T01:18:00', '2024-05-09T02:18:00', '2024-05-09T14:18:00', 15.1875936, 75.1495536, 'The deceased Yochana Dutta, aged 59, was found dead under suspicious circumstances at Date Nagar, Gadag on 2024-05-09. The investigation revealed that the accused Luke Sarma, who is a relative of the deceased, had a dispute over property worth Rs. 100000.');
INSERT INTO ComplainantDetails (ComplainantID, CaseMasterID, ComplainantName, AgeYear, OccupationID, ReligionID, CasteID, GenderID) VALUES (82, 82, 'Falan Ravi', 54, 3, 2, 2, 2);
INSERT INTO Victim (VictimMasterID, CaseMasterID, VictimName, AgeYear, GenderID, VictimPolice) VALUES (117, 82, 'Yochana Dutta', 7, 1, '0');
INSERT INTO Accused (AccusedMasterID, CaseMasterID, AccusedName, AgeYear, GenderID, PersonID) VALUES (192, 82, 'Luke Sarma', 39, 2, 'A1');
INSERT INTO Accused (AccusedMasterID, CaseMasterID, AccusedName, AgeYear, GenderID, PersonID) VALUES (193, 82, 'Warinder Peri', 28, 1, 'A2');
INSERT INTO ActSectionAssociation (CaseMasterID, ActID, SectionID, ActOrderID, SectionOrderID) VALUES (82, 'POCSO', '6', 1, 1);
INSERT INTO ActSectionAssociation (CaseMasterID, ActID, SectionID, ActOrderID, SectionOrderID) VALUES (82, 'POCSO', '4', 2, 2);
INSERT INTO Inv_OccuranceTime (CaseMasterID, OccuranceFromDate, OccuranceToDate, PlaceOfOccurance, latitude, longitude) VALUES (82, '2024-05-09T01:18:00', '2024-05-09T02:18:00', 'Date Nagar, Gadag', 15.1875936, 75.1495536);

INSERT INTO CaseMaster (CaseMasterID, CrimeNo, CaseNo, CrimeRegisteredDate, PolicePersonID, PoliceStationID, CaseCategoryID, GravityOffenceID, CrimeMajorHeadID, CrimeMinorHeadID, CaseStatusID, CourtID, IncidentFromDate, IncidentToDate, InfoReceivedPSDate, latitude, longitude, BriefFacts) VALUES (83, '800100009202400001', '202400001', '2024-08-13', 8, 9, 8, 3, 4, 25, 5, 2, '2024-08-13T10:57:00', '2024-08-13T13:57:00', '2024-08-13T23:57:00', 18.1438149, 75.0151221, 'On 2024-08-13, the Anti-Narcotics squad conducted a raid at Devan Zila, Shivamogga and seized 1000 grams of hashish from the possession of the accused Kamya Sawhney. The accused was found to be part of a supply chain operating across Yadgir and Kalaburagi.');
INSERT INTO ComplainantDetails (ComplainantID, CaseMasterID, ComplainantName, AgeYear, OccupationID, ReligionID, CasteID, GenderID) VALUES (83, 83, 'Mitesh Sengupta', 28, 10, 6, 5, 1);
INSERT INTO Victim (VictimMasterID, CaseMasterID, VictimName, AgeYear, GenderID, VictimPolice) VALUES (118, 83, 'Mitesh Sengupta', 23, 3, '0');
INSERT INTO Accused (AccusedMasterID, CaseMasterID, AccusedName, AgeYear, GenderID, PersonID) VALUES (194, 83, 'Kamya Sawhney', 38, 1, 'A1');
INSERT INTO Accused (AccusedMasterID, CaseMasterID, AccusedName, AgeYear, GenderID, PersonID) VALUES (195, 83, 'Mitali Murthy', 25, 1, 'A2');
INSERT INTO Accused (AccusedMasterID, CaseMasterID, AccusedName, AgeYear, GenderID, PersonID) VALUES (196, 83, 'Zaid Comar', 27, 1, 'A3');
INSERT INTO Accused (AccusedMasterID, CaseMasterID, AccusedName, AgeYear, GenderID, PersonID) VALUES (197, 83, 'Quincy Tata', 44, 2, 'A4');
INSERT INTO Accused (AccusedMasterID, CaseMasterID, AccusedName, AgeYear, GenderID, PersonID) VALUES (198, 83, 'Jacob Lala', 35, 1, 'A5');
INSERT INTO ActSectionAssociation (CaseMasterID, ActID, SectionID, ActOrderID, SectionOrderID) VALUES (83, 'IPC', '324', 1, 1);
INSERT INTO ArrestSurrender (ArrestSurrenderID, CaseMasterID, ArrestSurrenderTypeID, ArrestSurrenderDate, ArrestSurrenderStateId, ArrestSurrenderDistrictId, PoliceStationID, IOID, CourtID, AccusedMasterID, IsAccused, IsComplainantAccused) VALUES (59, 83, 1, '2024-09-20', 1, 10, 9, 30, 2, 198, TRUE, FALSE);
INSERT INTO inv_arrestsurrenderaccused (ArrestSurrenderID, AccusedMasterID) VALUES (59, 198);
INSERT INTO ArrestSurrender (ArrestSurrenderID, CaseMasterID, ArrestSurrenderTypeID, ArrestSurrenderDate, ArrestSurrenderStateId, ArrestSurrenderDistrictId, PoliceStationID, IOID, CourtID, AccusedMasterID, IsAccused, IsComplainantAccused) VALUES (60, 83, 1, '2024-09-25', 1, 10, 9, 46, 2, 195, TRUE, FALSE);
INSERT INTO inv_arrestsurrenderaccused (ArrestSurrenderID, AccusedMasterID) VALUES (60, 195);
INSERT INTO Inv_OccuranceTime (CaseMasterID, OccuranceFromDate, OccuranceToDate, PlaceOfOccurance, latitude, longitude) VALUES (83, '2024-08-13T10:57:00', '2024-08-13T13:57:00', 'Devan Zila, Shivamogga', 18.1438149, 75.0151221);

INSERT INTO CaseMaster (CaseMasterID, CrimeNo, CaseNo, CrimeRegisteredDate, PolicePersonID, PoliceStationID, CaseCategoryID, GravityOffenceID, CrimeMajorHeadID, CrimeMinorHeadID, CaseStatusID, CourtID, IncidentFromDate, IncidentToDate, InfoReceivedPSDate, latitude, longitude, BriefFacts) VALUES (84, '100240023202500001', '202500001', '2025-11-09', 62, 23, 1, 2, 6, 33, 4, 31, '2025-11-09T15:30:00', '2025-11-09T16:30:00', '2025-11-09T18:30:00', 14.1177158, 77.8345824, 'On 2025-11-09, the complainant Tanish Mangal reported that unknown persons broke into their residence at Iyengar Chowk, Chikkaballapura and stole cash amounting to Rs. 50000 and gold ornaments. The accused Irya Ray was later identified through CCTV footage from a nearby shop.');
INSERT INTO ComplainantDetails (ComplainantID, CaseMasterID, ComplainantName, AgeYear, OccupationID, ReligionID, CasteID, GenderID) VALUES (84, 84, 'Tanish Mangal', 44, 11, 4, 5, 1);
INSERT INTO Victim (VictimMasterID, CaseMasterID, VictimName, AgeYear, GenderID, VictimPolice) VALUES (119, 84, 'Tanish Mangal', 62, 2, '0');
INSERT INTO Accused (AccusedMasterID, CaseMasterID, AccusedName, AgeYear, GenderID, PersonID) VALUES (199, 84, 'Irya Ray', 33, 2, 'A1');
INSERT INTO ActSectionAssociation (CaseMasterID, ActID, SectionID, ActOrderID, SectionOrderID) VALUES (84, 'IPC', '120B', 1, 1);
INSERT INTO ActSectionAssociation (CaseMasterID, ActID, SectionID, ActOrderID, SectionOrderID) VALUES (84, 'ITA', '66', 2, 2);
INSERT INTO ActSectionAssociation (CaseMasterID, ActID, SectionID, ActOrderID, SectionOrderID) VALUES (84, 'NDPS', '22', 3, 3);
INSERT INTO ArrestSurrender (ArrestSurrenderID, CaseMasterID, ArrestSurrenderTypeID, ArrestSurrenderDate, ArrestSurrenderStateId, ArrestSurrenderDistrictId, PoliceStationID, IOID, CourtID, AccusedMasterID, IsAccused, IsComplainantAccused) VALUES (61, 84, 1, '2025-12-08', 1, 24, 23, 55, 31, 199, TRUE, FALSE);
INSERT INTO inv_arrestsurrenderaccused (ArrestSurrenderID, AccusedMasterID) VALUES (61, 199);
INSERT INTO Inv_OccuranceTime (CaseMasterID, OccuranceFromDate, OccuranceToDate, PlaceOfOccurance, latitude, longitude) VALUES (84, '2025-11-09T15:30:00', '2025-11-09T16:30:00', 'Iyengar Chowk, Chikkaballapura', 14.1177158, 77.8345824);

INSERT INTO CaseMaster (CaseMasterID, CrimeNo, CaseNo, CrimeRegisteredDate, PolicePersonID, PoliceStationID, CaseCategoryID, GravityOffenceID, CrimeMajorHeadID, CrimeMinorHeadID, CaseStatusID, CourtID, IncidentFromDate, IncidentToDate, InfoReceivedPSDate, latitude, longitude, BriefFacts) VALUES (85, '300210020202300001', '202300001', '2023-11-25', 7, 20, 3, 2, 5, 30, 4, 29, '2023-11-25T22:34:00', '2023-11-25T23:34:00', '2023-11-26T05:34:00', 12.9342981, 74.8991788, 'A case of cheating was reported by Siya Gera stating that the accused Dhruv Mannan fraudulently obtained Rs. 10000 by promising a job in a government department. The accused collected money over a period of 12 months and disappeared.');
INSERT INTO ComplainantDetails (ComplainantID, CaseMasterID, ComplainantName, AgeYear, OccupationID, ReligionID, CasteID, GenderID) VALUES (85, 85, 'Siya Gera', 25, 13, 6, 5, 1);
INSERT INTO Victim (VictimMasterID, CaseMasterID, VictimName, AgeYear, GenderID, VictimPolice) VALUES (120, 85, 'Gagan Nagarajan', 53, 1, '0');
INSERT INTO Accused (AccusedMasterID, CaseMasterID, AccusedName, AgeYear, GenderID, PersonID) VALUES (200, 85, 'Dhruv Mannan', 54, 1, 'A1');
INSERT INTO Accused (AccusedMasterID, CaseMasterID, AccusedName, AgeYear, GenderID, PersonID) VALUES (201, 85, 'Janaki Trivedi', 27, 1, 'A2');
INSERT INTO Accused (AccusedMasterID, CaseMasterID, AccusedName, AgeYear, GenderID, PersonID) VALUES (202, 85, 'Jairaj Iyer', 21, 2, 'A3');
INSERT INTO Accused (AccusedMasterID, CaseMasterID, AccusedName, AgeYear, GenderID, PersonID) VALUES (203, 85, 'Warjas Tak', 46, 2, 'A4');
INSERT INTO Accused (AccusedMasterID, CaseMasterID, AccusedName, AgeYear, GenderID, PersonID) VALUES (204, 85, 'Jalsa Pillay', 25, 1, 'A5');
INSERT INTO ActSectionAssociation (CaseMasterID, ActID, SectionID, ActOrderID, SectionOrderID) VALUES (85, 'IPC', '148', 1, 1);
INSERT INTO Inv_OccuranceTime (CaseMasterID, OccuranceFromDate, OccuranceToDate, PlaceOfOccurance, latitude, longitude) VALUES (85, '2023-11-25T22:34:00', '2023-11-25T23:34:00', 'Dugar Road, Koppal', 12.9342981, 74.8991788);

INSERT INTO CaseMaster (CaseMasterID, CrimeNo, CaseNo, CrimeRegisteredDate, PolicePersonID, PoliceStationID, CaseCategoryID, GravityOffenceID, CrimeMajorHeadID, CrimeMinorHeadID, CaseStatusID, CourtID, IncidentFromDate, IncidentToDate, InfoReceivedPSDate, latitude, longitude, BriefFacts) VALUES (86, '100160015202400001', '202400001', '2024-12-07', 64, 15, 1, 4, 6, 35, 4, 39, '2024-12-07T15:29:00', '2024-12-07T18:29:00', '2024-12-08T01:29:00', 13.1651485, 76.6498805, 'On 2024-12-07, the complainant Gabriel Bhatti reported that their two-wheeler bearing registration number KA-10-BV-5889 was stolen from Roy Circle, Mandya. The vehicle was parked outside a commercial complex and was found missing when the complainant returned.');
INSERT INTO ComplainantDetails (ComplainantID, CaseMasterID, ComplainantName, AgeYear, OccupationID, ReligionID, CasteID, GenderID) VALUES (86, 86, 'Gabriel Bhatti', 63, 10, 5, 5, 1);
INSERT INTO Victim (VictimMasterID, CaseMasterID, VictimName, AgeYear, GenderID, VictimPolice) VALUES (121, 86, 'Gabriel Bhatti', 51, 1, '0');
INSERT INTO Victim (VictimMasterID, CaseMasterID, VictimName, AgeYear, GenderID, VictimPolice) VALUES (122, 86, 'Ethan Dass', 43, 2, '0');
INSERT INTO Victim (VictimMasterID, CaseMasterID, VictimName, AgeYear, GenderID, VictimPolice) VALUES (123, 86, 'Ethan Sengupta', 53, 1, '0');
INSERT INTO Accused (AccusedMasterID, CaseMasterID, AccusedName, AgeYear, GenderID, PersonID) VALUES (205, 86, 'Mitali Srinivas', 22, 2, 'A1');
INSERT INTO Accused (AccusedMasterID, CaseMasterID, AccusedName, AgeYear, GenderID, PersonID) VALUES (206, 86, 'Zansi Padmanabhan', 25, 2, 'A2');
INSERT INTO Accused (AccusedMasterID, CaseMasterID, AccusedName, AgeYear, GenderID, PersonID) VALUES (207, 86, 'Qabil Dayal', 44, 1, 'A3');
INSERT INTO Accused (AccusedMasterID, CaseMasterID, AccusedName, AgeYear, GenderID, PersonID) VALUES (208, 86, 'Yadavi Bhakta', 21, 1, 'A4');
INSERT INTO ActSectionAssociation (CaseMasterID, ActID, SectionID, ActOrderID, SectionOrderID) VALUES (86, 'IPC', '509', 1, 1);
INSERT INTO ActSectionAssociation (CaseMasterID, ActID, SectionID, ActOrderID, SectionOrderID) VALUES (86, 'POCSO', '6', 2, 2);
INSERT INTO ArrestSurrender (ArrestSurrenderID, CaseMasterID, ArrestSurrenderTypeID, ArrestSurrenderDate, ArrestSurrenderStateId, ArrestSurrenderDistrictId, PoliceStationID, IOID, CourtID, AccusedMasterID, IsAccused, IsComplainantAccused) VALUES (62, 86, 2, '2025-01-12', 1, 16, 15, 67, 39, 206, TRUE, FALSE);
INSERT INTO inv_arrestsurrenderaccused (ArrestSurrenderID, AccusedMasterID) VALUES (62, 206);
INSERT INTO ArrestSurrender (ArrestSurrenderID, CaseMasterID, ArrestSurrenderTypeID, ArrestSurrenderDate, ArrestSurrenderStateId, ArrestSurrenderDistrictId, PoliceStationID, IOID, CourtID, AccusedMasterID, IsAccused, IsComplainantAccused) VALUES (63, 86, 2, '2025-01-22', 1, 16, 15, 64, 39, 207, TRUE, FALSE);
INSERT INTO inv_arrestsurrenderaccused (ArrestSurrenderID, AccusedMasterID) VALUES (63, 207);
INSERT INTO Inv_OccuranceTime (CaseMasterID, OccuranceFromDate, OccuranceToDate, PlaceOfOccurance, latitude, longitude) VALUES (86, '2024-12-07T15:29:00', '2024-12-07T18:29:00', 'Roy Circle, Mandya', 13.1651485, 76.6498805);

INSERT INTO CaseMaster (CaseMasterID, CrimeNo, CaseNo, CrimeRegisteredDate, PolicePersonID, PoliceStationID, CaseCategoryID, GravityOffenceID, CrimeMajorHeadID, CrimeMinorHeadID, CaseStatusID, CourtID, IncidentFromDate, IncidentToDate, InfoReceivedPSDate, latitude, longitude, BriefFacts) VALUES (87, '200300029202600001', '202600001', '2026-01-10', 79, 29, 2, 2, 3, 19, 7, 1, '2026-01-10T06:51:00', '2026-01-10T10:51:00', '2026-01-10T16:51:00', 15.8320398, 74.4799373, 'On 2026-01-10, the Anti-Narcotics squad conducted a raid at Krishna Zila, Bidar and seized 250 grams of MDMA from the possession of the accused Zilmil Mander. The accused was found to be part of a supply chain operating across Chikkaballapura and Gadag.');
INSERT INTO ComplainantDetails (ComplainantID, CaseMasterID, ComplainantName, AgeYear, OccupationID, ReligionID, CasteID, GenderID) VALUES (87, 87, 'Daksha Gala', 59, 1, 7, 2, 1);
INSERT INTO Victim (VictimMasterID, CaseMasterID, VictimName, AgeYear, GenderID, VictimPolice) VALUES (124, 87, 'Ekantika Kar', 48, 3, '0');
INSERT INTO Accused (AccusedMasterID, CaseMasterID, AccusedName, AgeYear, GenderID, PersonID) VALUES (209, 87, 'Zilmil Mander', 20, 1, 'A1');
INSERT INTO Accused (AccusedMasterID, CaseMasterID, AccusedName, AgeYear, GenderID, PersonID) VALUES (210, 87, 'Anvi Dass', 47, 2, 'A2');
INSERT INTO ActSectionAssociation (CaseMasterID, ActID, SectionID, ActOrderID, SectionOrderID) VALUES (87, 'ITA', '66', 1, 1);
INSERT INTO ActSectionAssociation (CaseMasterID, ActID, SectionID, ActOrderID, SectionOrderID) VALUES (87, 'POCSO', '8', 2, 2);
INSERT INTO Inv_OccuranceTime (CaseMasterID, OccuranceFromDate, OccuranceToDate, PlaceOfOccurance, latitude, longitude) VALUES (87, '2026-01-10T06:51:00', '2026-01-10T10:51:00', 'Krishna Zila, Bidar', 15.8320398, 74.4799373);

INSERT INTO CaseMaster (CaseMasterID, CrimeNo, CaseNo, CrimeRegisteredDate, PolicePersonID, PoliceStationID, CaseCategoryID, GravityOffenceID, CrimeMajorHeadID, CrimeMinorHeadID, CaseStatusID, CourtID, IncidentFromDate, IncidentToDate, InfoReceivedPSDate, latitude, longitude, BriefFacts) VALUES (88, '300190018202500001', '202500001', '2025-05-29', 69, 18, 3, 1, 2, 14, 2, 22, '2025-05-29T04:17:00', '2025-05-29T04:17:00', '2025-05-29T09:17:00', 17.7162063, 75.5911799, 'A case of cheating was reported by Yadavi Ganguly stating that the accused Ayush Bumb fraudulently obtained Rs. 10000 by promising a job in a government department. The accused collected money over a period of 12 months and disappeared.');
INSERT INTO ComplainantDetails (ComplainantID, CaseMasterID, ComplainantName, AgeYear, OccupationID, ReligionID, CasteID, GenderID) VALUES (88, 88, 'Yadavi Ganguly', 39, 6, 1, 3, 1);
INSERT INTO Victim (VictimMasterID, CaseMasterID, VictimName, AgeYear, GenderID, VictimPolice) VALUES (125, 88, 'Onveer Nazareth', 16, 2, '0');
INSERT INTO Victim (VictimMasterID, CaseMasterID, VictimName, AgeYear, GenderID, VictimPolice) VALUES (126, 88, 'Omaja Balasubramanian', 66, 3, '0');
INSERT INTO Accused (AccusedMasterID, CaseMasterID, AccusedName, AgeYear, GenderID, PersonID) VALUES (211, 88, 'Ayush Bumb', 48, 2, 'A1');
INSERT INTO ActSectionAssociation (CaseMasterID, ActID, SectionID, ActOrderID, SectionOrderID) VALUES (88, 'NDPS', '20', 1, 1);
INSERT INTO Inv_OccuranceTime (CaseMasterID, OccuranceFromDate, OccuranceToDate, PlaceOfOccurance, latitude, longitude) VALUES (88, '2025-05-29T04:17:00', '2025-05-29T04:17:00', 'Lanka Nagar, Gadag', 17.7162063, 75.5911799);
INSERT INTO ChargesheetDetails (CSID, CaseMasterID, csdate, cstype, PolicePersonID) VALUES (22, 88, '2025-10-23', 'A', 50);

INSERT INTO CaseMaster (CaseMasterID, CrimeNo, CaseNo, CrimeRegisteredDate, PolicePersonID, PoliceStationID, CaseCategoryID, GravityOffenceID, CrimeMajorHeadID, CrimeMinorHeadID, CaseStatusID, CourtID, IncidentFromDate, IncidentToDate, InfoReceivedPSDate, latitude, longitude, BriefFacts) VALUES (89, '800050004202500001', '202500001', '2025-01-09', 1, 4, 8, 3, 1, 3, 3, 39, '2025-01-09T03:33:00', '2025-01-09T05:33:00', '2025-01-09T05:33:00', 13.8330283, 78.0013364, 'On 2025-01-09, the complainant Chasmum Subramanian reported that their bus bearing registration number KA-08-IE-3580 was stolen from Sarraf Street, Hubballi-Dharwad. The vehicle was parked outside a commercial complex and was found missing when the complainant returned.');
INSERT INTO ComplainantDetails (ComplainantID, CaseMasterID, ComplainantName, AgeYear, OccupationID, ReligionID, CasteID, GenderID) VALUES (89, 89, 'Chasmum Subramanian', 33, 12, 5, 3, 2);
INSERT INTO Victim (VictimMasterID, CaseMasterID, VictimName, AgeYear, GenderID, VictimPolice) VALUES (127, 89, 'Nidra Mishra', 41, 3, '0');
INSERT INTO Accused (AccusedMasterID, CaseMasterID, AccusedName, AgeYear, GenderID, PersonID) VALUES (212, 89, 'Elijah Bhasin', 39, 2, 'A1');
INSERT INTO ActSectionAssociation (CaseMasterID, ActID, SectionID, ActOrderID, SectionOrderID) VALUES (89, 'NDPS', '20', 1, 1);
INSERT INTO ArrestSurrender (ArrestSurrenderID, CaseMasterID, ArrestSurrenderTypeID, ArrestSurrenderDate, ArrestSurrenderStateId, ArrestSurrenderDistrictId, PoliceStationID, IOID, CourtID, AccusedMasterID, IsAccused, IsComplainantAccused) VALUES (64, 89, 1, '2025-02-02', 1, 5, 4, 12, 39, 212, TRUE, FALSE);
INSERT INTO inv_arrestsurrenderaccused (ArrestSurrenderID, AccusedMasterID) VALUES (64, 212);
INSERT INTO Inv_OccuranceTime (CaseMasterID, OccuranceFromDate, OccuranceToDate, PlaceOfOccurance, latitude, longitude) VALUES (89, '2025-01-09T03:33:00', '2025-01-09T05:33:00', 'Sarraf Street, Hubballi-Dharwad', 13.8330283, 78.0013364);

INSERT INTO CaseMaster (CaseMasterID, CrimeNo, CaseNo, CrimeRegisteredDate, PolicePersonID, PoliceStationID, CaseCategoryID, GravityOffenceID, CrimeMajorHeadID, CrimeMinorHeadID, CaseStatusID, CourtID, IncidentFromDate, IncidentToDate, InfoReceivedPSDate, latitude, longitude, BriefFacts) VALUES (90, '400140013202400001', '202400001', '2024-10-11', 23, 13, 4, 4, 7, 40, 1, 22, '2024-10-11T17:05:00', '2024-10-11T20:05:00', '2024-10-12T05:05:00', 16.4902908, 77.0189162, 'The deceased Samar Oak, aged 24, was found dead under suspicious circumstances at Rastogi Path, Hassan on 2024-10-11. The investigation revealed that the accused Dhriti Nagar, who is a relative of the deceased, had a dispute over property worth Rs. 1000000.');
INSERT INTO ComplainantDetails (ComplainantID, CaseMasterID, ComplainantName, AgeYear, OccupationID, ReligionID, CasteID, GenderID) VALUES (90, 90, 'Samar Oak', 21, 3, 4, 1, 2);
INSERT INTO Victim (VictimMasterID, CaseMasterID, VictimName, AgeYear, GenderID, VictimPolice) VALUES (128, 90, 'Samar Oak', 26, 2, '0');
INSERT INTO Accused (AccusedMasterID, CaseMasterID, AccusedName, AgeYear, GenderID, PersonID) VALUES (213, 90, 'Dhriti Nagar', 26, 1, 'A1');
INSERT INTO Accused (AccusedMasterID, CaseMasterID, AccusedName, AgeYear, GenderID, PersonID) VALUES (214, 90, 'Kamala Varma', 24, 2, 'A2');
INSERT INTO ActSectionAssociation (CaseMasterID, ActID, SectionID, ActOrderID, SectionOrderID) VALUES (90, 'IPC', '452', 1, 1);
INSERT INTO ActSectionAssociation (CaseMasterID, ActID, SectionID, ActOrderID, SectionOrderID) VALUES (90, 'POCSO', '8', 2, 2);
INSERT INTO ActSectionAssociation (CaseMasterID, ActID, SectionID, ActOrderID, SectionOrderID) VALUES (90, 'ITA', '67', 3, 3);
INSERT INTO ArrestSurrender (ArrestSurrenderID, CaseMasterID, ArrestSurrenderTypeID, ArrestSurrenderDate, ArrestSurrenderStateId, ArrestSurrenderDistrictId, PoliceStationID, IOID, CourtID, AccusedMasterID, IsAccused, IsComplainantAccused) VALUES (65, 90, 1, '2024-11-15', 1, 14, 13, 62, 22, 213, TRUE, FALSE);
INSERT INTO inv_arrestsurrenderaccused (ArrestSurrenderID, AccusedMasterID) VALUES (65, 213);
INSERT INTO Inv_OccuranceTime (CaseMasterID, OccuranceFromDate, OccuranceToDate, PlaceOfOccurance, latitude, longitude) VALUES (90, '2024-10-11T17:05:00', '2024-10-11T20:05:00', 'Rastogi Path, Hassan', 16.4902908, 77.0189162);

INSERT INTO CaseMaster (CaseMasterID, CrimeNo, CaseNo, CrimeRegisteredDate, PolicePersonID, PoliceStationID, CaseCategoryID, GravityOffenceID, CrimeMajorHeadID, CrimeMinorHeadID, CaseStatusID, CourtID, IncidentFromDate, IncidentToDate, InfoReceivedPSDate, latitude, longitude, BriefFacts) VALUES (91, '400040003202500001', '202500001', '2025-03-20', 44, 3, 4, 2, 7, 38, 2, 28, '2025-03-20T21:42:00', '2025-03-20T21:42:00', '2025-03-21T08:42:00', 15.3294262, 75.1138656, 'The deceased Amara Sengupta, aged 25, was found dead under suspicious circumstances at Mannan Nagar, Mangaluru (DK) on 2025-03-20. The investigation revealed that the accused Lohit Chatterjee, who is a relative of the deceased, had a dispute over property worth Rs. 10000.');
INSERT INTO ComplainantDetails (ComplainantID, CaseMasterID, ComplainantName, AgeYear, OccupationID, ReligionID, CasteID, GenderID) VALUES (91, 91, 'Wyatt Shukla', 25, 7, 7, 2, 1);
INSERT INTO Victim (VictimMasterID, CaseMasterID, VictimName, AgeYear, GenderID, VictimPolice) VALUES (129, 91, 'Amara Sengupta', 24, 2, '0');
INSERT INTO Victim (VictimMasterID, CaseMasterID, VictimName, AgeYear, GenderID, VictimPolice) VALUES (130, 91, 'Omya Kothari', 54, 3, '0');
INSERT INTO Accused (AccusedMasterID, CaseMasterID, AccusedName, AgeYear, GenderID, PersonID) VALUES (215, 91, 'Lohit Chatterjee', 38, 2, 'A1');
INSERT INTO ActSectionAssociation (CaseMasterID, ActID, SectionID, ActOrderID, SectionOrderID) VALUES (91, 'POCSO', '6', 1, 1);
INSERT INTO ActSectionAssociation (CaseMasterID, ActID, SectionID, ActOrderID, SectionOrderID) VALUES (91, 'POCSO', '4', 2, 2);
INSERT INTO ActSectionAssociation (CaseMasterID, ActID, SectionID, ActOrderID, SectionOrderID) VALUES (91, 'IPC', '148', 3, 3);
INSERT INTO Inv_OccuranceTime (CaseMasterID, OccuranceFromDate, OccuranceToDate, PlaceOfOccurance, latitude, longitude) VALUES (91, '2025-03-20T21:42:00', '2025-03-20T21:42:00', 'Mannan Nagar, Mangaluru (DK)', 15.3294262, 75.1138656);
INSERT INTO ChargesheetDetails (CSID, CaseMasterID, csdate, cstype, PolicePersonID) VALUES (23, 91, '2025-07-31', 'A', 17);

INSERT INTO CaseMaster (CaseMasterID, CrimeNo, CaseNo, CrimeRegisteredDate, PolicePersonID, PoliceStationID, CaseCategoryID, GravityOffenceID, CrimeMajorHeadID, CrimeMinorHeadID, CaseStatusID, CourtID, IncidentFromDate, IncidentToDate, InfoReceivedPSDate, latitude, longitude, BriefFacts) VALUES (92, '300030002202600001', '202600001', '2026-06-03', 48, 2, 3, 1, 1, 1, 3, 23, '2026-06-03T22:37:00', '2026-06-04T01:37:00', '2026-06-04T11:37:00', 15.3890339, 75.0966351, 'A cyber fraud was reported by Falak Munshi. The accused posed as a bank official and obtained OTP and banking credentials through a phone call on 2026-06-03. An amount of Rs. 1000000 was fraudulently transferred from the complainant''s account.');
INSERT INTO ComplainantDetails (ComplainantID, CaseMasterID, ComplainantName, AgeYear, OccupationID, ReligionID, CasteID, GenderID) VALUES (92, 92, 'Falak Munshi', 29, 16, 6, 4, 1);
INSERT INTO Victim (VictimMasterID, CaseMasterID, VictimName, AgeYear, GenderID, VictimPolice) VALUES (131, 92, 'Nathaniel Tara', 58, 2, '0');
INSERT INTO Accused (AccusedMasterID, CaseMasterID, AccusedName, AgeYear, GenderID, PersonID) VALUES (216, 92, 'Wishi Morar', 45, 1, 'A1');
INSERT INTO Accused (AccusedMasterID, CaseMasterID, AccusedName, AgeYear, GenderID, PersonID) VALUES (217, 92, 'Maya Tiwari', 45, 2, 'A2');
INSERT INTO Accused (AccusedMasterID, CaseMasterID, AccusedName, AgeYear, GenderID, PersonID) VALUES (218, 92, 'Wridesh Kale', 32, 1, 'A3');
INSERT INTO ActSectionAssociation (CaseMasterID, ActID, SectionID, ActOrderID, SectionOrderID) VALUES (92, 'IPC', '147', 1, 1);
INSERT INTO ActSectionAssociation (CaseMasterID, ActID, SectionID, ActOrderID, SectionOrderID) VALUES (92, 'ITA', '66C', 2, 2);
INSERT INTO Inv_OccuranceTime (CaseMasterID, OccuranceFromDate, OccuranceToDate, PlaceOfOccurance, latitude, longitude) VALUES (92, '2026-06-03T22:37:00', '2026-06-04T01:37:00', 'Bajaj Chowk, Mysuru', 15.3890339, 75.0966351);

INSERT INTO CaseMaster (CaseMasterID, CrimeNo, CaseNo, CrimeRegisteredDate, PolicePersonID, PoliceStationID, CaseCategoryID, GravityOffenceID, CrimeMajorHeadID, CrimeMinorHeadID, CaseStatusID, CourtID, IncidentFromDate, IncidentToDate, InfoReceivedPSDate, latitude, longitude, BriefFacts) VALUES (93, '300150014202500001', '202500001', '2025-04-13', 70, 14, 3, 3, 1, 3, 7, 37, '2025-04-13T22:05:00', '2025-04-13T23:05:00', '2025-04-14T10:05:00', 15.4081228, 75.1614012, 'The complainant Chandresh Manda reported domestic violence by husband Hritik Sankar and in-laws. The accused demanded additional dowry of Rs. 10000 and subjected the complainant to physical and mental harassment since 5 years.');
INSERT INTO ComplainantDetails (ComplainantID, CaseMasterID, ComplainantName, AgeYear, OccupationID, ReligionID, CasteID, GenderID) VALUES (93, 93, 'Chandresh Manda', 54, 1, 4, 4, 2);
INSERT INTO Victim (VictimMasterID, CaseMasterID, VictimName, AgeYear, GenderID, VictimPolice) VALUES (132, 93, 'Upma Mangal', 47, 2, '0');
INSERT INTO Accused (AccusedMasterID, CaseMasterID, AccusedName, AgeYear, GenderID, PersonID) VALUES (219, 93, 'Hritik Sankar', 36, 2, 'A1');
INSERT INTO Accused (AccusedMasterID, CaseMasterID, AccusedName, AgeYear, GenderID, PersonID) VALUES (220, 93, 'Neha Pau', 37, 2, 'A2');
INSERT INTO Accused (AccusedMasterID, CaseMasterID, AccusedName, AgeYear, GenderID, PersonID) VALUES (221, 93, 'Pallavi Malhotra', 55, 1, 'A3');
INSERT INTO Accused (AccusedMasterID, CaseMasterID, AccusedName, AgeYear, GenderID, PersonID) VALUES (222, 93, 'Nandini Behl', 36, 1, 'A4');
INSERT INTO Accused (AccusedMasterID, CaseMasterID, AccusedName, AgeYear, GenderID, PersonID) VALUES (223, 93, 'Janani Mani', 23, 1, 'A5');
INSERT INTO ActSectionAssociation (CaseMasterID, ActID, SectionID, ActOrderID, SectionOrderID) VALUES (93, 'IPC', '504', 1, 1);
INSERT INTO ActSectionAssociation (CaseMasterID, ActID, SectionID, ActOrderID, SectionOrderID) VALUES (93, 'POCSO', '6', 2, 2);
INSERT INTO ActSectionAssociation (CaseMasterID, ActID, SectionID, ActOrderID, SectionOrderID) VALUES (93, 'NDPS', '27', 3, 3);
INSERT INTO ArrestSurrender (ArrestSurrenderID, CaseMasterID, ArrestSurrenderTypeID, ArrestSurrenderDate, ArrestSurrenderStateId, ArrestSurrenderDistrictId, PoliceStationID, IOID, CourtID, AccusedMasterID, IsAccused, IsComplainantAccused) VALUES (66, 93, 1, '2025-05-21', 1, 15, 14, 76, 37, 219, TRUE, FALSE);
INSERT INTO inv_arrestsurrenderaccused (ArrestSurrenderID, AccusedMasterID) VALUES (66, 219);
INSERT INTO ArrestSurrender (ArrestSurrenderID, CaseMasterID, ArrestSurrenderTypeID, ArrestSurrenderDate, ArrestSurrenderStateId, ArrestSurrenderDistrictId, PoliceStationID, IOID, CourtID, AccusedMasterID, IsAccused, IsComplainantAccused) VALUES (67, 93, 1, '2025-05-30', 1, 15, 14, 58, 37, 223, TRUE, FALSE);
INSERT INTO inv_arrestsurrenderaccused (ArrestSurrenderID, AccusedMasterID) VALUES (67, 223);
INSERT INTO Inv_OccuranceTime (CaseMasterID, OccuranceFromDate, OccuranceToDate, PlaceOfOccurance, latitude, longitude) VALUES (93, '2025-04-13T22:05:00', '2025-04-13T23:05:00', 'Lalla Street, Chitradurga', 15.4081228, 75.1614012);

INSERT INTO CaseMaster (CaseMasterID, CrimeNo, CaseNo, CrimeRegisteredDate, PolicePersonID, PoliceStationID, CaseCategoryID, GravityOffenceID, CrimeMajorHeadID, CrimeMinorHeadID, CaseStatusID, CourtID, IncidentFromDate, IncidentToDate, InfoReceivedPSDate, latitude, longitude, BriefFacts) VALUES (94, '300270026202300001', '202300001', '2023-10-02', 23, 26, 3, 3, 2, 16, 2, 34, '2023-10-02T04:38:00', '2023-10-02T05:38:00', '2023-10-02T12:38:00', 13.899936, 74.3798066, 'A cyber fraud was reported by Ati Dani. The accused posed as a bank official and obtained OTP and banking credentials through a phone call on 2023-10-02. An amount of Rs. 25000 was fraudulently transferred from the complainant''s account.');
INSERT INTO ComplainantDetails (ComplainantID, CaseMasterID, ComplainantName, AgeYear, OccupationID, ReligionID, CasteID, GenderID) VALUES (94, 94, 'Ati Dani', 54, 8, 4, 4, 2);
INSERT INTO Victim (VictimMasterID, CaseMasterID, VictimName, AgeYear, GenderID, VictimPolice) VALUES (133, 94, 'Gunbir Ramesh', 72, 2, '1');
INSERT INTO Accused (AccusedMasterID, CaseMasterID, AccusedName, AgeYear, GenderID, PersonID) VALUES (224, 94, 'Harinakshi Pau', 46, 2, 'A1');
INSERT INTO Accused (AccusedMasterID, CaseMasterID, AccusedName, AgeYear, GenderID, PersonID) VALUES (225, 94, 'Xiti Baria', 51, 1, 'A2');
INSERT INTO Accused (AccusedMasterID, CaseMasterID, AccusedName, AgeYear, GenderID, PersonID) VALUES (226, 94, 'Adweta Edwin', 40, 2, 'A3');
INSERT INTO Accused (AccusedMasterID, CaseMasterID, AccusedName, AgeYear, GenderID, PersonID) VALUES (227, 94, 'Balvan Devan', 35, 2, 'A4');
INSERT INTO Accused (AccusedMasterID, CaseMasterID, AccusedName, AgeYear, GenderID, PersonID) VALUES (228, 94, 'Urvi Venkataraman', 24, 2, 'A5');
INSERT INTO ActSectionAssociation (CaseMasterID, ActID, SectionID, ActOrderID, SectionOrderID) VALUES (94, 'ITA', '67', 1, 1);
INSERT INTO ActSectionAssociation (CaseMasterID, ActID, SectionID, ActOrderID, SectionOrderID) VALUES (94, 'NDPS', '27', 2, 2);
INSERT INTO ArrestSurrender (ArrestSurrenderID, CaseMasterID, ArrestSurrenderTypeID, ArrestSurrenderDate, ArrestSurrenderStateId, ArrestSurrenderDistrictId, PoliceStationID, IOID, CourtID, AccusedMasterID, IsAccused, IsComplainantAccused) VALUES (68, 94, 1, '2023-11-06', 1, 27, 26, 2, 34, 226, TRUE, FALSE);
INSERT INTO inv_arrestsurrenderaccused (ArrestSurrenderID, AccusedMasterID) VALUES (68, 226);
INSERT INTO Inv_OccuranceTime (CaseMasterID, OccuranceFromDate, OccuranceToDate, PlaceOfOccurance, latitude, longitude) VALUES (94, '2023-10-02T04:38:00', '2023-10-02T05:38:00', 'Issac Street, Chamarajanagara', 13.899936, 74.3798066);
INSERT INTO ChargesheetDetails (CSID, CaseMasterID, csdate, cstype, PolicePersonID) VALUES (24, 94, '2023-11-18', 'A', 2);

INSERT INTO CaseMaster (CaseMasterID, CrimeNo, CaseNo, CrimeRegisteredDate, PolicePersonID, PoliceStationID, CaseCategoryID, GravityOffenceID, CrimeMajorHeadID, CrimeMinorHeadID, CaseStatusID, CourtID, IncidentFromDate, IncidentToDate, InfoReceivedPSDate, latitude, longitude, BriefFacts) VALUES (95, '400050004202400001', '202400001', '2024-11-25', 68, 4, 4, 1, 8, 44, 2, 15, '2024-11-25T19:05:00', '2024-11-25T19:05:00', '2024-11-26T04:05:00', 13.2632728, 74.1531879, 'The complainant Falak Nagar, a shopkeeper at Suri Circle, Hubballi-Dharwad, reported that the accused Yashica Upadhyay along with others robbed the shop at knife-point on 2024-11-25 and fled with cash Rs. 25000 and valuables.');
INSERT INTO ComplainantDetails (ComplainantID, CaseMasterID, ComplainantName, AgeYear, OccupationID, ReligionID, CasteID, GenderID) VALUES (95, 95, 'Falak Nagar', 62, 11, 3, 2, 1);
INSERT INTO Victim (VictimMasterID, CaseMasterID, VictimName, AgeYear, GenderID, VictimPolice) VALUES (134, 95, 'Maya Mistry', 12, 2, '0');
INSERT INTO Accused (AccusedMasterID, CaseMasterID, AccusedName, AgeYear, GenderID, PersonID) VALUES (229, 95, 'Yashica Upadhyay', 34, 2, 'A1');
INSERT INTO Accused (AccusedMasterID, CaseMasterID, AccusedName, AgeYear, GenderID, PersonID) VALUES (230, 95, 'Vaishnavi Badal', 22, 2, 'A2');
INSERT INTO Accused (AccusedMasterID, CaseMasterID, AccusedName, AgeYear, GenderID, PersonID) VALUES (231, 95, 'Garima Choudhary', 30, 2, 'A3');
INSERT INTO Accused (AccusedMasterID, CaseMasterID, AccusedName, AgeYear, GenderID, PersonID) VALUES (232, 95, 'Darika Bala', 49, 1, 'A4');
INSERT INTO Accused (AccusedMasterID, CaseMasterID, AccusedName, AgeYear, GenderID, PersonID) VALUES (233, 95, 'Irya Ray', 45, 1, 'A5');
INSERT INTO ActSectionAssociation (CaseMasterID, ActID, SectionID, ActOrderID, SectionOrderID) VALUES (95, 'IPC', '506', 1, 1);
INSERT INTO ActSectionAssociation (CaseMasterID, ActID, SectionID, ActOrderID, SectionOrderID) VALUES (95, 'POCSO', '4', 2, 2);
INSERT INTO ActSectionAssociation (CaseMasterID, ActID, SectionID, ActOrderID, SectionOrderID) VALUES (95, 'IPC', '304', 3, 3);
INSERT INTO ArrestSurrender (ArrestSurrenderID, CaseMasterID, ArrestSurrenderTypeID, ArrestSurrenderDate, ArrestSurrenderStateId, ArrestSurrenderDistrictId, PoliceStationID, IOID, CourtID, AccusedMasterID, IsAccused, IsComplainantAccused) VALUES (69, 95, 2, '2025-01-21', 1, 5, 4, 20, 15, 232, TRUE, FALSE);
INSERT INTO inv_arrestsurrenderaccused (ArrestSurrenderID, AccusedMasterID) VALUES (69, 232);
INSERT INTO ArrestSurrender (ArrestSurrenderID, CaseMasterID, ArrestSurrenderTypeID, ArrestSurrenderDate, ArrestSurrenderStateId, ArrestSurrenderDistrictId, PoliceStationID, IOID, CourtID, AccusedMasterID, IsAccused, IsComplainantAccused) VALUES (70, 95, 1, '2025-01-05', 1, 5, 4, 5, 15, 229, TRUE, FALSE);
INSERT INTO inv_arrestsurrenderaccused (ArrestSurrenderID, AccusedMasterID) VALUES (70, 229);
INSERT INTO Inv_OccuranceTime (CaseMasterID, OccuranceFromDate, OccuranceToDate, PlaceOfOccurance, latitude, longitude) VALUES (95, '2024-11-25T19:05:00', '2024-11-25T19:05:00', 'Suri Circle, Hubballi-Dharwad', 13.2632728, 74.1531879);
INSERT INTO ChargesheetDetails (CSID, CaseMasterID, csdate, cstype, PolicePersonID) VALUES (25, 95, '2025-04-03', 'A', 35);

INSERT INTO CaseMaster (CaseMasterID, CrimeNo, CaseNo, CrimeRegisteredDate, PolicePersonID, PoliceStationID, CaseCategoryID, GravityOffenceID, CrimeMajorHeadID, CrimeMinorHeadID, CaseStatusID, CourtID, IncidentFromDate, IncidentToDate, InfoReceivedPSDate, latitude, longitude, BriefFacts) VALUES (96, '200240023202500002', '202500002', '2025-04-28', 43, 23, 2, 4, 6, 37, 1, 32, '2025-04-28T02:34:00', '2025-04-28T03:34:00', '2025-04-28T03:34:00', 15.898244, 74.4253435, 'The deceased Onkar Viswanathan, aged 25, was found dead under suspicious circumstances at Choudhary Nagar, Chikkaballapura on 2025-04-28. The investigation revealed that the accused Manbir Kibe, who is a relative of the deceased, had a dispute over property worth Rs. 100000.');
INSERT INTO ComplainantDetails (ComplainantID, CaseMasterID, ComplainantName, AgeYear, OccupationID, ReligionID, CasteID, GenderID) VALUES (96, 96, 'Vedant Behl', 31, 2, 4, 2, 2);
INSERT INTO Victim (VictimMasterID, CaseMasterID, VictimName, AgeYear, GenderID, VictimPolice) VALUES (135, 96, 'Onkar Viswanathan', 18, 3, '0');
INSERT INTO Accused (AccusedMasterID, CaseMasterID, AccusedName, AgeYear, GenderID, PersonID) VALUES (234, 96, 'Manbir Kibe', 46, 1, 'A1');
INSERT INTO Accused (AccusedMasterID, CaseMasterID, AccusedName, AgeYear, GenderID, PersonID) VALUES (235, 96, 'Kevin Palla', 19, 1, 'A2');
INSERT INTO ActSectionAssociation (CaseMasterID, ActID, SectionID, ActOrderID, SectionOrderID) VALUES (96, 'ITA', '66', 1, 1);
INSERT INTO ActSectionAssociation (CaseMasterID, ActID, SectionID, ActOrderID, SectionOrderID) VALUES (96, 'POCSO', '6', 2, 2);
INSERT INTO ArrestSurrender (ArrestSurrenderID, CaseMasterID, ArrestSurrenderTypeID, ArrestSurrenderDate, ArrestSurrenderStateId, ArrestSurrenderDistrictId, PoliceStationID, IOID, CourtID, AccusedMasterID, IsAccused, IsComplainantAccused) VALUES (71, 96, 1, '2025-05-19', 1, 24, 23, 44, 32, 234, TRUE, FALSE);
INSERT INTO inv_arrestsurrenderaccused (ArrestSurrenderID, AccusedMasterID) VALUES (71, 234);
INSERT INTO ArrestSurrender (ArrestSurrenderID, CaseMasterID, ArrestSurrenderTypeID, ArrestSurrenderDate, ArrestSurrenderStateId, ArrestSurrenderDistrictId, PoliceStationID, IOID, CourtID, AccusedMasterID, IsAccused, IsComplainantAccused) VALUES (72, 96, 1, '2025-06-17', 1, 24, 23, 52, 32, 235, TRUE, FALSE);
INSERT INTO inv_arrestsurrenderaccused (ArrestSurrenderID, AccusedMasterID) VALUES (72, 235);
INSERT INTO Inv_OccuranceTime (CaseMasterID, OccuranceFromDate, OccuranceToDate, PlaceOfOccurance, latitude, longitude) VALUES (96, '2025-04-28T02:34:00', '2025-04-28T03:34:00', 'Choudhary Nagar, Chikkaballapura', 15.898244, 74.4253435);

INSERT INTO CaseMaster (CaseMasterID, CrimeNo, CaseNo, CrimeRegisteredDate, PolicePersonID, PoliceStationID, CaseCategoryID, GravityOffenceID, CrimeMajorHeadID, CrimeMinorHeadID, CaseStatusID, CourtID, IncidentFromDate, IncidentToDate, InfoReceivedPSDate, latitude, longitude, BriefFacts) VALUES (97, '100080007202400001', '202400001', '2024-02-08', 67, 7, 1, 4, 8, 44, 5, 35, '2024-02-08T23:09:00', '2024-02-09T02:09:00', '2024-02-09T12:09:00', 12.8705629, 74.8617235, 'The complainant Dipta Sahota, a shopkeeper at Thaker Marg, Ballari, reported that the accused Nitara Jani along with others robbed the shop at knife-point on 2024-02-08 and fled with cash Rs. 5000 and valuables.');
INSERT INTO ComplainantDetails (ComplainantID, CaseMasterID, ComplainantName, AgeYear, OccupationID, ReligionID, CasteID, GenderID) VALUES (97, 97, 'Dipta Sahota', 32, 14, 3, 4, 2);
INSERT INTO Victim (VictimMasterID, CaseMasterID, VictimName, AgeYear, GenderID, VictimPolice) VALUES (136, 97, 'Dipta Sahota', 74, 1, '0');
INSERT INTO Accused (AccusedMasterID, CaseMasterID, AccusedName, AgeYear, GenderID, PersonID) VALUES (236, 97, 'Nitara Jani', 31, 1, 'A1');
INSERT INTO Accused (AccusedMasterID, CaseMasterID, AccusedName, AgeYear, GenderID, PersonID) VALUES (237, 97, 'David Devi', 39, 1, 'A2');
INSERT INTO Accused (AccusedMasterID, CaseMasterID, AccusedName, AgeYear, GenderID, PersonID) VALUES (238, 97, 'Tara Chaudhry', 44, 1, 'A3');
INSERT INTO Accused (AccusedMasterID, CaseMasterID, AccusedName, AgeYear, GenderID, PersonID) VALUES (239, 97, 'Ekta Sridhar', 53, 1, 'A4');
INSERT INTO Accused (AccusedMasterID, CaseMasterID, AccusedName, AgeYear, GenderID, PersonID) VALUES (240, 97, 'Dipta Ghose', 55, 1, 'A5');
INSERT INTO ActSectionAssociation (CaseMasterID, ActID, SectionID, ActOrderID, SectionOrderID) VALUES (97, 'IPC', '452', 1, 1);
INSERT INTO Inv_OccuranceTime (CaseMasterID, OccuranceFromDate, OccuranceToDate, PlaceOfOccurance, latitude, longitude) VALUES (97, '2024-02-08T23:09:00', '2024-02-09T02:09:00', 'Thaker Marg, Ballari', 12.8705629, 74.8617235);

INSERT INTO CaseMaster (CaseMasterID, CrimeNo, CaseNo, CrimeRegisteredDate, PolicePersonID, PoliceStationID, CaseCategoryID, GravityOffenceID, CrimeMajorHeadID, CrimeMinorHeadID, CaseStatusID, CourtID, IncidentFromDate, IncidentToDate, InfoReceivedPSDate, latitude, longitude, BriefFacts) VALUES (98, '800140013202400002', '202400002', '2024-11-28', 21, 13, 8, 1, 6, 32, 1, 1, '2024-11-28T09:26:00', '2024-11-28T12:26:00', '2024-11-28T23:26:00', 12.9535832, 77.5299541, 'On 2024-11-28, the Anti-Narcotics squad conducted a raid at Sule, Hassan and seized 1000 grams of heroin from the possession of the accused Nakul Sarma. The accused was found to be part of a supply chain operating across Kalaburagi and Mangaluru (DK).');
INSERT INTO ComplainantDetails (ComplainantID, CaseMasterID, ComplainantName, AgeYear, OccupationID, ReligionID, CasteID, GenderID) VALUES (98, 98, 'Irya Lalla', 53, 4, 5, 3, 1);
INSERT INTO Victim (VictimMasterID, CaseMasterID, VictimName, AgeYear, GenderID, VictimPolice) VALUES (137, 98, 'Irya Lalla', 31, 2, '0');
INSERT INTO Accused (AccusedMasterID, CaseMasterID, AccusedName, AgeYear, GenderID, PersonID) VALUES (241, 98, 'Nakul Sarma', 27, 2, 'A1');
INSERT INTO ActSectionAssociation (CaseMasterID, ActID, SectionID, ActOrderID, SectionOrderID) VALUES (98, 'NDPS', '20', 1, 1);
INSERT INTO ActSectionAssociation (CaseMasterID, ActID, SectionID, ActOrderID, SectionOrderID) VALUES (98, 'IPC', '307', 2, 2);
INSERT INTO Inv_OccuranceTime (CaseMasterID, OccuranceFromDate, OccuranceToDate, PlaceOfOccurance, latitude, longitude) VALUES (98, '2024-11-28T09:26:00', '2024-11-28T12:26:00', 'Sule, Hassan', 12.9535832, 77.5299541);

INSERT INTO CaseMaster (CaseMasterID, CrimeNo, CaseNo, CrimeRegisteredDate, PolicePersonID, PoliceStationID, CaseCategoryID, GravityOffenceID, CrimeMajorHeadID, CrimeMinorHeadID, CaseStatusID, CourtID, IncidentFromDate, IncidentToDate, InfoReceivedPSDate, latitude, longitude, BriefFacts) VALUES (99, '300080007202400001', '202400001', '2024-02-09', 56, 7, 3, 3, 3, 22, 2, 30, '2024-02-09T00:31:00', '2024-02-09T04:31:00', '2024-02-09T05:31:00', 12.9992984, 77.5804565, 'The deceased Arya Misra, aged 55, was found dead under suspicious circumstances at Suresh Ganj, Ballari on 2024-02-09. The investigation revealed that the accused Chameli Mani, who is a relative of the deceased, had a dispute over property worth Rs. 250000.');
INSERT INTO ComplainantDetails (ComplainantID, CaseMasterID, ComplainantName, AgeYear, OccupationID, ReligionID, CasteID, GenderID) VALUES (99, 99, 'Arya Misra', 23, 14, 2, 2, 2);
INSERT INTO Victim (VictimMasterID, CaseMasterID, VictimName, AgeYear, GenderID, VictimPolice) VALUES (138, 99, 'Arya Misra', 52, 1, '0');
INSERT INTO Accused (AccusedMasterID, CaseMasterID, AccusedName, AgeYear, GenderID, PersonID) VALUES (242, 99, 'Chameli Mani', 40, 2, 'A1');
INSERT INTO ActSectionAssociation (CaseMasterID, ActID, SectionID, ActOrderID, SectionOrderID) VALUES (99, 'POCSO', '4', 1, 1);
INSERT INTO ArrestSurrender (ArrestSurrenderID, CaseMasterID, ArrestSurrenderTypeID, ArrestSurrenderDate, ArrestSurrenderStateId, ArrestSurrenderDistrictId, PoliceStationID, IOID, CourtID, AccusedMasterID, IsAccused, IsComplainantAccused) VALUES (73, 99, 1, '2024-02-17', 1, 8, 7, 60, 30, 242, TRUE, FALSE);
INSERT INTO inv_arrestsurrenderaccused (ArrestSurrenderID, AccusedMasterID) VALUES (73, 242);
INSERT INTO Inv_OccuranceTime (CaseMasterID, OccuranceFromDate, OccuranceToDate, PlaceOfOccurance, latitude, longitude) VALUES (99, '2024-02-09T00:31:00', '2024-02-09T04:31:00', 'Suresh Ganj, Ballari', 12.9992984, 77.5804565);
INSERT INTO ChargesheetDetails (CSID, CaseMasterID, csdate, cstype, PolicePersonID) VALUES (26, 99, '2024-07-05', 'A', 54);

INSERT INTO CaseMaster (CaseMasterID, CrimeNo, CaseNo, CrimeRegisteredDate, PolicePersonID, PoliceStationID, CaseCategoryID, GravityOffenceID, CrimeMajorHeadID, CrimeMinorHeadID, CaseStatusID, CourtID, IncidentFromDate, IncidentToDate, InfoReceivedPSDate, latitude, longitude, BriefFacts) VALUES (100, '200260025202400001', '202400001', '2024-06-25', 44, 25, 2, 2, 3, 19, 2, 41, '2024-06-25T17:54:00', '2024-06-25T18:54:00', '2024-06-25T19:54:00', 17.8390467, 76.6015465, 'On 2024-06-25, the complainant Anusha Mani reported that their auto-rickshaw bearing registration number KA-28-SH-3440 was stolen from Mani Nagar, Yadgir. The vehicle was parked outside the bus stand and was found missing when the complainant returned.');
INSERT INTO ComplainantDetails (ComplainantID, CaseMasterID, ComplainantName, AgeYear, OccupationID, ReligionID, CasteID, GenderID) VALUES (100, 100, 'Anusha Mani', 52, 2, 4, 5, 2);
INSERT INTO Victim (VictimMasterID, CaseMasterID, VictimName, AgeYear, GenderID, VictimPolice) VALUES (139, 100, 'Ladli Rana', 17, 2, '0');
INSERT INTO Accused (AccusedMasterID, CaseMasterID, AccusedName, AgeYear, GenderID, PersonID) VALUES (243, 100, 'Madhav Mannan', 18, 2, 'A1');
INSERT INTO ActSectionAssociation (CaseMasterID, ActID, SectionID, ActOrderID, SectionOrderID) VALUES (100, 'NDPS', '22', 1, 1);
INSERT INTO ArrestSurrender (ArrestSurrenderID, CaseMasterID, ArrestSurrenderTypeID, ArrestSurrenderDate, ArrestSurrenderStateId, ArrestSurrenderDistrictId, PoliceStationID, IOID, CourtID, AccusedMasterID, IsAccused, IsComplainantAccused) VALUES (74, 100, 2, '2024-07-25', 1, 26, 25, 21, 41, 243, TRUE, FALSE);
INSERT INTO inv_arrestsurrenderaccused (ArrestSurrenderID, AccusedMasterID) VALUES (74, 243);
INSERT INTO Inv_OccuranceTime (CaseMasterID, OccuranceFromDate, OccuranceToDate, PlaceOfOccurance, latitude, longitude) VALUES (100, '2024-06-25T17:54:00', '2024-06-25T18:54:00', 'Mani Nagar, Yadgir', 17.8390467, 76.6015465);
INSERT INTO ChargesheetDetails (CSID, CaseMasterID, csdate, cstype, PolicePersonID) VALUES (27, 100, '2024-11-19', 'A', 74);

INSERT INTO CaseMaster (CaseMasterID, CrimeNo, CaseNo, CrimeRegisteredDate, PolicePersonID, PoliceStationID, CaseCategoryID, GravityOffenceID, CrimeMajorHeadID, CrimeMinorHeadID, CaseStatusID, CourtID, IncidentFromDate, IncidentToDate, InfoReceivedPSDate, latitude, longitude, BriefFacts) VALUES (101, '800020001202600001', '202600001', '2026-05-26', 59, 1, 8, 4, 2, 9, 5, 26, '2026-05-26T00:55:00', '2026-05-26T00:55:00', '2026-05-26T06:55:00', 15.3101709, 75.0682156, 'On 2026-05-26, the complainant Hiral Sathe reported that unknown persons broke into their residence at Chopra Street, Bengaluru Rural and stole cash amounting to Rs. 2500000 and gold ornaments. The accused Anika Magar was later identified through CCTV footage from a nearby shop.');
INSERT INTO ComplainantDetails (ComplainantID, CaseMasterID, ComplainantName, AgeYear, OccupationID, ReligionID, CasteID, GenderID) VALUES (101, 101, 'Hiral Sathe', 22, 12, 3, 2, 1);
INSERT INTO Victim (VictimMasterID, CaseMasterID, VictimName, AgeYear, GenderID, VictimPolice) VALUES (140, 101, 'Varenya Kala', 31, 1, '0');
INSERT INTO Accused (AccusedMasterID, CaseMasterID, AccusedName, AgeYear, GenderID, PersonID) VALUES (244, 101, 'Anika Magar', 25, 2, 'A1');
INSERT INTO ActSectionAssociation (CaseMasterID, ActID, SectionID, ActOrderID, SectionOrderID) VALUES (101, 'NDPS', '27', 1, 1);
INSERT INTO ActSectionAssociation (CaseMasterID, ActID, SectionID, ActOrderID, SectionOrderID) VALUES (101, 'NDPS', '22', 2, 2);
INSERT INTO ActSectionAssociation (CaseMasterID, ActID, SectionID, ActOrderID, SectionOrderID) VALUES (101, 'POCSO', '6', 3, 3);
INSERT INTO ArrestSurrender (ArrestSurrenderID, CaseMasterID, ArrestSurrenderTypeID, ArrestSurrenderDate, ArrestSurrenderStateId, ArrestSurrenderDistrictId, PoliceStationID, IOID, CourtID, AccusedMasterID, IsAccused, IsComplainantAccused) VALUES (75, 101, 1, '2026-05-29', 1, 2, 1, 48, 26, 244, TRUE, FALSE);
INSERT INTO inv_arrestsurrenderaccused (ArrestSurrenderID, AccusedMasterID) VALUES (75, 244);
INSERT INTO Inv_OccuranceTime (CaseMasterID, OccuranceFromDate, OccuranceToDate, PlaceOfOccurance, latitude, longitude) VALUES (101, '2026-05-26T00:55:00', '2026-05-26T00:55:00', 'Chopra Street, Bengaluru Rural', 15.3101709, 75.0682156);

INSERT INTO CaseMaster (CaseMasterID, CrimeNo, CaseNo, CrimeRegisteredDate, PolicePersonID, PoliceStationID, CaseCategoryID, GravityOffenceID, CrimeMajorHeadID, CrimeMinorHeadID, CaseStatusID, CourtID, IncidentFromDate, IncidentToDate, InfoReceivedPSDate, latitude, longitude, BriefFacts) VALUES (102, '300160015202500001', '202500001', '2025-05-18', 63, 15, 3, 1, 5, 31, 3, 35, '2025-05-18T21:44:00', '2025-05-18T21:44:00', '2025-05-19T00:44:00', 14.6638487, 75.6566563, 'The victim Viraj Ben, aged 43, was assaulted by the accused Odika Narayanan near Chaudhry Chowk, Mandya on 2025-05-18 at approximately 3:30 AM. The accused used a sharp weapon causing grievous injuries. The victim was rushed to Bowring Hospital for treatment.');
INSERT INTO ComplainantDetails (ComplainantID, CaseMasterID, ComplainantName, AgeYear, OccupationID, ReligionID, CasteID, GenderID) VALUES (102, 102, 'Xavier Bedi', 63, 5, 4, 3, 2);
INSERT INTO Victim (VictimMasterID, CaseMasterID, VictimName, AgeYear, GenderID, VictimPolice) VALUES (141, 102, 'Viraj Ben', 7, 2, '0');
INSERT INTO Accused (AccusedMasterID, CaseMasterID, AccusedName, AgeYear, GenderID, PersonID) VALUES (245, 102, 'Odika Narayanan', 32, 2, 'A1');
INSERT INTO ActSectionAssociation (CaseMasterID, ActID, SectionID, ActOrderID, SectionOrderID) VALUES (102, 'POCSO', '8', 1, 1);
INSERT INTO ActSectionAssociation (CaseMasterID, ActID, SectionID, ActOrderID, SectionOrderID) VALUES (102, 'POCSO', '6', 2, 2);
INSERT INTO ArrestSurrender (ArrestSurrenderID, CaseMasterID, ArrestSurrenderTypeID, ArrestSurrenderDate, ArrestSurrenderStateId, ArrestSurrenderDistrictId, PoliceStationID, IOID, CourtID, AccusedMasterID, IsAccused, IsComplainantAccused) VALUES (76, 102, 1, '2025-06-06', 1, 16, 15, 40, 35, 245, TRUE, FALSE);
INSERT INTO inv_arrestsurrenderaccused (ArrestSurrenderID, AccusedMasterID) VALUES (76, 245);
INSERT INTO Inv_OccuranceTime (CaseMasterID, OccuranceFromDate, OccuranceToDate, PlaceOfOccurance, latitude, longitude) VALUES (102, '2025-05-18T21:44:00', '2025-05-18T21:44:00', 'Chaudhry Chowk, Mandya', 14.6638487, 75.6566563);

INSERT INTO CaseMaster (CaseMasterID, CrimeNo, CaseNo, CrimeRegisteredDate, PolicePersonID, PoliceStationID, CaseCategoryID, GravityOffenceID, CrimeMajorHeadID, CrimeMinorHeadID, CaseStatusID, CourtID, IncidentFromDate, IncidentToDate, InfoReceivedPSDate, latitude, longitude, BriefFacts) VALUES (103, '200270026202500001', '202500001', '2025-07-29', 34, 26, 2, 2, 5, 31, 1, 19, '2025-07-29T14:10:00', '2025-07-29T18:10:00', '2025-07-29T20:10:00', 11.8312326, 75.589044, 'A case of cheating was reported by Abdul Dugar stating that the accused Bhavna Nagi fraudulently obtained Rs. 10000 by promising a job in a government department. The accused collected money over a period of 12 months and disappeared.');
INSERT INTO ComplainantDetails (ComplainantID, CaseMasterID, ComplainantName, AgeYear, OccupationID, ReligionID, CasteID, GenderID) VALUES (103, 103, 'Abdul Dugar', 42, 5, 3, 4, 1);
INSERT INTO Victim (VictimMasterID, CaseMasterID, VictimName, AgeYear, GenderID, VictimPolice) VALUES (142, 103, 'Vamakshi Sood', 20, 1, '0');
INSERT INTO Accused (AccusedMasterID, CaseMasterID, AccusedName, AgeYear, GenderID, PersonID) VALUES (246, 103, 'Bhavna Nagi', 27, 2, 'A1');
INSERT INTO Accused (AccusedMasterID, CaseMasterID, AccusedName, AgeYear, GenderID, PersonID) VALUES (247, 103, 'Vincent Warrior', 27, 1, 'A2');
INSERT INTO ActSectionAssociation (CaseMasterID, ActID, SectionID, ActOrderID, SectionOrderID) VALUES (103, 'POCSO', '8', 1, 1);
INSERT INTO ActSectionAssociation (CaseMasterID, ActID, SectionID, ActOrderID, SectionOrderID) VALUES (103, 'POCSO', '6', 2, 2);
INSERT INTO Inv_OccuranceTime (CaseMasterID, OccuranceFromDate, OccuranceToDate, PlaceOfOccurance, latitude, longitude) VALUES (103, '2025-07-29T14:10:00', '2025-07-29T18:10:00', 'Bhargava Road, Chamarajanagara', 11.8312326, 75.589044);

INSERT INTO CaseMaster (CaseMasterID, CrimeNo, CaseNo, CrimeRegisteredDate, PolicePersonID, PoliceStationID, CaseCategoryID, GravityOffenceID, CrimeMajorHeadID, CrimeMinorHeadID, CaseStatusID, CourtID, IncidentFromDate, IncidentToDate, InfoReceivedPSDate, latitude, longitude, BriefFacts) VALUES (104, '800250024202500001', '202500001', '2025-09-30', 57, 24, 8, 3, 1, 8, 3, 3, '2025-09-30T19:53:00', '2025-09-30T20:53:00', '2025-10-01T03:53:00', 12.8768167, 74.8500082, 'The complainant Parth Sahni, a shopkeeper at Andra Nagar, Chikkamagaluru, reported that the accused Quincy Mann along with others robbed the shop at knife-point on 2025-09-30 and fled with cash Rs. 100000 and valuables.');
INSERT INTO ComplainantDetails (ComplainantID, CaseMasterID, ComplainantName, AgeYear, OccupationID, ReligionID, CasteID, GenderID) VALUES (104, 104, 'Parth Sahni', 52, 2, 6, 3, 2);
INSERT INTO Victim (VictimMasterID, CaseMasterID, VictimName, AgeYear, GenderID, VictimPolice) VALUES (143, 104, 'Balhaar Ranganathan', 59, 2, '0');
INSERT INTO Accused (AccusedMasterID, CaseMasterID, AccusedName, AgeYear, GenderID, PersonID) VALUES (248, 104, 'Quincy Mann', 40, 2, 'A1');
INSERT INTO ActSectionAssociation (CaseMasterID, ActID, SectionID, ActOrderID, SectionOrderID) VALUES (104, 'ITA', '66', 1, 1);
INSERT INTO ActSectionAssociation (CaseMasterID, ActID, SectionID, ActOrderID, SectionOrderID) VALUES (104, 'NDPS', '27', 2, 2);
INSERT INTO Inv_OccuranceTime (CaseMasterID, OccuranceFromDate, OccuranceToDate, PlaceOfOccurance, latitude, longitude) VALUES (104, '2025-09-30T19:53:00', '2025-09-30T20:53:00', 'Andra Nagar, Chikkamagaluru', 12.8768167, 74.8500082);

INSERT INTO CaseMaster (CaseMasterID, CrimeNo, CaseNo, CrimeRegisteredDate, PolicePersonID, PoliceStationID, CaseCategoryID, GravityOffenceID, CrimeMajorHeadID, CrimeMinorHeadID, CaseStatusID, CourtID, IncidentFromDate, IncidentToDate, InfoReceivedPSDate, latitude, longitude, BriefFacts) VALUES (105, '400270026202400001', '202400001', '2024-06-05', 57, 26, 4, 3, 2, 11, 4, 28, '2024-06-05T19:05:00', '2024-06-05T20:05:00', '2024-06-05T23:05:00', 14.3993565, 77.7598019, 'On 2024-06-05, the Anti-Narcotics squad conducted a raid at Narayanan Zila, Chamarajanagara and seized 250 grams of methamphetamine from the possession of the accused Anjali Hans. The accused was found to be part of a supply chain operating across Mandya and Bengaluru Rural.');
INSERT INTO ComplainantDetails (ComplainantID, CaseMasterID, ComplainantName, AgeYear, OccupationID, ReligionID, CasteID, GenderID) VALUES (105, 105, 'Gautami Mane', 39, 10, 4, 5, 2);
INSERT INTO Victim (VictimMasterID, CaseMasterID, VictimName, AgeYear, GenderID, VictimPolice) VALUES (144, 105, 'Wakeeta Desai', 5, 1, '0');
INSERT INTO Accused (AccusedMasterID, CaseMasterID, AccusedName, AgeYear, GenderID, PersonID) VALUES (249, 105, 'Anjali Hans', 48, 1, 'A1');
INSERT INTO Accused (AccusedMasterID, CaseMasterID, AccusedName, AgeYear, GenderID, PersonID) VALUES (250, 105, 'Tara Kurian', 36, 2, 'A2');
INSERT INTO Accused (AccusedMasterID, CaseMasterID, AccusedName, AgeYear, GenderID, PersonID) VALUES (251, 105, 'Akshay Nazareth', 33, 1, 'A3');
INSERT INTO Accused (AccusedMasterID, CaseMasterID, AccusedName, AgeYear, GenderID, PersonID) VALUES (252, 105, 'Nakul Sarma', 49, 1, 'A4');
INSERT INTO Accused (AccusedMasterID, CaseMasterID, AccusedName, AgeYear, GenderID, PersonID) VALUES (253, 105, 'Reyansh Gill', 41, 2, 'A5');
INSERT INTO ActSectionAssociation (CaseMasterID, ActID, SectionID, ActOrderID, SectionOrderID) VALUES (105, 'ITA', '66D', 1, 1);
INSERT INTO ActSectionAssociation (CaseMasterID, ActID, SectionID, ActOrderID, SectionOrderID) VALUES (105, 'ITA', '66', 2, 2);
INSERT INTO ActSectionAssociation (CaseMasterID, ActID, SectionID, ActOrderID, SectionOrderID) VALUES (105, 'POCSO', '8', 3, 3);
INSERT INTO Inv_OccuranceTime (CaseMasterID, OccuranceFromDate, OccuranceToDate, PlaceOfOccurance, latitude, longitude) VALUES (105, '2024-06-05T19:05:00', '2024-06-05T20:05:00', 'Narayanan Zila, Chamarajanagara', 14.3993565, 77.7598019);

INSERT INTO CaseMaster (CaseMasterID, CrimeNo, CaseNo, CrimeRegisteredDate, PolicePersonID, PoliceStationID, CaseCategoryID, GravityOffenceID, CrimeMajorHeadID, CrimeMinorHeadID, CaseStatusID, CourtID, IncidentFromDate, IncidentToDate, InfoReceivedPSDate, latitude, longitude, BriefFacts) VALUES (106, '100290028202500001', '202500001', '2025-05-13', 34, 28, 1, 2, 7, 38, 1, 21, '2025-05-13T11:26:00', '2025-05-13T13:26:00', '2025-05-13T13:26:00', 12.2855033, 76.6522713, 'The victim Prisha Varma, aged 50, was assaulted by the accused Gabriel Rattan near Goyal Zila, Uttara Kannada on 2025-05-13 at approximately 4:15 AM. The accused used a sharp weapon causing grievous injuries. The victim was rushed to District Hospital for treatment.');
INSERT INTO ComplainantDetails (ComplainantID, CaseMasterID, ComplainantName, AgeYear, OccupationID, ReligionID, CasteID, GenderID) VALUES (106, 106, 'Prisha Varma', 29, 1, 2, 5, 2);
INSERT INTO Victim (VictimMasterID, CaseMasterID, VictimName, AgeYear, GenderID, VictimPolice) VALUES (145, 106, 'Prisha Varma', 67, 2, '0');
INSERT INTO Accused (AccusedMasterID, CaseMasterID, AccusedName, AgeYear, GenderID, PersonID) VALUES (254, 106, 'Gabriel Rattan', 24, 1, 'A1');
INSERT INTO Accused (AccusedMasterID, CaseMasterID, AccusedName, AgeYear, GenderID, PersonID) VALUES (255, 106, 'Vansha Naik', 32, 1, 'A2');
INSERT INTO Accused (AccusedMasterID, CaseMasterID, AccusedName, AgeYear, GenderID, PersonID) VALUES (256, 106, 'Abeer Lal', 53, 1, 'A3');
INSERT INTO Accused (AccusedMasterID, CaseMasterID, AccusedName, AgeYear, GenderID, PersonID) VALUES (257, 106, 'Warinder Sekhon', 22, 1, 'A4');
INSERT INTO Accused (AccusedMasterID, CaseMasterID, AccusedName, AgeYear, GenderID, PersonID) VALUES (258, 106, 'Forum Mittal', 19, 2, 'A5');
INSERT INTO ActSectionAssociation (CaseMasterID, ActID, SectionID, ActOrderID, SectionOrderID) VALUES (106, 'POCSO', '8', 1, 1);
INSERT INTO ActSectionAssociation (CaseMasterID, ActID, SectionID, ActOrderID, SectionOrderID) VALUES (106, 'POCSO', '4', 2, 2);
INSERT INTO Inv_OccuranceTime (CaseMasterID, OccuranceFromDate, OccuranceToDate, PlaceOfOccurance, latitude, longitude) VALUES (106, '2025-05-13T11:26:00', '2025-05-13T13:26:00', 'Goyal Zila, Uttara Kannada', 12.2855033, 76.6522713);

INSERT INTO CaseMaster (CaseMasterID, CrimeNo, CaseNo, CrimeRegisteredDate, PolicePersonID, PoliceStationID, CaseCategoryID, GravityOffenceID, CrimeMajorHeadID, CrimeMinorHeadID, CaseStatusID, CourtID, IncidentFromDate, IncidentToDate, InfoReceivedPSDate, latitude, longitude, BriefFacts) VALUES (107, '800180017202500001', '202500001', '2025-04-12', 44, 17, 8, 2, 3, 20, 1, 8, '2025-04-12T06:08:00', '2025-04-12T06:08:00', '2025-04-12T12:08:00', 12.2795356, 76.5997492, 'The victim David Dani, aged 19, was assaulted by the accused Damyanti Dutta near Thakkar Marg, Udupi on 2025-04-12 at approximately 8:45 PM. The accused used a sharp weapon causing grievous injuries. The victim was rushed to Victoria Hospital for treatment.');
INSERT INTO ComplainantDetails (ComplainantID, CaseMasterID, ComplainantName, AgeYear, OccupationID, ReligionID, CasteID, GenderID) VALUES (107, 107, 'Advika Parsa', 27, 7, 5, 2, 1);
INSERT INTO Victim (VictimMasterID, CaseMasterID, VictimName, AgeYear, GenderID, VictimPolice) VALUES (146, 107, 'David Dani', 8, 1, '0');
INSERT INTO Accused (AccusedMasterID, CaseMasterID, AccusedName, AgeYear, GenderID, PersonID) VALUES (259, 107, 'Damyanti Dutta', 35, 2, 'A1');
INSERT INTO Accused (AccusedMasterID, CaseMasterID, AccusedName, AgeYear, GenderID, PersonID) VALUES (260, 107, 'Jacob Merchant', 50, 1, 'A2');
INSERT INTO Accused (AccusedMasterID, CaseMasterID, AccusedName, AgeYear, GenderID, PersonID) VALUES (261, 107, 'Timothy Kanda', 22, 1, 'A3');
INSERT INTO ActSectionAssociation (CaseMasterID, ActID, SectionID, ActOrderID, SectionOrderID) VALUES (107, 'IPC', '34', 1, 1);
INSERT INTO ActSectionAssociation (CaseMasterID, ActID, SectionID, ActOrderID, SectionOrderID) VALUES (107, 'NDPS', '27', 2, 2);
INSERT INTO ActSectionAssociation (CaseMasterID, ActID, SectionID, ActOrderID, SectionOrderID) VALUES (107, 'NDPS', '22', 3, 3);
INSERT INTO ArrestSurrender (ArrestSurrenderID, CaseMasterID, ArrestSurrenderTypeID, ArrestSurrenderDate, ArrestSurrenderStateId, ArrestSurrenderDistrictId, PoliceStationID, IOID, CourtID, AccusedMasterID, IsAccused, IsComplainantAccused) VALUES (77, 107, 1, '2025-04-18', 1, 18, 17, 65, 8, 261, TRUE, FALSE);
INSERT INTO inv_arrestsurrenderaccused (ArrestSurrenderID, AccusedMasterID) VALUES (77, 261);
INSERT INTO Inv_OccuranceTime (CaseMasterID, OccuranceFromDate, OccuranceToDate, PlaceOfOccurance, latitude, longitude) VALUES (107, '2025-04-12T06:08:00', '2025-04-12T06:08:00', 'Thakkar Marg, Udupi', 12.2795356, 76.5997492);

INSERT INTO CaseMaster (CaseMasterID, CrimeNo, CaseNo, CrimeRegisteredDate, PolicePersonID, PoliceStationID, CaseCategoryID, GravityOffenceID, CrimeMajorHeadID, CrimeMinorHeadID, CaseStatusID, CourtID, IncidentFromDate, IncidentToDate, InfoReceivedPSDate, latitude, longitude, BriefFacts) VALUES (108, '400130012202600001', '202600001', '2026-05-28', 76, 12, 4, 2, 5, 29, 3, 7, '2026-05-28T16:14:00', '2026-05-28T19:14:00', '2026-05-28T20:14:00', 15.4168644, 75.1178429, 'The deceased Ojasvi Sinha, aged 25, was found dead under suspicious circumstances at Sekhon Circle, Davanagere on 2026-05-28. The investigation revealed that the accused Yug Bumb, who is a relative of the deceased, had a dispute over property worth Rs. 250000.');
INSERT INTO ComplainantDetails (ComplainantID, CaseMasterID, ComplainantName, AgeYear, OccupationID, ReligionID, CasteID, GenderID) VALUES (108, 108, 'Michael Sha', 48, 8, 5, 4, 2);
INSERT INTO Victim (VictimMasterID, CaseMasterID, VictimName, AgeYear, GenderID, VictimPolice) VALUES (147, 108, 'Ojasvi Sinha', 59, 1, '0');
INSERT INTO Victim (VictimMasterID, CaseMasterID, VictimName, AgeYear, GenderID, VictimPolice) VALUES (148, 108, 'Faras Choudhury', 65, 3, '0');
INSERT INTO Victim (VictimMasterID, CaseMasterID, VictimName, AgeYear, GenderID, VictimPolice) VALUES (149, 108, 'Yashasvi Jain', 6, 3, '0');
INSERT INTO Accused (AccusedMasterID, CaseMasterID, AccusedName, AgeYear, GenderID, PersonID) VALUES (262, 108, 'Yug Bumb', 46, 1, 'A1');
INSERT INTO ActSectionAssociation (CaseMasterID, ActID, SectionID, ActOrderID, SectionOrderID) VALUES (108, 'NDPS', '22', 1, 1);
INSERT INTO ArrestSurrender (ArrestSurrenderID, CaseMasterID, ArrestSurrenderTypeID, ArrestSurrenderDate, ArrestSurrenderStateId, ArrestSurrenderDistrictId, PoliceStationID, IOID, CourtID, AccusedMasterID, IsAccused, IsComplainantAccused) VALUES (78, 108, 2, '2026-06-01', 1, 13, 12, 26, 7, 262, TRUE, FALSE);
INSERT INTO inv_arrestsurrenderaccused (ArrestSurrenderID, AccusedMasterID) VALUES (78, 262);
INSERT INTO Inv_OccuranceTime (CaseMasterID, OccuranceFromDate, OccuranceToDate, PlaceOfOccurance, latitude, longitude) VALUES (108, '2026-05-28T16:14:00', '2026-05-28T19:14:00', 'Sekhon Circle, Davanagere', 15.4168644, 75.1178429);

INSERT INTO CaseMaster (CaseMasterID, CrimeNo, CaseNo, CrimeRegisteredDate, PolicePersonID, PoliceStationID, CaseCategoryID, GravityOffenceID, CrimeMajorHeadID, CrimeMinorHeadID, CaseStatusID, CourtID, IncidentFromDate, IncidentToDate, InfoReceivedPSDate, latitude, longitude, BriefFacts) VALUES (109, '300080007202500001', '202500001', '2025-04-01', 77, 7, 3, 4, 1, 8, 1, 28, '2025-04-01T18:37:00', '2025-04-01T20:37:00', '2025-04-02T08:37:00', 13.4496283, 77.2107221, 'A cyber fraud was reported by Nitesh Narang. The accused posed as a bank official and obtained OTP and banking credentials through a phone call on 2025-04-01. An amount of Rs. 2500000 was fraudulently transferred from the complainant''s account.');
INSERT INTO ComplainantDetails (ComplainantID, CaseMasterID, ComplainantName, AgeYear, OccupationID, ReligionID, CasteID, GenderID) VALUES (109, 109, 'Nitesh Narang', 24, 16, 6, 1, 1);
INSERT INTO Victim (VictimMasterID, CaseMasterID, VictimName, AgeYear, GenderID, VictimPolice) VALUES (150, 109, 'Jackson Jha', 46, 1, '0');
INSERT INTO Accused (AccusedMasterID, CaseMasterID, AccusedName, AgeYear, GenderID, PersonID) VALUES (263, 109, 'Gavin Uppal', 22, 2, 'A1');
INSERT INTO Accused (AccusedMasterID, CaseMasterID, AccusedName, AgeYear, GenderID, PersonID) VALUES (264, 109, 'Kevin Varghese', 30, 2, 'A2');
INSERT INTO ActSectionAssociation (CaseMasterID, ActID, SectionID, ActOrderID, SectionOrderID) VALUES (109, 'ITA', '67', 1, 1);
INSERT INTO ActSectionAssociation (CaseMasterID, ActID, SectionID, ActOrderID, SectionOrderID) VALUES (109, 'POCSO', '8', 2, 2);
INSERT INTO ArrestSurrender (ArrestSurrenderID, CaseMasterID, ArrestSurrenderTypeID, ArrestSurrenderDate, ArrestSurrenderStateId, ArrestSurrenderDistrictId, PoliceStationID, IOID, CourtID, AccusedMasterID, IsAccused, IsComplainantAccused) VALUES (79, 109, 1, '2025-05-27', 1, 8, 7, 50, 28, 264, TRUE, FALSE);
INSERT INTO inv_arrestsurrenderaccused (ArrestSurrenderID, AccusedMasterID) VALUES (79, 264);
INSERT INTO Inv_OccuranceTime (CaseMasterID, OccuranceFromDate, OccuranceToDate, PlaceOfOccurance, latitude, longitude) VALUES (109, '2025-04-01T18:37:00', '2025-04-01T20:37:00', 'Bhakta Chowk, Ballari', 13.4496283, 77.2107221);

INSERT INTO CaseMaster (CaseMasterID, CrimeNo, CaseNo, CrimeRegisteredDate, PolicePersonID, PoliceStationID, CaseCategoryID, GravityOffenceID, CrimeMajorHeadID, CrimeMinorHeadID, CaseStatusID, CourtID, IncidentFromDate, IncidentToDate, InfoReceivedPSDate, latitude, longitude, BriefFacts) VALUES (110, '400120011202400001', '202400001', '2024-10-11', 49, 11, 4, 4, 5, 30, 1, 12, '2024-10-11T13:08:00', '2024-10-11T15:08:00', '2024-10-12T02:08:00', 15.3871221, 75.104157, 'The complainant Turvi Morar, a shopkeeper at Sampath Nagar, Vijayapura, reported that the accused Tejas Bora along with others robbed the shop at knife-point on 2024-10-11 and fled with cash Rs. 25000 and valuables.');
INSERT INTO ComplainantDetails (ComplainantID, CaseMasterID, ComplainantName, AgeYear, OccupationID, ReligionID, CasteID, GenderID) VALUES (110, 110, 'Turvi Morar', 22, 5, 7, 3, 2);
INSERT INTO Victim (VictimMasterID, CaseMasterID, VictimName, AgeYear, GenderID, VictimPolice) VALUES (151, 110, 'Meghana Kumar', 8, 3, '0');
INSERT INTO Victim (VictimMasterID, CaseMasterID, VictimName, AgeYear, GenderID, VictimPolice) VALUES (152, 110, 'Devansh Bhasin', 17, 2, '0');
INSERT INTO Accused (AccusedMasterID, CaseMasterID, AccusedName, AgeYear, GenderID, PersonID) VALUES (265, 110, 'Tejas Bora', 40, 1, 'A1');
INSERT INTO ActSectionAssociation (CaseMasterID, ActID, SectionID, ActOrderID, SectionOrderID) VALUES (110, 'NDPS', '20', 1, 1);
INSERT INTO ActSectionAssociation (CaseMasterID, ActID, SectionID, ActOrderID, SectionOrderID) VALUES (110, 'NDPS', '27', 2, 2);
INSERT INTO ActSectionAssociation (CaseMasterID, ActID, SectionID, ActOrderID, SectionOrderID) VALUES (110, 'POCSO', '8', 3, 3);
INSERT INTO ArrestSurrender (ArrestSurrenderID, CaseMasterID, ArrestSurrenderTypeID, ArrestSurrenderDate, ArrestSurrenderStateId, ArrestSurrenderDistrictId, PoliceStationID, IOID, CourtID, AccusedMasterID, IsAccused, IsComplainantAccused) VALUES (80, 110, 2, '2024-10-18', 1, 12, 11, 22, 12, 265, TRUE, FALSE);
INSERT INTO inv_arrestsurrenderaccused (ArrestSurrenderID, AccusedMasterID) VALUES (80, 265);
INSERT INTO Inv_OccuranceTime (CaseMasterID, OccuranceFromDate, OccuranceToDate, PlaceOfOccurance, latitude, longitude) VALUES (110, '2024-10-11T13:08:00', '2024-10-11T15:08:00', 'Sampath Nagar, Vijayapura', 15.3871221, 75.104157);

INSERT INTO CaseMaster (CaseMasterID, CrimeNo, CaseNo, CrimeRegisteredDate, PolicePersonID, PoliceStationID, CaseCategoryID, GravityOffenceID, CrimeMajorHeadID, CrimeMinorHeadID, CaseStatusID, CourtID, IncidentFromDate, IncidentToDate, InfoReceivedPSDate, latitude, longitude, BriefFacts) VALUES (111, '100190018202600001', '202600001', '2026-05-03', 42, 18, 1, 1, 5, 30, 3, 28, '2026-05-03T18:01:00', '2026-05-03T20:01:00', '2026-05-04T02:01:00', 15.8416581, 74.5744351, 'The victim Nilima Gole, aged 49, was assaulted by the accused Osha Prasad near Sen Marg, Gadag on 2026-05-03 at approximately 2:15 PM. The accused used a sharp weapon causing grievous injuries. The victim was rushed to Manipal Hospital for treatment.');
INSERT INTO ComplainantDetails (ComplainantID, CaseMasterID, ComplainantName, AgeYear, OccupationID, ReligionID, CasteID, GenderID) VALUES (111, 111, 'Urmi Balay', 39, 13, 7, 2, 1);
INSERT INTO Victim (VictimMasterID, CaseMasterID, VictimName, AgeYear, GenderID, VictimPolice) VALUES (153, 111, 'Nilima Gole', 17, 3, '0');
INSERT INTO Victim (VictimMasterID, CaseMasterID, VictimName, AgeYear, GenderID, VictimPolice) VALUES (154, 111, 'Keya Buch', 13, 3, '0');
INSERT INTO Accused (AccusedMasterID, CaseMasterID, AccusedName, AgeYear, GenderID, PersonID) VALUES (266, 111, 'Osha Prasad', 31, 2, 'A1');
INSERT INTO Accused (AccusedMasterID, CaseMasterID, AccusedName, AgeYear, GenderID, PersonID) VALUES (267, 111, 'Ijaya Dani', 37, 2, 'A2');
INSERT INTO ActSectionAssociation (CaseMasterID, ActID, SectionID, ActOrderID, SectionOrderID) VALUES (111, 'POCSO', '4', 1, 1);
INSERT INTO ActSectionAssociation (CaseMasterID, ActID, SectionID, ActOrderID, SectionOrderID) VALUES (111, 'ITA', '67', 2, 2);
INSERT INTO ArrestSurrender (ArrestSurrenderID, CaseMasterID, ArrestSurrenderTypeID, ArrestSurrenderDate, ArrestSurrenderStateId, ArrestSurrenderDistrictId, PoliceStationID, IOID, CourtID, AccusedMasterID, IsAccused, IsComplainantAccused) VALUES (81, 111, 1, '2026-06-12', 1, 19, 18, 74, 28, 266, TRUE, FALSE);
INSERT INTO inv_arrestsurrenderaccused (ArrestSurrenderID, AccusedMasterID) VALUES (81, 266);
INSERT INTO ArrestSurrender (ArrestSurrenderID, CaseMasterID, ArrestSurrenderTypeID, ArrestSurrenderDate, ArrestSurrenderStateId, ArrestSurrenderDistrictId, PoliceStationID, IOID, CourtID, AccusedMasterID, IsAccused, IsComplainantAccused) VALUES (82, 111, 1, '2026-06-03', 1, 19, 18, 60, 28, 267, TRUE, FALSE);
INSERT INTO inv_arrestsurrenderaccused (ArrestSurrenderID, AccusedMasterID) VALUES (82, 267);
INSERT INTO Inv_OccuranceTime (CaseMasterID, OccuranceFromDate, OccuranceToDate, PlaceOfOccurance, latitude, longitude) VALUES (111, '2026-05-03T18:01:00', '2026-05-03T20:01:00', 'Sen Marg, Gadag', 15.8416581, 74.5744351);

INSERT INTO CaseMaster (CaseMasterID, CrimeNo, CaseNo, CrimeRegisteredDate, PolicePersonID, PoliceStationID, CaseCategoryID, GravityOffenceID, CrimeMajorHeadID, CrimeMinorHeadID, CaseStatusID, CourtID, IncidentFromDate, IncidentToDate, InfoReceivedPSDate, latitude, longitude, BriefFacts) VALUES (112, '300010030202400002', '202400002', '2024-01-25', 69, 30, 3, 4, 6, 37, 3, 4, '2024-01-25T23:43:00', '2024-01-26T01:43:00', '2024-01-26T07:43:00', 15.3286489, 75.1326583, 'The victim Arin Misra, aged 58, was assaulted by the accused Panini Wali near Karpe Marg, Bengaluru Urban on 2024-01-25 at approximately 4:45 PM. The accused used a sharp weapon causing grievous injuries. The victim was rushed to KC General Hospital for treatment.');
INSERT INTO ComplainantDetails (ComplainantID, CaseMasterID, ComplainantName, AgeYear, OccupationID, ReligionID, CasteID, GenderID) VALUES (112, 112, 'Joshua Kapoor', 39, 15, 4, 5, 2);
INSERT INTO Victim (VictimMasterID, CaseMasterID, VictimName, AgeYear, GenderID, VictimPolice) VALUES (155, 112, 'Arin Misra', 9, 1, '0');
INSERT INTO Accused (AccusedMasterID, CaseMasterID, AccusedName, AgeYear, GenderID, PersonID) VALUES (268, 112, 'Panini Wali', 34, 2, 'A1');
INSERT INTO ActSectionAssociation (CaseMasterID, ActID, SectionID, ActOrderID, SectionOrderID) VALUES (112, 'NDPS', '27', 1, 1);
INSERT INTO ActSectionAssociation (CaseMasterID, ActID, SectionID, ActOrderID, SectionOrderID) VALUES (112, 'IPC', '365', 2, 2);
INSERT INTO ActSectionAssociation (CaseMasterID, ActID, SectionID, ActOrderID, SectionOrderID) VALUES (112, 'ITA', '66', 3, 3);
INSERT INTO ArrestSurrender (ArrestSurrenderID, CaseMasterID, ArrestSurrenderTypeID, ArrestSurrenderDate, ArrestSurrenderStateId, ArrestSurrenderDistrictId, PoliceStationID, IOID, CourtID, AccusedMasterID, IsAccused, IsComplainantAccused) VALUES (83, 112, 2, '2024-03-03', 1, 1, 30, 9, 4, 268, TRUE, FALSE);
INSERT INTO inv_arrestsurrenderaccused (ArrestSurrenderID, AccusedMasterID) VALUES (83, 268);
INSERT INTO Inv_OccuranceTime (CaseMasterID, OccuranceFromDate, OccuranceToDate, PlaceOfOccurance, latitude, longitude) VALUES (112, '2024-01-25T23:43:00', '2024-01-26T01:43:00', 'Karpe Marg, Bengaluru Urban', 15.3286489, 75.1326583);

INSERT INTO CaseMaster (CaseMasterID, CrimeNo, CaseNo, CrimeRegisteredDate, PolicePersonID, PoliceStationID, CaseCategoryID, GravityOffenceID, CrimeMajorHeadID, CrimeMinorHeadID, CaseStatusID, CourtID, IncidentFromDate, IncidentToDate, InfoReceivedPSDate, latitude, longitude, BriefFacts) VALUES (113, '400300029202400001', '202400001', '2024-04-10', 47, 29, 4, 1, 4, 26, 6, 9, '2024-04-10T16:42:00', '2024-04-10T20:42:00', '2024-04-11T08:42:00', 12.8571836, 74.7268175, 'The victim Isaiah Balay, aged 33, was assaulted by the accused Amol Khosla near Bhavsar Ganj, Bidar on 2024-04-10 at approximately 10:00 AM. The accused used a sharp weapon causing grievous injuries. The victim was rushed to Manipal Hospital for treatment.');
INSERT INTO ComplainantDetails (ComplainantID, CaseMasterID, ComplainantName, AgeYear, OccupationID, ReligionID, CasteID, GenderID) VALUES (113, 113, 'Mohammed Majumdar', 36, 2, 4, 5, 2);
INSERT INTO Victim (VictimMasterID, CaseMasterID, VictimName, AgeYear, GenderID, VictimPolice) VALUES (156, 113, 'Isaiah Balay', 19, 2, '0');
INSERT INTO Accused (AccusedMasterID, CaseMasterID, AccusedName, AgeYear, GenderID, PersonID) VALUES (269, 113, 'Amol Khosla', 33, 2, 'A1');
INSERT INTO Accused (AccusedMasterID, CaseMasterID, AccusedName, AgeYear, GenderID, PersonID) VALUES (270, 113, 'Bahadurjit Sekhon', 27, 2, 'A2');
INSERT INTO ActSectionAssociation (CaseMasterID, ActID, SectionID, ActOrderID, SectionOrderID) VALUES (113, 'POCSO', '6', 1, 1);
INSERT INTO ActSectionAssociation (CaseMasterID, ActID, SectionID, ActOrderID, SectionOrderID) VALUES (113, 'IPC', '149', 2, 2);
INSERT INTO Inv_OccuranceTime (CaseMasterID, OccuranceFromDate, OccuranceToDate, PlaceOfOccurance, latitude, longitude) VALUES (113, '2024-04-10T16:42:00', '2024-04-10T20:42:00', 'Bhavsar Ganj, Bidar', 12.8571836, 74.7268175);

INSERT INTO CaseMaster (CaseMasterID, CrimeNo, CaseNo, CrimeRegisteredDate, PolicePersonID, PoliceStationID, CaseCategoryID, GravityOffenceID, CrimeMajorHeadID, CrimeMinorHeadID, CaseStatusID, CourtID, IncidentFromDate, IncidentToDate, InfoReceivedPSDate, latitude, longitude, BriefFacts) VALUES (114, '800030002202500001', '202500001', '2025-04-29', 7, 2, 8, 2, 3, 17, 2, 20, '2025-04-29T21:07:00', '2025-04-30T01:07:00', '2025-04-30T04:07:00', 16.4043176, 78.0642069, 'A cyber fraud was reported by Yash Basu. The accused posed as a bank official and obtained OTP and banking credentials through a phone call on 2025-04-29. An amount of Rs. 50000 was fraudulently transferred from the complainant''s account.');
INSERT INTO ComplainantDetails (ComplainantID, CaseMasterID, ComplainantName, AgeYear, OccupationID, ReligionID, CasteID, GenderID) VALUES (114, 114, 'Yash Basu', 46, 11, 6, 4, 1);
INSERT INTO Victim (VictimMasterID, CaseMasterID, VictimName, AgeYear, GenderID, VictimPolice) VALUES (157, 114, 'Reva Kaur', 38, 3, '0');
INSERT INTO Victim (VictimMasterID, CaseMasterID, VictimName, AgeYear, GenderID, VictimPolice) VALUES (158, 114, 'Eiravati Nagi', 58, 3, '0');
INSERT INTO Accused (AccusedMasterID, CaseMasterID, AccusedName, AgeYear, GenderID, PersonID) VALUES (271, 114, 'Daksh Dey', 38, 2, 'A1');
INSERT INTO Accused (AccusedMasterID, CaseMasterID, AccusedName, AgeYear, GenderID, PersonID) VALUES (272, 114, 'Chasmum Dhar', 21, 1, 'A2');
INSERT INTO ActSectionAssociation (CaseMasterID, ActID, SectionID, ActOrderID, SectionOrderID) VALUES (114, 'ITA', '66C', 1, 1);
INSERT INTO ActSectionAssociation (CaseMasterID, ActID, SectionID, ActOrderID, SectionOrderID) VALUES (114, 'IPC', '420', 2, 2);
INSERT INTO ActSectionAssociation (CaseMasterID, ActID, SectionID, ActOrderID, SectionOrderID) VALUES (114, 'NDPS', '27', 3, 3);
INSERT INTO ArrestSurrender (ArrestSurrenderID, CaseMasterID, ArrestSurrenderTypeID, ArrestSurrenderDate, ArrestSurrenderStateId, ArrestSurrenderDistrictId, PoliceStationID, IOID, CourtID, AccusedMasterID, IsAccused, IsComplainantAccused) VALUES (84, 114, 1, '2025-05-09', 1, 3, 2, 67, 20, 271, TRUE, FALSE);
INSERT INTO inv_arrestsurrenderaccused (ArrestSurrenderID, AccusedMasterID) VALUES (84, 271);
INSERT INTO Inv_OccuranceTime (CaseMasterID, OccuranceFromDate, OccuranceToDate, PlaceOfOccurance, latitude, longitude) VALUES (114, '2025-04-29T21:07:00', '2025-04-30T01:07:00', 'Mann Circle, Mysuru', 16.4043176, 78.0642069);
INSERT INTO ChargesheetDetails (CSID, CaseMasterID, csdate, cstype, PolicePersonID) VALUES (28, 114, '2025-07-01', 'A', 77);

INSERT INTO CaseMaster (CaseMasterID, CrimeNo, CaseNo, CrimeRegisteredDate, PolicePersonID, PoliceStationID, CaseCategoryID, GravityOffenceID, CrimeMajorHeadID, CrimeMinorHeadID, CaseStatusID, CourtID, IncidentFromDate, IncidentToDate, InfoReceivedPSDate, latitude, longitude, BriefFacts) VALUES (115, '400270026202600001', '202600001', '2026-06-28', 41, 26, 4, 4, 5, 31, 5, 9, '2026-06-28T06:05:00', '2026-06-28T09:05:00', '2026-06-28T14:05:00', 12.910081, 74.7630869, 'The complainant Odika Mital, a shopkeeper at Tandon Marg, Chamarajanagara, reported that the accused Darsh Gill along with others robbed the shop at knife-point on 2026-06-28 and fled with cash Rs. 50000 and valuables.');
INSERT INTO ComplainantDetails (ComplainantID, CaseMasterID, ComplainantName, AgeYear, OccupationID, ReligionID, CasteID, GenderID) VALUES (115, 115, 'Odika Mital', 43, 6, 5, 1, 1);
INSERT INTO Victim (VictimMasterID, CaseMasterID, VictimName, AgeYear, GenderID, VictimPolice) VALUES (159, 115, 'Odika Mital', 60, 2, '0');
INSERT INTO Victim (VictimMasterID, CaseMasterID, VictimName, AgeYear, GenderID, VictimPolice) VALUES (160, 115, 'Hemangini Raj', 68, 1, '0');
INSERT INTO Accused (AccusedMasterID, CaseMasterID, AccusedName, AgeYear, GenderID, PersonID) VALUES (273, 115, 'Darsh Gill', 35, 2, 'A1');
INSERT INTO ActSectionAssociation (CaseMasterID, ActID, SectionID, ActOrderID, SectionOrderID) VALUES (115, 'ITA', '67', 1, 1);
INSERT INTO ActSectionAssociation (CaseMasterID, ActID, SectionID, ActOrderID, SectionOrderID) VALUES (115, 'NDPS', '22', 2, 2);
INSERT INTO ActSectionAssociation (CaseMasterID, ActID, SectionID, ActOrderID, SectionOrderID) VALUES (115, 'NDPS', '27', 3, 3);
INSERT INTO ArrestSurrender (ArrestSurrenderID, CaseMasterID, ArrestSurrenderTypeID, ArrestSurrenderDate, ArrestSurrenderStateId, ArrestSurrenderDistrictId, PoliceStationID, IOID, CourtID, AccusedMasterID, IsAccused, IsComplainantAccused) VALUES (85, 115, 1, '2026-07-24', 1, 27, 26, 53, 9, 273, TRUE, FALSE);
INSERT INTO inv_arrestsurrenderaccused (ArrestSurrenderID, AccusedMasterID) VALUES (85, 273);
INSERT INTO Inv_OccuranceTime (CaseMasterID, OccuranceFromDate, OccuranceToDate, PlaceOfOccurance, latitude, longitude) VALUES (115, '2026-06-28T06:05:00', '2026-06-28T09:05:00', 'Tandon Marg, Chamarajanagara', 12.910081, 74.7630869);

INSERT INTO CaseMaster (CaseMasterID, CrimeNo, CaseNo, CrimeRegisteredDate, PolicePersonID, PoliceStationID, CaseCategoryID, GravityOffenceID, CrimeMajorHeadID, CrimeMinorHeadID, CaseStatusID, CourtID, IncidentFromDate, IncidentToDate, InfoReceivedPSDate, latitude, longitude, BriefFacts) VALUES (116, '200020001202500001', '202500001', '2025-11-21', 38, 1, 2, 3, 2, 16, 2, 16, '2025-11-21T10:44:00', '2025-11-21T13:44:00', '2025-11-21T23:44:00', 15.8979817, 74.526557, 'A cyber fraud was reported by Omaja Rege. The accused posed as a bank official and obtained OTP and banking credentials through a phone call on 2025-11-21. An amount of Rs. 2500000 was fraudulently transferred from the complainant''s account.');
INSERT INTO ComplainantDetails (ComplainantID, CaseMasterID, ComplainantName, AgeYear, OccupationID, ReligionID, CasteID, GenderID) VALUES (116, 116, 'Omaja Rege', 62, 12, 2, 5, 1);
INSERT INTO Victim (VictimMasterID, CaseMasterID, VictimName, AgeYear, GenderID, VictimPolice) VALUES (161, 116, 'Omaja Rege', 38, 1, '0');
INSERT INTO Accused (AccusedMasterID, CaseMasterID, AccusedName, AgeYear, GenderID, PersonID) VALUES (274, 116, 'Charita Puri', 47, 1, 'A1');
INSERT INTO Accused (AccusedMasterID, CaseMasterID, AccusedName, AgeYear, GenderID, PersonID) VALUES (275, 116, 'Janya Baral', 51, 2, 'A2');
INSERT INTO Accused (AccusedMasterID, CaseMasterID, AccusedName, AgeYear, GenderID, PersonID) VALUES (276, 116, 'Diya Bora', 38, 1, 'A3');
INSERT INTO Accused (AccusedMasterID, CaseMasterID, AccusedName, AgeYear, GenderID, PersonID) VALUES (277, 116, 'Wridesh Kar', 49, 2, 'A4');
INSERT INTO Accused (AccusedMasterID, CaseMasterID, AccusedName, AgeYear, GenderID, PersonID) VALUES (278, 116, 'Maanas Sheth', 45, 2, 'A5');
INSERT INTO ActSectionAssociation (CaseMasterID, ActID, SectionID, ActOrderID, SectionOrderID) VALUES (116, 'POCSO', '8', 1, 1);
INSERT INTO ActSectionAssociation (CaseMasterID, ActID, SectionID, ActOrderID, SectionOrderID) VALUES (116, 'POCSO', '6', 2, 2);
INSERT INTO Inv_OccuranceTime (CaseMasterID, OccuranceFromDate, OccuranceToDate, PlaceOfOccurance, latitude, longitude) VALUES (116, '2025-11-21T10:44:00', '2025-11-21T13:44:00', 'Yogi Street, Bengaluru Rural', 15.8979817, 74.526557);
INSERT INTO ChargesheetDetails (CSID, CaseMasterID, csdate, cstype, PolicePersonID) VALUES (29, 116, '2026-03-11', 'A', 63);

INSERT INTO CaseMaster (CaseMasterID, CrimeNo, CaseNo, CrimeRegisteredDate, PolicePersonID, PoliceStationID, CaseCategoryID, GravityOffenceID, CrimeMajorHeadID, CrimeMinorHeadID, CaseStatusID, CourtID, IncidentFromDate, IncidentToDate, InfoReceivedPSDate, latitude, longitude, BriefFacts) VALUES (117, '200190018202600003', '202600003', '2026-04-11', 57, 18, 2, 1, 2, 13, 1, 15, '2026-04-11T13:07:00', '2026-04-11T16:07:00', '2026-04-11T16:07:00', 15.8446779, 74.5757706, 'On 2026-04-11, the Anti-Narcotics squad conducted a raid at Sengupta Zila, Gadag and seized 2500 grams of methamphetamine from the possession of the accused Samar Narayanan. The accused was found to be part of a supply chain operating across Kalaburagi and Gadag.');
INSERT INTO ComplainantDetails (ComplainantID, CaseMasterID, ComplainantName, AgeYear, OccupationID, ReligionID, CasteID, GenderID) VALUES (117, 117, 'Omaja Wagle', 20, 6, 4, 1, 1);
INSERT INTO Victim (VictimMasterID, CaseMasterID, VictimName, AgeYear, GenderID, VictimPolice) VALUES (162, 117, 'Lipika Kibe', 17, 2, '1');
INSERT INTO Victim (VictimMasterID, CaseMasterID, VictimName, AgeYear, GenderID, VictimPolice) VALUES (163, 117, 'George Wason', 20, 2, '0');
INSERT INTO Accused (AccusedMasterID, CaseMasterID, AccusedName, AgeYear, GenderID, PersonID) VALUES (279, 117, 'Samar Narayanan', 24, 2, 'A1');
INSERT INTO Accused (AccusedMasterID, CaseMasterID, AccusedName, AgeYear, GenderID, PersonID) VALUES (280, 117, 'Charan Loyal', 23, 2, 'A2');
INSERT INTO Accused (AccusedMasterID, CaseMasterID, AccusedName, AgeYear, GenderID, PersonID) VALUES (281, 117, 'Balveer Bora', 48, 2, 'A3');
INSERT INTO Accused (AccusedMasterID, CaseMasterID, AccusedName, AgeYear, GenderID, PersonID) VALUES (282, 117, 'Teerth Srinivas', 35, 1, 'A4');
INSERT INTO Accused (AccusedMasterID, CaseMasterID, AccusedName, AgeYear, GenderID, PersonID) VALUES (283, 117, 'Gaurangi Mitter', 20, 2, 'A5');
INSERT INTO ActSectionAssociation (CaseMasterID, ActID, SectionID, ActOrderID, SectionOrderID) VALUES (117, 'NDPS', '20', 1, 1);
INSERT INTO ActSectionAssociation (CaseMasterID, ActID, SectionID, ActOrderID, SectionOrderID) VALUES (117, 'IPC', '452', 2, 2);
INSERT INTO Inv_OccuranceTime (CaseMasterID, OccuranceFromDate, OccuranceToDate, PlaceOfOccurance, latitude, longitude) VALUES (117, '2026-04-11T13:07:00', '2026-04-11T16:07:00', 'Sengupta Zila, Gadag', 15.8446779, 74.5757706);

INSERT INTO CaseMaster (CaseMasterID, CrimeNo, CaseNo, CrimeRegisteredDate, PolicePersonID, PoliceStationID, CaseCategoryID, GravityOffenceID, CrimeMajorHeadID, CrimeMinorHeadID, CaseStatusID, CourtID, IncidentFromDate, IncidentToDate, InfoReceivedPSDate, latitude, longitude, BriefFacts) VALUES (118, '300270026202600001', '202600001', '2026-05-27', 8, 26, 3, 1, 6, 36, 7, 25, '2026-05-27T12:05:00', '2026-05-27T12:05:00', '2026-05-27T15:05:00', 15.4212966, 75.2404728, 'The complainant Siddharth Gupta reported domestic violence by husband Varenya Kibe and in-laws. The accused demanded additional dowry of Rs. 1000000 and subjected the complainant to physical and mental harassment since 5 years.');
INSERT INTO ComplainantDetails (ComplainantID, CaseMasterID, ComplainantName, AgeYear, OccupationID, ReligionID, CasteID, GenderID) VALUES (118, 118, 'Siddharth Gupta', 50, 9, 5, 5, 2);
INSERT INTO Victim (VictimMasterID, CaseMasterID, VictimName, AgeYear, GenderID, VictimPolice) VALUES (164, 118, 'Siddharth Gupta', 59, 2, '0');
INSERT INTO Accused (AccusedMasterID, CaseMasterID, AccusedName, AgeYear, GenderID, PersonID) VALUES (284, 118, 'Varenya Kibe', 45, 1, 'A1');
INSERT INTO Accused (AccusedMasterID, CaseMasterID, AccusedName, AgeYear, GenderID, PersonID) VALUES (285, 118, 'Krish Lalla', 47, 1, 'A2');
INSERT INTO ActSectionAssociation (CaseMasterID, ActID, SectionID, ActOrderID, SectionOrderID) VALUES (118, 'NDPS', '22', 1, 1);
INSERT INTO ActSectionAssociation (CaseMasterID, ActID, SectionID, ActOrderID, SectionOrderID) VALUES (118, 'IPC', '395', 2, 2);
INSERT INTO ActSectionAssociation (CaseMasterID, ActID, SectionID, ActOrderID, SectionOrderID) VALUES (118, 'ITA', '67', 3, 3);
INSERT INTO ArrestSurrender (ArrestSurrenderID, CaseMasterID, ArrestSurrenderTypeID, ArrestSurrenderDate, ArrestSurrenderStateId, ArrestSurrenderDistrictId, PoliceStationID, IOID, CourtID, AccusedMasterID, IsAccused, IsComplainantAccused) VALUES (86, 118, 2, '2026-06-04', 1, 27, 26, 32, 25, 285, TRUE, FALSE);
INSERT INTO inv_arrestsurrenderaccused (ArrestSurrenderID, AccusedMasterID) VALUES (86, 285);
INSERT INTO ArrestSurrender (ArrestSurrenderID, CaseMasterID, ArrestSurrenderTypeID, ArrestSurrenderDate, ArrestSurrenderStateId, ArrestSurrenderDistrictId, PoliceStationID, IOID, CourtID, AccusedMasterID, IsAccused, IsComplainantAccused) VALUES (87, 118, 2, '2026-06-29', 1, 27, 26, 38, 25, 284, TRUE, FALSE);
INSERT INTO inv_arrestsurrenderaccused (ArrestSurrenderID, AccusedMasterID) VALUES (87, 284);
INSERT INTO Inv_OccuranceTime (CaseMasterID, OccuranceFromDate, OccuranceToDate, PlaceOfOccurance, latitude, longitude) VALUES (118, '2026-05-27T12:05:00', '2026-05-27T12:05:00', 'Jayaraman, Chamarajanagara', 15.4212966, 75.2404728);

INSERT INTO CaseMaster (CaseMasterID, CrimeNo, CaseNo, CrimeRegisteredDate, PolicePersonID, PoliceStationID, CaseCategoryID, GravityOffenceID, CrimeMajorHeadID, CrimeMinorHeadID, CaseStatusID, CourtID, IncidentFromDate, IncidentToDate, InfoReceivedPSDate, latitude, longitude, BriefFacts) VALUES (119, '800030002202400001', '202400001', '2024-09-20', 71, 2, 8, 1, 1, 3, 2, 33, '2024-09-20T08:22:00', '2024-09-20T10:22:00', '2024-09-20T19:22:00', 12.8937454, 77.6121791, 'The victim Ekanta Mandal, aged 65, was assaulted by the accused Unnati Walla near Morar Path, Mysuru on 2024-09-20 at approximately 11:45 PM. The accused used a sharp weapon causing grievous injuries. The victim was rushed to BGS Global Hospital for treatment.');
INSERT INTO ComplainantDetails (ComplainantID, CaseMasterID, ComplainantName, AgeYear, OccupationID, ReligionID, CasteID, GenderID) VALUES (119, 119, 'Ekanta Mandal', 31, 7, 2, 1, 2);
INSERT INTO Victim (VictimMasterID, CaseMasterID, VictimName, AgeYear, GenderID, VictimPolice) VALUES (165, 119, 'Ekanta Mandal', 18, 2, '0');
INSERT INTO Victim (VictimMasterID, CaseMasterID, VictimName, AgeYear, GenderID, VictimPolice) VALUES (166, 119, 'Jagvi Varghese', 5, 2, '0');
INSERT INTO Accused (AccusedMasterID, CaseMasterID, AccusedName, AgeYear, GenderID, PersonID) VALUES (286, 119, 'Unnati Walla', 48, 2, 'A1');
INSERT INTO ActSectionAssociation (CaseMasterID, ActID, SectionID, ActOrderID, SectionOrderID) VALUES (119, 'ITA', '67', 1, 1);
INSERT INTO ActSectionAssociation (CaseMasterID, ActID, SectionID, ActOrderID, SectionOrderID) VALUES (119, 'POCSO', '8', 2, 2);
INSERT INTO Inv_OccuranceTime (CaseMasterID, OccuranceFromDate, OccuranceToDate, PlaceOfOccurance, latitude, longitude) VALUES (119, '2024-09-20T08:22:00', '2024-09-20T10:22:00', 'Morar Path, Mysuru', 12.8937454, 77.6121791);
INSERT INTO ChargesheetDetails (CSID, CaseMasterID, csdate, cstype, PolicePersonID) VALUES (30, 119, '2025-01-29', 'A', 39);

INSERT INTO CaseMaster (CaseMasterID, CrimeNo, CaseNo, CrimeRegisteredDate, PolicePersonID, PoliceStationID, CaseCategoryID, GravityOffenceID, CrimeMajorHeadID, CrimeMinorHeadID, CaseStatusID, CourtID, IncidentFromDate, IncidentToDate, InfoReceivedPSDate, latitude, longitude, BriefFacts) VALUES (120, '100060005202600002', '202600002', '2026-03-07', 18, 5, 1, 1, 2, 13, 1, 2, '2026-03-07T15:41:00', '2026-03-07T16:41:00', '2026-03-08T02:41:00', 12.8175477, 74.1206688, 'On 2026-03-07, the Anti-Narcotics squad conducted a raid at Sachdev Path, Belagavi and seized 5000 grams of MDMA from the possession of the accused Samar Prabhakar. The accused was found to be part of a supply chain operating across Gadag and Ballari.');
INSERT INTO ComplainantDetails (ComplainantID, CaseMasterID, ComplainantName, AgeYear, OccupationID, ReligionID, CasteID, GenderID) VALUES (120, 120, 'Guneet Singh', 32, 10, 5, 4, 1);
INSERT INTO Victim (VictimMasterID, CaseMasterID, VictimName, AgeYear, GenderID, VictimPolice) VALUES (167, 120, 'Guneet Singh', 18, 3, '0');
INSERT INTO Accused (AccusedMasterID, CaseMasterID, AccusedName, AgeYear, GenderID, PersonID) VALUES (287, 120, 'Samar Prabhakar', 44, 2, 'A1');
INSERT INTO Accused (AccusedMasterID, CaseMasterID, AccusedName, AgeYear, GenderID, PersonID) VALUES (288, 120, 'Timothy Dhingra', 53, 2, 'A2');
INSERT INTO ActSectionAssociation (CaseMasterID, ActID, SectionID, ActOrderID, SectionOrderID) VALUES (120, 'ITA', '67', 1, 1);
INSERT INTO ArrestSurrender (ArrestSurrenderID, CaseMasterID, ArrestSurrenderTypeID, ArrestSurrenderDate, ArrestSurrenderStateId, ArrestSurrenderDistrictId, PoliceStationID, IOID, CourtID, AccusedMasterID, IsAccused, IsComplainantAccused) VALUES (88, 120, 1, '2026-04-09', 1, 6, 5, 55, 2, 287, TRUE, FALSE);
INSERT INTO inv_arrestsurrenderaccused (ArrestSurrenderID, AccusedMasterID) VALUES (88, 287);
INSERT INTO ArrestSurrender (ArrestSurrenderID, CaseMasterID, ArrestSurrenderTypeID, ArrestSurrenderDate, ArrestSurrenderStateId, ArrestSurrenderDistrictId, PoliceStationID, IOID, CourtID, AccusedMasterID, IsAccused, IsComplainantAccused) VALUES (89, 120, 2, '2026-04-12', 1, 6, 5, 71, 2, 288, TRUE, FALSE);
INSERT INTO inv_arrestsurrenderaccused (ArrestSurrenderID, AccusedMasterID) VALUES (89, 288);
INSERT INTO Inv_OccuranceTime (CaseMasterID, OccuranceFromDate, OccuranceToDate, PlaceOfOccurance, latitude, longitude) VALUES (120, '2026-03-07T15:41:00', '2026-03-07T16:41:00', 'Sachdev Path, Belagavi', 12.8175477, 74.1206688);

INSERT INTO CaseMaster (CaseMasterID, CrimeNo, CaseNo, CrimeRegisteredDate, PolicePersonID, PoliceStationID, CaseCategoryID, GravityOffenceID, CrimeMajorHeadID, CrimeMinorHeadID, CaseStatusID, CourtID, IncidentFromDate, IncidentToDate, InfoReceivedPSDate, latitude, longitude, BriefFacts) VALUES (121, '100100009202300001', '202300001', '2023-07-31', 54, 9, 1, 4, 1, 8, 2, 42, '2023-07-31T06:30:00', '2023-07-31T08:30:00', '2023-07-31T15:30:00', 15.8905607, 74.5030725, 'On 2023-07-31, at about 12:45 PM, the accused Forum Karpe along with 3 associates formed an unlawful assembly near Korpal Marg, Shivamogga and attacked the complainant Chakrika Dua with lethal weapons resulting in injuries.');
INSERT INTO ComplainantDetails (ComplainantID, CaseMasterID, ComplainantName, AgeYear, OccupationID, ReligionID, CasteID, GenderID) VALUES (121, 121, 'Chakrika Dua', 62, 16, 2, 2, 1);
INSERT INTO Victim (VictimMasterID, CaseMasterID, VictimName, AgeYear, GenderID, VictimPolice) VALUES (168, 121, 'Chakrika Dua', 67, 1, '0');
INSERT INTO Accused (AccusedMasterID, CaseMasterID, AccusedName, AgeYear, GenderID, PersonID) VALUES (289, 121, 'Forum Karpe', 49, 2, 'A1');
INSERT INTO Accused (AccusedMasterID, CaseMasterID, AccusedName, AgeYear, GenderID, PersonID) VALUES (290, 121, 'Geetika Kurian', 53, 1, 'A2');
INSERT INTO Accused (AccusedMasterID, CaseMasterID, AccusedName, AgeYear, GenderID, PersonID) VALUES (291, 121, 'Vritti Sharma', 40, 2, 'A3');
INSERT INTO Accused (AccusedMasterID, CaseMasterID, AccusedName, AgeYear, GenderID, PersonID) VALUES (292, 121, 'Indira Gara', 28, 1, 'A4');
INSERT INTO Accused (AccusedMasterID, CaseMasterID, AccusedName, AgeYear, GenderID, PersonID) VALUES (293, 121, 'Vrinda Gour', 50, 1, 'A5');
INSERT INTO ActSectionAssociation (CaseMasterID, ActID, SectionID, ActOrderID, SectionOrderID) VALUES (121, 'POCSO', '6', 1, 1);
INSERT INTO ArrestSurrender (ArrestSurrenderID, CaseMasterID, ArrestSurrenderTypeID, ArrestSurrenderDate, ArrestSurrenderStateId, ArrestSurrenderDistrictId, PoliceStationID, IOID, CourtID, AccusedMasterID, IsAccused, IsComplainantAccused) VALUES (90, 121, 1, '2023-09-04', 1, 10, 9, 63, 42, 289, TRUE, FALSE);
INSERT INTO inv_arrestsurrenderaccused (ArrestSurrenderID, AccusedMasterID) VALUES (90, 289);
INSERT INTO Inv_OccuranceTime (CaseMasterID, OccuranceFromDate, OccuranceToDate, PlaceOfOccurance, latitude, longitude) VALUES (121, '2023-07-31T06:30:00', '2023-07-31T08:30:00', 'Korpal Marg, Shivamogga', 15.8905607, 74.5030725);
INSERT INTO ChargesheetDetails (CSID, CaseMasterID, csdate, cstype, PolicePersonID) VALUES (31, 121, '2023-11-04', 'A', 44);

INSERT INTO CaseMaster (CaseMasterID, CrimeNo, CaseNo, CrimeRegisteredDate, PolicePersonID, PoliceStationID, CaseCategoryID, GravityOffenceID, CrimeMajorHeadID, CrimeMinorHeadID, CaseStatusID, CourtID, IncidentFromDate, IncidentToDate, InfoReceivedPSDate, latitude, longitude, BriefFacts) VALUES (122, '300260025202600001', '202600001', '2026-04-13', 6, 25, 3, 3, 2, 10, 5, 33, '2026-04-13T14:51:00', '2026-04-13T17:51:00', '2026-04-14T05:51:00', 12.2289942, 74.2268992, 'The complainant Bahadurjit Borde, a shopkeeper at Ahuja Nagar, Yadgir, reported that the accused Faqid Dixit along with others robbed the shop at knife-point on 2026-04-13 and fled with cash Rs. 25000 and valuables.');
INSERT INTO ComplainantDetails (ComplainantID, CaseMasterID, ComplainantName, AgeYear, OccupationID, ReligionID, CasteID, GenderID) VALUES (122, 122, 'Bahadurjit Borde', 28, 4, 7, 2, 2);
INSERT INTO Victim (VictimMasterID, CaseMasterID, VictimName, AgeYear, GenderID, VictimPolice) VALUES (169, 122, 'Bahadurjit Borde', 5, 1, '0');
INSERT INTO Victim (VictimMasterID, CaseMasterID, VictimName, AgeYear, GenderID, VictimPolice) VALUES (170, 122, 'Laksh Kashyap', 65, 2, '0');
INSERT INTO Victim (VictimMasterID, CaseMasterID, VictimName, AgeYear, GenderID, VictimPolice) VALUES (171, 122, 'Matthew Andra', 26, 1, '0');
INSERT INTO Accused (AccusedMasterID, CaseMasterID, AccusedName, AgeYear, GenderID, PersonID) VALUES (294, 122, 'Faqid Dixit', 44, 2, 'A1');
INSERT INTO Accused (AccusedMasterID, CaseMasterID, AccusedName, AgeYear, GenderID, PersonID) VALUES (295, 122, 'Yashasvi Shah', 33, 1, 'A2');
INSERT INTO Accused (AccusedMasterID, CaseMasterID, AccusedName, AgeYear, GenderID, PersonID) VALUES (296, 122, 'Darpan Subramanian', 51, 2, 'A3');
INSERT INTO ActSectionAssociation (CaseMasterID, ActID, SectionID, ActOrderID, SectionOrderID) VALUES (122, 'NDPS', '22', 1, 1);
INSERT INTO ArrestSurrender (ArrestSurrenderID, CaseMasterID, ArrestSurrenderTypeID, ArrestSurrenderDate, ArrestSurrenderStateId, ArrestSurrenderDistrictId, PoliceStationID, IOID, CourtID, AccusedMasterID, IsAccused, IsComplainantAccused) VALUES (91, 122, 1, '2026-06-12', 1, 26, 25, 57, 33, 295, TRUE, FALSE);
INSERT INTO inv_arrestsurrenderaccused (ArrestSurrenderID, AccusedMasterID) VALUES (91, 295);
INSERT INTO ArrestSurrender (ArrestSurrenderID, CaseMasterID, ArrestSurrenderTypeID, ArrestSurrenderDate, ArrestSurrenderStateId, ArrestSurrenderDistrictId, PoliceStationID, IOID, CourtID, AccusedMasterID, IsAccused, IsComplainantAccused) VALUES (92, 122, 1, '2026-04-22', 1, 26, 25, 67, 33, 296, TRUE, FALSE);
INSERT INTO inv_arrestsurrenderaccused (ArrestSurrenderID, AccusedMasterID) VALUES (92, 296);
INSERT INTO Inv_OccuranceTime (CaseMasterID, OccuranceFromDate, OccuranceToDate, PlaceOfOccurance, latitude, longitude) VALUES (122, '2026-04-13T14:51:00', '2026-04-13T17:51:00', 'Ahuja Nagar, Yadgir', 12.2289942, 74.2268992);

INSERT INTO CaseMaster (CaseMasterID, CrimeNo, CaseNo, CrimeRegisteredDate, PolicePersonID, PoliceStationID, CaseCategoryID, GravityOffenceID, CrimeMajorHeadID, CrimeMinorHeadID, CaseStatusID, CourtID, IncidentFromDate, IncidentToDate, InfoReceivedPSDate, latitude, longitude, BriefFacts) VALUES (123, '100040003202500001', '202500001', '2025-07-05', 44, 3, 1, 3, 4, 26, 7, 11, '2025-07-05T20:09:00', '2025-07-06T00:09:00', '2025-07-06T00:09:00', 15.8539406, 74.4243607, 'On 2025-07-05, the Anti-Narcotics squad conducted a raid at Sani Circle, Mangaluru (DK) and seized 1000 grams of methamphetamine from the possession of the accused Bhavini Badal. The accused was found to be part of a supply chain operating across Yadgir and Haveri.');
INSERT INTO ComplainantDetails (ComplainantID, CaseMasterID, ComplainantName, AgeYear, OccupationID, ReligionID, CasteID, GenderID) VALUES (123, 123, 'Abeer Wali', 61, 15, 6, 3, 2);
INSERT INTO Victim (VictimMasterID, CaseMasterID, VictimName, AgeYear, GenderID, VictimPolice) VALUES (172, 123, 'Advik Badal', 43, 1, '1');
INSERT INTO Victim (VictimMasterID, CaseMasterID, VictimName, AgeYear, GenderID, VictimPolice) VALUES (173, 123, 'Hredhaan Char', 47, 2, '0');
INSERT INTO Accused (AccusedMasterID, CaseMasterID, AccusedName, AgeYear, GenderID, PersonID) VALUES (297, 123, 'Bhavini Badal', 26, 2, 'A1');
INSERT INTO Accused (AccusedMasterID, CaseMasterID, AccusedName, AgeYear, GenderID, PersonID) VALUES (298, 123, 'Wridesh Handa', 50, 2, 'A2');
INSERT INTO Accused (AccusedMasterID, CaseMasterID, AccusedName, AgeYear, GenderID, PersonID) VALUES (299, 123, 'Irya Loke', 28, 1, 'A3');
INSERT INTO ActSectionAssociation (CaseMasterID, ActID, SectionID, ActOrderID, SectionOrderID) VALUES (123, 'POCSO', '4', 1, 1);
INSERT INTO Inv_OccuranceTime (CaseMasterID, OccuranceFromDate, OccuranceToDate, PlaceOfOccurance, latitude, longitude) VALUES (123, '2025-07-05T20:09:00', '2025-07-06T00:09:00', 'Sani Circle, Mangaluru (DK)', 15.8539406, 74.4243607);

INSERT INTO CaseMaster (CaseMasterID, CrimeNo, CaseNo, CrimeRegisteredDate, PolicePersonID, PoliceStationID, CaseCategoryID, GravityOffenceID, CrimeMajorHeadID, CrimeMinorHeadID, CaseStatusID, CourtID, IncidentFromDate, IncidentToDate, InfoReceivedPSDate, latitude, longitude, BriefFacts) VALUES (124, '300250024202500001', '202500001', '2025-12-01', 55, 24, 3, 1, 1, 4, 4, 17, '2025-12-01T20:07:00', '2025-12-01T23:07:00', '2025-12-02T03:07:00', 13.9813134, 74.2147979, 'On 2025-12-01, the complainant Kashvi Ravi reported that their SUV bearing registration number KA-48-HD-6371 was stolen from Buch Road, Chikkamagaluru. The vehicle was parked outside the bus stand and was found missing when the complainant returned.');
INSERT INTO ComplainantDetails (ComplainantID, CaseMasterID, ComplainantName, AgeYear, OccupationID, ReligionID, CasteID, GenderID) VALUES (124, 124, 'Kashvi Ravi', 29, 14, 7, 4, 1);
INSERT INTO Victim (VictimMasterID, CaseMasterID, VictimName, AgeYear, GenderID, VictimPolice) VALUES (174, 124, 'Yagnesh Kara', 59, 1, '0');
INSERT INTO Accused (AccusedMasterID, CaseMasterID, AccusedName, AgeYear, GenderID, PersonID) VALUES (300, 124, 'Krish Lalla', 41, 2, 'A1');
INSERT INTO Accused (AccusedMasterID, CaseMasterID, AccusedName, AgeYear, GenderID, PersonID) VALUES (301, 124, 'Girik Ravi', 51, 2, 'A2');
INSERT INTO ActSectionAssociation (CaseMasterID, ActID, SectionID, ActOrderID, SectionOrderID) VALUES (124, 'ITA', '67', 1, 1);
INSERT INTO Inv_OccuranceTime (CaseMasterID, OccuranceFromDate, OccuranceToDate, PlaceOfOccurance, latitude, longitude) VALUES (124, '2025-12-01T20:07:00', '2025-12-01T23:07:00', 'Buch Road, Chikkamagaluru', 13.9813134, 74.2147979);

INSERT INTO CaseMaster (CaseMasterID, CrimeNo, CaseNo, CrimeRegisteredDate, PolicePersonID, PoliceStationID, CaseCategoryID, GravityOffenceID, CrimeMajorHeadID, CrimeMinorHeadID, CaseStatusID, CourtID, IncidentFromDate, IncidentToDate, InfoReceivedPSDate, latitude, longitude, BriefFacts) VALUES (125, '400280027202400002', '202400002', '2024-09-01', 21, 27, 4, 2, 6, 33, 1, 30, '2024-09-01T06:29:00', '2024-09-01T09:29:00', '2024-09-01T09:29:00', 12.8848692, 74.8235212, 'On 2024-09-01, at about 10:45 PM, the accused Garima Chandran along with 4 associates formed an unlawful assembly near Basak Circle, Dharwad and attacked the complainant Daksh Andra with lethal weapons resulting in injuries.');
INSERT INTO ComplainantDetails (ComplainantID, CaseMasterID, ComplainantName, AgeYear, OccupationID, ReligionID, CasteID, GenderID) VALUES (125, 125, 'Daksh Andra', 29, 14, 1, 3, 2);
INSERT INTO Victim (VictimMasterID, CaseMasterID, VictimName, AgeYear, GenderID, VictimPolice) VALUES (175, 125, 'Fitan Tata', 67, 1, '0');
INSERT INTO Accused (AccusedMasterID, CaseMasterID, AccusedName, AgeYear, GenderID, PersonID) VALUES (302, 125, 'Garima Chandran', 20, 2, 'A1');
INSERT INTO ActSectionAssociation (CaseMasterID, ActID, SectionID, ActOrderID, SectionOrderID) VALUES (125, 'POCSO', '8', 1, 1);
INSERT INTO ActSectionAssociation (CaseMasterID, ActID, SectionID, ActOrderID, SectionOrderID) VALUES (125, 'ITA', '66D', 2, 2);
INSERT INTO Inv_OccuranceTime (CaseMasterID, OccuranceFromDate, OccuranceToDate, PlaceOfOccurance, latitude, longitude) VALUES (125, '2024-09-01T06:29:00', '2024-09-01T09:29:00', 'Basak Circle, Dharwad', 12.8848692, 74.8235212);

INSERT INTO CaseMaster (CaseMasterID, CrimeNo, CaseNo, CrimeRegisteredDate, PolicePersonID, PoliceStationID, CaseCategoryID, GravityOffenceID, CrimeMajorHeadID, CrimeMinorHeadID, CaseStatusID, CourtID, IncidentFromDate, IncidentToDate, InfoReceivedPSDate, latitude, longitude, BriefFacts) VALUES (126, '400280027202400003', '202400003', '2024-03-21', 78, 27, 4, 2, 2, 9, 2, 30, '2024-03-21T23:20:00', '2024-03-21T23:20:00', '2024-03-22T11:20:00', 16.1705452, 74.6704217, 'A cyber fraud was reported by Anika Batra. The accused posed as a bank official and obtained OTP and banking credentials through a phone call on 2024-03-21. An amount of Rs. 1000000 was fraudulently transferred from the complainant''s account.');
INSERT INTO ComplainantDetails (ComplainantID, CaseMasterID, ComplainantName, AgeYear, OccupationID, ReligionID, CasteID, GenderID) VALUES (126, 126, 'Anika Batra', 56, 2, 5, 5, 1);
INSERT INTO Victim (VictimMasterID, CaseMasterID, VictimName, AgeYear, GenderID, VictimPolice) VALUES (176, 126, 'Avni Bali', 69, 1, '0');
INSERT INTO Victim (VictimMasterID, CaseMasterID, VictimName, AgeYear, GenderID, VictimPolice) VALUES (177, 126, 'Faraj Mistry', 73, 1, '0');
INSERT INTO Accused (AccusedMasterID, CaseMasterID, AccusedName, AgeYear, GenderID, PersonID) VALUES (303, 126, 'Divya Babu', 31, 1, 'A1');
INSERT INTO ActSectionAssociation (CaseMasterID, ActID, SectionID, ActOrderID, SectionOrderID) VALUES (126, 'ITA', '66', 1, 1);
INSERT INTO ActSectionAssociation (CaseMasterID, ActID, SectionID, ActOrderID, SectionOrderID) VALUES (126, 'POCSO', '6', 2, 2);
INSERT INTO ActSectionAssociation (CaseMasterID, ActID, SectionID, ActOrderID, SectionOrderID) VALUES (126, 'IPC', '509', 3, 3);
INSERT INTO Inv_OccuranceTime (CaseMasterID, OccuranceFromDate, OccuranceToDate, PlaceOfOccurance, latitude, longitude) VALUES (126, '2024-03-21T23:20:00', '2024-03-21T23:20:00', 'Dhawan Ganj, Dharwad', 16.1705452, 74.6704217);
INSERT INTO ChargesheetDetails (CSID, CaseMasterID, csdate, cstype, PolicePersonID) VALUES (32, 126, '2024-04-25', 'A', 44);

INSERT INTO CaseMaster (CaseMasterID, CrimeNo, CaseNo, CrimeRegisteredDate, PolicePersonID, PoliceStationID, CaseCategoryID, GravityOffenceID, CrimeMajorHeadID, CrimeMinorHeadID, CaseStatusID, CourtID, IncidentFromDate, IncidentToDate, InfoReceivedPSDate, latitude, longitude, BriefFacts) VALUES (127, '400070006202400001', '202400001', '2024-01-08', 54, 6, 4, 1, 6, 34, 1, 17, '2024-01-08T05:16:00', '2024-01-08T05:16:00', '2024-01-08T07:16:00', 12.9320184, 77.5839641, 'A case of cheating was reported by Lopa Zachariah stating that the accused Xiti Pal fraudulently obtained Rs. 5000 by promising a job in a government department. The accused collected money over a period of 14 months and disappeared.');
INSERT INTO ComplainantDetails (ComplainantID, CaseMasterID, ComplainantName, AgeYear, OccupationID, ReligionID, CasteID, GenderID) VALUES (127, 127, 'Lopa Zachariah', 58, 8, 4, 5, 2);
INSERT INTO Victim (VictimMasterID, CaseMasterID, VictimName, AgeYear, GenderID, VictimPolice) VALUES (178, 127, 'Leena Dey', 39, 1, '0');
INSERT INTO Victim (VictimMasterID, CaseMasterID, VictimName, AgeYear, GenderID, VictimPolice) VALUES (179, 127, 'Vincent Borra', 75, 2, '0');
INSERT INTO Victim (VictimMasterID, CaseMasterID, VictimName, AgeYear, GenderID, VictimPolice) VALUES (180, 127, 'Mekhala Narain', 8, 2, '0');
INSERT INTO Accused (AccusedMasterID, CaseMasterID, AccusedName, AgeYear, GenderID, PersonID) VALUES (304, 127, 'Xiti Pal', 19, 2, 'A1');
INSERT INTO Accused (AccusedMasterID, CaseMasterID, AccusedName, AgeYear, GenderID, PersonID) VALUES (305, 127, 'Anjali Seshadri', 55, 1, 'A2');
INSERT INTO Accused (AccusedMasterID, CaseMasterID, AccusedName, AgeYear, GenderID, PersonID) VALUES (306, 127, 'Vedant Parekh', 53, 1, 'A3');
INSERT INTO Accused (AccusedMasterID, CaseMasterID, AccusedName, AgeYear, GenderID, PersonID) VALUES (307, 127, 'Rachana Grewal', 44, 2, 'A4');
INSERT INTO Accused (AccusedMasterID, CaseMasterID, AccusedName, AgeYear, GenderID, PersonID) VALUES (308, 127, 'Kala Divan', 50, 1, 'A5');
INSERT INTO ActSectionAssociation (CaseMasterID, ActID, SectionID, ActOrderID, SectionOrderID) VALUES (127, 'POCSO', '8', 1, 1);
INSERT INTO Inv_OccuranceTime (CaseMasterID, OccuranceFromDate, OccuranceToDate, PlaceOfOccurance, latitude, longitude) VALUES (127, '2024-01-08T05:16:00', '2024-01-08T05:16:00', 'Chaudhari Nagar, Kalaburagi', 12.9320184, 77.5839641);

INSERT INTO CaseMaster (CaseMasterID, CrimeNo, CaseNo, CrimeRegisteredDate, PolicePersonID, PoliceStationID, CaseCategoryID, GravityOffenceID, CrimeMajorHeadID, CrimeMinorHeadID, CaseStatusID, CourtID, IncidentFromDate, IncidentToDate, InfoReceivedPSDate, latitude, longitude, BriefFacts) VALUES (128, '200190018202500001', '202500001', '2025-07-27', 55, 18, 2, 4, 1, 3, 1, 30, '2025-07-27T05:00:00', '2025-07-27T05:00:00', '2025-07-27T12:00:00', 15.8451094, 76.9387648, 'A cyber fraud was reported by Frederick Merchant. The accused posed as a bank official and obtained OTP and banking credentials through a phone call on 2025-07-27. An amount of Rs. 2500000 was fraudulently transferred from the complainant''s account.');
INSERT INTO ComplainantDetails (ComplainantID, CaseMasterID, ComplainantName, AgeYear, OccupationID, ReligionID, CasteID, GenderID) VALUES (128, 128, 'Frederick Merchant', 55, 9, 4, 2, 2);
INSERT INTO Victim (VictimMasterID, CaseMasterID, VictimName, AgeYear, GenderID, VictimPolice) VALUES (181, 128, 'Frederick Merchant', 48, 3, '0');
INSERT INTO Victim (VictimMasterID, CaseMasterID, VictimName, AgeYear, GenderID, VictimPolice) VALUES (182, 128, 'Mitesh Ramachandran', 62, 2, '0');
INSERT INTO Accused (AccusedMasterID, CaseMasterID, AccusedName, AgeYear, GenderID, PersonID) VALUES (309, 128, 'Ethan Butala', 39, 1, 'A1');
INSERT INTO Accused (AccusedMasterID, CaseMasterID, AccusedName, AgeYear, GenderID, PersonID) VALUES (310, 128, 'Jalsa Chhabra', 39, 1, 'A2');
INSERT INTO Accused (AccusedMasterID, CaseMasterID, AccusedName, AgeYear, GenderID, PersonID) VALUES (311, 128, 'Abdul Morar', 26, 1, 'A3');
INSERT INTO Accused (AccusedMasterID, CaseMasterID, AccusedName, AgeYear, GenderID, PersonID) VALUES (312, 128, 'Jagvi Madan', 18, 1, 'A4');
INSERT INTO Accused (AccusedMasterID, CaseMasterID, AccusedName, AgeYear, GenderID, PersonID) VALUES (313, 128, 'Kevin Chahal', 44, 2, 'A5');
INSERT INTO ActSectionAssociation (CaseMasterID, ActID, SectionID, ActOrderID, SectionOrderID) VALUES (128, 'IPC', '452', 1, 1);
INSERT INTO ActSectionAssociation (CaseMasterID, ActID, SectionID, ActOrderID, SectionOrderID) VALUES (128, 'IPC', '120B', 2, 2);
INSERT INTO ArrestSurrender (ArrestSurrenderID, CaseMasterID, ArrestSurrenderTypeID, ArrestSurrenderDate, ArrestSurrenderStateId, ArrestSurrenderDistrictId, PoliceStationID, IOID, CourtID, AccusedMasterID, IsAccused, IsComplainantAccused) VALUES (93, 128, 2, '2025-09-17', 1, 19, 18, 77, 30, 309, TRUE, FALSE);
INSERT INTO inv_arrestsurrenderaccused (ArrestSurrenderID, AccusedMasterID) VALUES (93, 309);
INSERT INTO ArrestSurrender (ArrestSurrenderID, CaseMasterID, ArrestSurrenderTypeID, ArrestSurrenderDate, ArrestSurrenderStateId, ArrestSurrenderDistrictId, PoliceStationID, IOID, CourtID, AccusedMasterID, IsAccused, IsComplainantAccused) VALUES (94, 128, 2, '2025-08-18', 1, 19, 18, 23, 30, 311, TRUE, FALSE);
INSERT INTO inv_arrestsurrenderaccused (ArrestSurrenderID, AccusedMasterID) VALUES (94, 311);
INSERT INTO Inv_OccuranceTime (CaseMasterID, OccuranceFromDate, OccuranceToDate, PlaceOfOccurance, latitude, longitude) VALUES (128, '2025-07-27T05:00:00', '2025-07-27T05:00:00', 'Dube Road, Gadag', 15.8451094, 76.9387648);

INSERT INTO CaseMaster (CaseMasterID, CrimeNo, CaseNo, CrimeRegisteredDate, PolicePersonID, PoliceStationID, CaseCategoryID, GravityOffenceID, CrimeMajorHeadID, CrimeMinorHeadID, CaseStatusID, CourtID, IncidentFromDate, IncidentToDate, InfoReceivedPSDate, latitude, longitude, BriefFacts) VALUES (129, '100050004202400001', '202400001', '2024-02-04', 60, 4, 1, 3, 2, 13, 2, 15, '2024-02-04T22:22:00', '2024-02-04T23:22:00', '2024-02-05T00:22:00', 16.808947, 77.0624946, 'On 2024-02-04, the complainant Yauvani Reddy reported that their car bearing registration number KA-53-UM-2817 was stolen from Arora Marg, Hubballi-Dharwad. The vehicle was parked outside a commercial complex and was found missing when the complainant returned.');
INSERT INTO ComplainantDetails (ComplainantID, CaseMasterID, ComplainantName, AgeYear, OccupationID, ReligionID, CasteID, GenderID) VALUES (129, 129, 'Yauvani Reddy', 62, 6, 1, 5, 1);
INSERT INTO Victim (VictimMasterID, CaseMasterID, VictimName, AgeYear, GenderID, VictimPolice) VALUES (183, 129, 'Atharv Chakraborty', 21, 2, '0');
INSERT INTO Victim (VictimMasterID, CaseMasterID, VictimName, AgeYear, GenderID, VictimPolice) VALUES (184, 129, 'Odika Rama', 34, 3, '0');
INSERT INTO Accused (AccusedMasterID, CaseMasterID, AccusedName, AgeYear, GenderID, PersonID) VALUES (314, 129, 'Girik Nair', 19, 2, 'A1');
INSERT INTO ActSectionAssociation (CaseMasterID, ActID, SectionID, ActOrderID, SectionOrderID) VALUES (129, 'ITA', '66', 1, 1);
INSERT INTO ActSectionAssociation (CaseMasterID, ActID, SectionID, ActOrderID, SectionOrderID) VALUES (129, 'POCSO', '6', 3, 3);
INSERT INTO Inv_OccuranceTime (CaseMasterID, OccuranceFromDate, OccuranceToDate, PlaceOfOccurance, latitude, longitude) VALUES (129, '2024-02-04T22:22:00', '2024-02-04T23:22:00', 'Arora Marg, Hubballi-Dharwad', 16.808947, 77.0624946);
INSERT INTO ChargesheetDetails (CSID, CaseMasterID, csdate, cstype, PolicePersonID) VALUES (33, 129, '2024-06-17', 'A', 36);

INSERT INTO CaseMaster (CaseMasterID, CrimeNo, CaseNo, CrimeRegisteredDate, PolicePersonID, PoliceStationID, CaseCategoryID, GravityOffenceID, CrimeMajorHeadID, CrimeMinorHeadID, CaseStatusID, CourtID, IncidentFromDate, IncidentToDate, InfoReceivedPSDate, latitude, longitude, BriefFacts) VALUES (130, '100230022202500001', '202500001', '2025-11-13', 67, 22, 1, 4, 6, 32, 1, 3, '2025-11-13T13:34:00', '2025-11-13T16:34:00', '2025-11-13T21:34:00', 13.0718374, 75.2506986, 'The complainant Omkaar Rai, a shopkeeper at Dewan Street, Ramanagara, reported that the accused Karan Mital along with others robbed the shop at knife-point on 2025-11-13 and fled with cash Rs. 500000 and valuables.');
INSERT INTO ComplainantDetails (ComplainantID, CaseMasterID, ComplainantName, AgeYear, OccupationID, ReligionID, CasteID, GenderID) VALUES (130, 130, 'Omkaar Rai', 60, 11, 7, 3, 1);
INSERT INTO Victim (VictimMasterID, CaseMasterID, VictimName, AgeYear, GenderID, VictimPolice) VALUES (185, 130, 'Omkaar Rai', 35, 2, '0');
INSERT INTO Accused (AccusedMasterID, CaseMasterID, AccusedName, AgeYear, GenderID, PersonID) VALUES (315, 130, 'Karan Mital', 51, 1, 'A1');
INSERT INTO Accused (AccusedMasterID, CaseMasterID, AccusedName, AgeYear, GenderID, PersonID) VALUES (316, 130, 'Charvi Loyal', 46, 1, 'A2');
INSERT INTO Accused (AccusedMasterID, CaseMasterID, AccusedName, AgeYear, GenderID, PersonID) VALUES (317, 130, 'Madhav Bhatnagar', 55, 1, 'A3');
INSERT INTO Accused (AccusedMasterID, CaseMasterID, AccusedName, AgeYear, GenderID, PersonID) VALUES (318, 130, 'William Lanka', 20, 2, 'A4');
INSERT INTO ActSectionAssociation (CaseMasterID, ActID, SectionID, ActOrderID, SectionOrderID) VALUES (130, 'IPC', '452', 1, 1);
INSERT INTO ActSectionAssociation (CaseMasterID, ActID, SectionID, ActOrderID, SectionOrderID) VALUES (130, 'NDPS', '20', 2, 2);
INSERT INTO Inv_OccuranceTime (CaseMasterID, OccuranceFromDate, OccuranceToDate, PlaceOfOccurance, latitude, longitude) VALUES (130, '2025-11-13T13:34:00', '2025-11-13T16:34:00', 'Dewan Street, Ramanagara', 13.0718374, 75.2506986);

INSERT INTO CaseMaster (CaseMasterID, CrimeNo, CaseNo, CrimeRegisteredDate, PolicePersonID, PoliceStationID, CaseCategoryID, GravityOffenceID, CrimeMajorHeadID, CrimeMinorHeadID, CaseStatusID, CourtID, IncidentFromDate, IncidentToDate, InfoReceivedPSDate, latitude, longitude, BriefFacts) VALUES (131, '400030002202400001', '202400001', '2024-01-13', 39, 2, 4, 4, 1, 5, 1, 4, '2024-01-13T19:48:00', '2024-01-13T22:48:00', '2024-01-14T01:48:00', 15.3944691, 75.0829881, 'The complainant Oviya Mistry, a shopkeeper at Hayre, Mysuru, reported that the accused Yatin Tandon along with others robbed the shop at knife-point on 2024-01-13 and fled with cash Rs. 500000 and valuables.');
INSERT INTO ComplainantDetails (ComplainantID, CaseMasterID, ComplainantName, AgeYear, OccupationID, ReligionID, CasteID, GenderID) VALUES (131, 131, 'Oviya Mistry', 58, 3, 5, 2, 1);
INSERT INTO Victim (VictimMasterID, CaseMasterID, VictimName, AgeYear, GenderID, VictimPolice) VALUES (186, 131, 'Faraj Patel', 37, 2, '0');
INSERT INTO Accused (AccusedMasterID, CaseMasterID, AccusedName, AgeYear, GenderID, PersonID) VALUES (319, 131, 'Yatin Tandon', 46, 1, 'A1');
INSERT INTO Accused (AccusedMasterID, CaseMasterID, AccusedName, AgeYear, GenderID, PersonID) VALUES (320, 131, 'Hredhaan Deshmukh', 20, 1, 'A2');
INSERT INTO Accused (AccusedMasterID, CaseMasterID, AccusedName, AgeYear, GenderID, PersonID) VALUES (321, 131, 'Prisha Andra', 45, 2, 'A3');
INSERT INTO ActSectionAssociation (CaseMasterID, ActID, SectionID, ActOrderID, SectionOrderID) VALUES (131, 'NDPS', '20', 1, 1);
INSERT INTO ActSectionAssociation (CaseMasterID, ActID, SectionID, ActOrderID, SectionOrderID) VALUES (131, 'ITA', '66D', 2, 2);
INSERT INTO Inv_OccuranceTime (CaseMasterID, OccuranceFromDate, OccuranceToDate, PlaceOfOccurance, latitude, longitude) VALUES (131, '2024-01-13T19:48:00', '2024-01-13T22:48:00', 'Hayre, Mysuru', 15.3944691, 75.0829881);

INSERT INTO CaseMaster (CaseMasterID, CrimeNo, CaseNo, CrimeRegisteredDate, PolicePersonID, PoliceStationID, CaseCategoryID, GravityOffenceID, CrimeMajorHeadID, CrimeMinorHeadID, CaseStatusID, CourtID, IncidentFromDate, IncidentToDate, InfoReceivedPSDate, latitude, longitude, BriefFacts) VALUES (132, '300130012202400001', '202400001', '2024-06-11', 2, 12, 3, 2, 1, 4, 1, 36, '2024-06-11T06:40:00', '2024-06-11T07:40:00', '2024-06-11T19:40:00', 14.454428, 74.8793321, 'The deceased Gaurangi Rai, aged 56, was found dead under suspicious circumstances at Sarraf Path, Davanagere on 2024-06-11. The investigation revealed that the accused Pallavi Malhotra, who is a relative of the deceased, had a dispute over property worth Rs. 250000.');
INSERT INTO ComplainantDetails (ComplainantID, CaseMasterID, ComplainantName, AgeYear, OccupationID, ReligionID, CasteID, GenderID) VALUES (132, 132, 'Gaurangi Rai', 49, 7, 2, 4, 2);
INSERT INTO Victim (VictimMasterID, CaseMasterID, VictimName, AgeYear, GenderID, VictimPolice) VALUES (187, 132, 'Gaurangi Rai', 53, 1, '0');
INSERT INTO Victim (VictimMasterID, CaseMasterID, VictimName, AgeYear, GenderID, VictimPolice) VALUES (188, 132, 'Qushi Deshpande', 5, 2, '1');
INSERT INTO Accused (AccusedMasterID, CaseMasterID, AccusedName, AgeYear, GenderID, PersonID) VALUES (322, 132, 'Pallavi Malhotra', 53, 1, 'A1');
INSERT INTO ActSectionAssociation (CaseMasterID, ActID, SectionID, ActOrderID, SectionOrderID) VALUES (132, 'POCSO', '6', 1, 1);
INSERT INTO ArrestSurrender (ArrestSurrenderID, CaseMasterID, ArrestSurrenderTypeID, ArrestSurrenderDate, ArrestSurrenderStateId, ArrestSurrenderDistrictId, PoliceStationID, IOID, CourtID, AccusedMasterID, IsAccused, IsComplainantAccused) VALUES (95, 132, 1, '2024-06-12', 1, 13, 12, 26, 36, 322, TRUE, FALSE);
INSERT INTO inv_arrestsurrenderaccused (ArrestSurrenderID, AccusedMasterID) VALUES (95, 322);
INSERT INTO Inv_OccuranceTime (CaseMasterID, OccuranceFromDate, OccuranceToDate, PlaceOfOccurance, latitude, longitude) VALUES (132, '2024-06-11T06:40:00', '2024-06-11T07:40:00', 'Sarraf Path, Davanagere', 14.454428, 74.8793321);

INSERT INTO CaseMaster (CaseMasterID, CrimeNo, CaseNo, CrimeRegisteredDate, PolicePersonID, PoliceStationID, CaseCategoryID, GravityOffenceID, CrimeMajorHeadID, CrimeMinorHeadID, CaseStatusID, CourtID, IncidentFromDate, IncidentToDate, InfoReceivedPSDate, latitude, longitude, BriefFacts) VALUES (133, '300070006202400001', '202400001', '2024-06-07', 29, 6, 3, 3, 2, 12, 1, 36, '2024-06-07T03:01:00', '2024-06-07T04:01:00', '2024-06-07T10:01:00', 12.3911208, 76.6523508, 'On 2024-06-07, at about 5:45 PM, the accused Vritti Kibe along with 3 associates formed an unlawful assembly near Puri Path, Kalaburagi and attacked the complainant Varenya Murthy with lethal weapons resulting in injuries.');
INSERT INTO ComplainantDetails (ComplainantID, CaseMasterID, ComplainantName, AgeYear, OccupationID, ReligionID, CasteID, GenderID) VALUES (133, 133, 'Varenya Murthy', 43, 11, 5, 4, 1);
INSERT INTO Victim (VictimMasterID, CaseMasterID, VictimName, AgeYear, GenderID, VictimPolice) VALUES (189, 133, 'Mitali Nagar', 29, 3, '0');
INSERT INTO Victim (VictimMasterID, CaseMasterID, VictimName, AgeYear, GenderID, VictimPolice) VALUES (190, 133, 'Maya Patla', 24, 2, '0');
INSERT INTO Victim (VictimMasterID, CaseMasterID, VictimName, AgeYear, GenderID, VictimPolice) VALUES (191, 133, 'Ryan Gole', 40, 1, '0');
INSERT INTO Accused (AccusedMasterID, CaseMasterID, AccusedName, AgeYear, GenderID, PersonID) VALUES (323, 133, 'Vritti Kibe', 49, 1, 'A1');
INSERT INTO Accused (AccusedMasterID, CaseMasterID, AccusedName, AgeYear, GenderID, PersonID) VALUES (324, 133, 'Triya Kadakia', 48, 1, 'A2');
INSERT INTO Accused (AccusedMasterID, CaseMasterID, AccusedName, AgeYear, GenderID, PersonID) VALUES (325, 133, 'Bishakha Biswas', 42, 2, 'A3');
INSERT INTO Accused (AccusedMasterID, CaseMasterID, AccusedName, AgeYear, GenderID, PersonID) VALUES (326, 133, 'Xalak Dewan', 47, 1, 'A4');
INSERT INTO Accused (AccusedMasterID, CaseMasterID, AccusedName, AgeYear, GenderID, PersonID) VALUES (327, 133, 'Wyatt Krishnan', 41, 2, 'A5');
INSERT INTO ActSectionAssociation (CaseMasterID, ActID, SectionID, ActOrderID, SectionOrderID) VALUES (133, 'ITA', '67', 1, 1);
INSERT INTO ActSectionAssociation (CaseMasterID, ActID, SectionID, ActOrderID, SectionOrderID) VALUES (133, 'POCSO', '8', 2, 2);
INSERT INTO ActSectionAssociation (CaseMasterID, ActID, SectionID, ActOrderID, SectionOrderID) VALUES (133, 'ITA', '66', 3, 3);
INSERT INTO ArrestSurrender (ArrestSurrenderID, CaseMasterID, ArrestSurrenderTypeID, ArrestSurrenderDate, ArrestSurrenderStateId, ArrestSurrenderDistrictId, PoliceStationID, IOID, CourtID, AccusedMasterID, IsAccused, IsComplainantAccused) VALUES (96, 133, 1, '2024-08-01', 1, 7, 6, 51, 36, 326, TRUE, FALSE);
INSERT INTO inv_arrestsurrenderaccused (ArrestSurrenderID, AccusedMasterID) VALUES (96, 326);
INSERT INTO Inv_OccuranceTime (CaseMasterID, OccuranceFromDate, OccuranceToDate, PlaceOfOccurance, latitude, longitude) VALUES (133, '2024-06-07T03:01:00', '2024-06-07T04:01:00', 'Puri Path, Kalaburagi', 12.3911208, 76.6523508);

INSERT INTO CaseMaster (CaseMasterID, CrimeNo, CaseNo, CrimeRegisteredDate, PolicePersonID, PoliceStationID, CaseCategoryID, GravityOffenceID, CrimeMajorHeadID, CrimeMinorHeadID, CaseStatusID, CourtID, IncidentFromDate, IncidentToDate, InfoReceivedPSDate, latitude, longitude, BriefFacts) VALUES (134, '200110010202500001', '202500001', '2025-07-04', 55, 10, 2, 4, 6, 37, 1, 24, '2025-07-04T14:33:00', '2025-07-04T16:33:00', '2025-07-04T19:33:00', 12.9855196, 77.6102554, 'The complainant Krishna Borah, a shopkeeper at Chada Circle, Raichur, reported that the accused Balhaar Parsa along with others robbed the shop at knife-point on 2025-07-04 and fled with cash Rs. 500000 and valuables.');
INSERT INTO ComplainantDetails (ComplainantID, CaseMasterID, ComplainantName, AgeYear, OccupationID, ReligionID, CasteID, GenderID) VALUES (134, 134, 'Krishna Borah', 25, 10, 7, 5, 1);
INSERT INTO Victim (VictimMasterID, CaseMasterID, VictimName, AgeYear, GenderID, VictimPolice) VALUES (192, 134, 'Varenya Rattan', 34, 1, '0');
INSERT INTO Victim (VictimMasterID, CaseMasterID, VictimName, AgeYear, GenderID, VictimPolice) VALUES (193, 134, 'Yuvraj Pant', 51, 1, '0');
INSERT INTO Accused (AccusedMasterID, CaseMasterID, AccusedName, AgeYear, GenderID, PersonID) VALUES (328, 134, 'Balhaar Parsa', 39, 2, 'A1');
INSERT INTO ActSectionAssociation (CaseMasterID, ActID, SectionID, ActOrderID, SectionOrderID) VALUES (134, 'POCSO', '4', 1, 1);
INSERT INTO ActSectionAssociation (CaseMasterID, ActID, SectionID, ActOrderID, SectionOrderID) VALUES (134, 'NDPS', '27', 2, 2);
INSERT INTO Inv_OccuranceTime (CaseMasterID, OccuranceFromDate, OccuranceToDate, PlaceOfOccurance, latitude, longitude) VALUES (134, '2025-07-04T14:33:00', '2025-07-04T16:33:00', 'Chada Circle, Raichur', 12.9855196, 77.6102554);

INSERT INTO CaseMaster (CaseMasterID, CrimeNo, CaseNo, CrimeRegisteredDate, PolicePersonID, PoliceStationID, CaseCategoryID, GravityOffenceID, CrimeMajorHeadID, CrimeMinorHeadID, CaseStatusID, CourtID, IncidentFromDate, IncidentToDate, InfoReceivedPSDate, latitude, longitude, BriefFacts) VALUES (135, '300020001202400001', '202400001', '2024-01-12', 39, 1, 3, 3, 4, 23, 3, 26, '2024-01-12T00:30:00', '2024-01-12T04:30:00', '2024-01-12T16:30:00', 17.2530292, 77.4101273, 'On 2024-01-12, the complainant Mugdha Narula reported that their bus bearing registration number KA-53-OK-2406 was stolen from Venkataraman Circle, Bengaluru Rural. The vehicle was parked outside a commercial complex and was found missing when the complainant returned.');
INSERT INTO ComplainantDetails (ComplainantID, CaseMasterID, ComplainantName, AgeYear, OccupationID, ReligionID, CasteID, GenderID) VALUES (135, 135, 'Mugdha Narula', 48, 15, 7, 5, 1);
INSERT INTO Victim (VictimMasterID, CaseMasterID, VictimName, AgeYear, GenderID, VictimPolice) VALUES (194, 135, 'Hitesh Anne', 21, 2, '0');
INSERT INTO Accused (AccusedMasterID, CaseMasterID, AccusedName, AgeYear, GenderID, PersonID) VALUES (329, 135, 'Aarna Kapadia', 40, 2, 'A1');
INSERT INTO ActSectionAssociation (CaseMasterID, ActID, SectionID, ActOrderID, SectionOrderID) VALUES (135, 'ITA', '67', 1, 1);
INSERT INTO Inv_OccuranceTime (CaseMasterID, OccuranceFromDate, OccuranceToDate, PlaceOfOccurance, latitude, longitude) VALUES (135, '2024-01-12T00:30:00', '2024-01-12T04:30:00', 'Venkataraman Circle, Bengaluru Rural', 17.2530292, 77.4101273);

INSERT INTO CaseMaster (CaseMasterID, CrimeNo, CaseNo, CrimeRegisteredDate, PolicePersonID, PoliceStationID, CaseCategoryID, GravityOffenceID, CrimeMajorHeadID, CrimeMinorHeadID, CaseStatusID, CourtID, IncidentFromDate, IncidentToDate, InfoReceivedPSDate, latitude, longitude, BriefFacts) VALUES (136, '400260025202500002', '202500002', '2025-03-16', 69, 25, 4, 3, 3, 21, 2, 37, '2025-03-16T10:36:00', '2025-03-16T14:36:00', '2025-03-16T23:36:00', 17.9550093, 74.6916106, 'A cyber fraud was reported by Sanaya Prasad. The accused posed as a bank official and obtained OTP and banking credentials through a phone call on 2025-03-16. An amount of Rs. 50000 was fraudulently transferred from the complainant''s account.');
INSERT INTO ComplainantDetails (ComplainantID, CaseMasterID, ComplainantName, AgeYear, OccupationID, ReligionID, CasteID, GenderID) VALUES (136, 136, 'Sanaya Prasad', 64, 16, 1, 2, 1);
INSERT INTO Victim (VictimMasterID, CaseMasterID, VictimName, AgeYear, GenderID, VictimPolice) VALUES (195, 136, 'Ubika Tella', 54, 2, '0');
INSERT INTO Accused (AccusedMasterID, CaseMasterID, AccusedName, AgeYear, GenderID, PersonID) VALUES (330, 136, 'Hemani Bakshi', 51, 1, 'A1');
INSERT INTO ActSectionAssociation (CaseMasterID, ActID, SectionID, ActOrderID, SectionOrderID) VALUES (136, 'IPC', '406', 1, 1);
INSERT INTO ActSectionAssociation (CaseMasterID, ActID, SectionID, ActOrderID, SectionOrderID) VALUES (136, 'IPC', '354', 2, 2);
INSERT INTO ArrestSurrender (ArrestSurrenderID, CaseMasterID, ArrestSurrenderTypeID, ArrestSurrenderDate, ArrestSurrenderStateId, ArrestSurrenderDistrictId, PoliceStationID, IOID, CourtID, AccusedMasterID, IsAccused, IsComplainantAccused) VALUES (97, 136, 1, '2025-03-26', 1, 26, 25, 17, 37, 330, TRUE, FALSE);
INSERT INTO inv_arrestsurrenderaccused (ArrestSurrenderID, AccusedMasterID) VALUES (97, 330);
INSERT INTO Inv_OccuranceTime (CaseMasterID, OccuranceFromDate, OccuranceToDate, PlaceOfOccurance, latitude, longitude) VALUES (136, '2025-03-16T10:36:00', '2025-03-16T14:36:00', 'Cheema Chowk, Yadgir', 17.9550093, 74.6916106);
INSERT INTO ChargesheetDetails (CSID, CaseMasterID, csdate, cstype, PolicePersonID) VALUES (34, 136, '2025-08-30', 'A', 54);

INSERT INTO CaseMaster (CaseMasterID, CrimeNo, CaseNo, CrimeRegisteredDate, PolicePersonID, PoliceStationID, CaseCategoryID, GravityOffenceID, CrimeMajorHeadID, CrimeMinorHeadID, CaseStatusID, CourtID, IncidentFromDate, IncidentToDate, InfoReceivedPSDate, latitude, longitude, BriefFacts) VALUES (137, '400250024202400001', '202400001', '2024-06-01', 9, 24, 4, 4, 2, 14, 1, 14, '2024-06-01T09:37:00', '2024-06-01T10:37:00', '2024-06-01T18:37:00', 15.8851742, 74.5526635, 'On 2024-06-01, the complainant Jack Dhar reported that their auto-rickshaw bearing registration number KA-37-PO-8580 was stolen from Pall Chowk, Chikkamagaluru. The vehicle was parked outside the bus stand and was found missing when the complainant returned.');
INSERT INTO ComplainantDetails (ComplainantID, CaseMasterID, ComplainantName, AgeYear, OccupationID, ReligionID, CasteID, GenderID) VALUES (137, 137, 'Jack Dhar', 49, 12, 6, 3, 2);
INSERT INTO Victim (VictimMasterID, CaseMasterID, VictimName, AgeYear, GenderID, VictimPolice) VALUES (196, 137, 'Devika Oza', 27, 2, '0');
INSERT INTO Accused (AccusedMasterID, CaseMasterID, AccusedName, AgeYear, GenderID, PersonID) VALUES (331, 137, 'Samuel Verma', 45, 2, 'A1');
INSERT INTO Accused (AccusedMasterID, CaseMasterID, AccusedName, AgeYear, GenderID, PersonID) VALUES (332, 137, 'Gunbir Sarma', 29, 1, 'A2');
INSERT INTO Accused (AccusedMasterID, CaseMasterID, AccusedName, AgeYear, GenderID, PersonID) VALUES (333, 137, 'Eiravati Bhavsar', 20, 1, 'A3');
INSERT INTO Accused (AccusedMasterID, CaseMasterID, AccusedName, AgeYear, GenderID, PersonID) VALUES (334, 137, 'Chaitanya Contractor', 28, 2, 'A4');
INSERT INTO ActSectionAssociation (CaseMasterID, ActID, SectionID, ActOrderID, SectionOrderID) VALUES (137, 'POCSO', '8', 1, 1);
INSERT INTO ActSectionAssociation (CaseMasterID, ActID, SectionID, ActOrderID, SectionOrderID) VALUES (137, 'IPC', '363', 2, 2);
INSERT INTO ActSectionAssociation (CaseMasterID, ActID, SectionID, ActOrderID, SectionOrderID) VALUES (137, 'NDPS', '22', 3, 3);
INSERT INTO ArrestSurrender (ArrestSurrenderID, CaseMasterID, ArrestSurrenderTypeID, ArrestSurrenderDate, ArrestSurrenderStateId, ArrestSurrenderDistrictId, PoliceStationID, IOID, CourtID, AccusedMasterID, IsAccused, IsComplainantAccused) VALUES (98, 137, 1, '2024-06-05', 1, 25, 24, 65, 14, 333, TRUE, FALSE);
INSERT INTO inv_arrestsurrenderaccused (ArrestSurrenderID, AccusedMasterID) VALUES (98, 333);
INSERT INTO Inv_OccuranceTime (CaseMasterID, OccuranceFromDate, OccuranceToDate, PlaceOfOccurance, latitude, longitude) VALUES (137, '2024-06-01T09:37:00', '2024-06-01T10:37:00', 'Pall Chowk, Chikkamagaluru', 15.8851742, 74.5526635);

INSERT INTO CaseMaster (CaseMasterID, CrimeNo, CaseNo, CrimeRegisteredDate, PolicePersonID, PoliceStationID, CaseCategoryID, GravityOffenceID, CrimeMajorHeadID, CrimeMinorHeadID, CaseStatusID, CourtID, IncidentFromDate, IncidentToDate, InfoReceivedPSDate, latitude, longitude, BriefFacts) VALUES (138, '300150014202300001', '202300001', '2023-08-07', 58, 14, 3, 2, 3, 17, 1, 3, '2023-08-07T14:24:00', '2023-08-07T16:24:00', '2023-08-08T03:24:00', 12.9233648, 77.5371318, 'On 2023-08-07, the complainant Ikbal Gala reported that unknown persons broke into their residence at Dutta Circle, Chitradurga and stole cash amounting to Rs. 1000000 and gold ornaments. The accused William Lanka was later identified through CCTV footage from a nearby shop.');
INSERT INTO ComplainantDetails (ComplainantID, CaseMasterID, ComplainantName, AgeYear, OccupationID, ReligionID, CasteID, GenderID) VALUES (138, 138, 'Ikbal Gala', 30, 1, 5, 1, 1);
INSERT INTO Victim (VictimMasterID, CaseMasterID, VictimName, AgeYear, GenderID, VictimPolice) VALUES (197, 138, 'Zaitra Ghosh', 73, 3, '0');
INSERT INTO Accused (AccusedMasterID, CaseMasterID, AccusedName, AgeYear, GenderID, PersonID) VALUES (335, 138, 'William Lanka', 18, 2, 'A1');
INSERT INTO ActSectionAssociation (CaseMasterID, ActID, SectionID, ActOrderID, SectionOrderID) VALUES (138, 'ITA', '66D', 1, 1);
INSERT INTO ArrestSurrender (ArrestSurrenderID, CaseMasterID, ArrestSurrenderTypeID, ArrestSurrenderDate, ArrestSurrenderStateId, ArrestSurrenderDistrictId, PoliceStationID, IOID, CourtID, AccusedMasterID, IsAccused, IsComplainantAccused) VALUES (99, 138, 1, '2023-09-04', 1, 15, 14, 67, 3, 335, TRUE, FALSE);
INSERT INTO inv_arrestsurrenderaccused (ArrestSurrenderID, AccusedMasterID) VALUES (99, 335);
INSERT INTO Inv_OccuranceTime (CaseMasterID, OccuranceFromDate, OccuranceToDate, PlaceOfOccurance, latitude, longitude) VALUES (138, '2023-08-07T14:24:00', '2023-08-07T16:24:00', 'Dutta Circle, Chitradurga', 12.9233648, 77.5371318);

INSERT INTO CaseMaster (CaseMasterID, CrimeNo, CaseNo, CrimeRegisteredDate, PolicePersonID, PoliceStationID, CaseCategoryID, GravityOffenceID, CrimeMajorHeadID, CrimeMinorHeadID, CaseStatusID, CourtID, IncidentFromDate, IncidentToDate, InfoReceivedPSDate, latitude, longitude, BriefFacts) VALUES (139, '100140013202400001', '202400001', '2024-07-10', 40, 13, 1, 4, 1, 4, 2, 4, '2024-07-10T11:58:00', '2024-07-10T12:58:00', '2024-07-10T15:58:00', 16.8697997, 78.1796925, 'On 2024-07-10, the complainant Turvi Kata reported that unknown persons broke into their residence at Randhawa Marg, Hassan and stole cash amounting to Rs. 10000 and gold ornaments. The accused Qarin Grewal was later identified through CCTV footage from a nearby shop.');
INSERT INTO ComplainantDetails (ComplainantID, CaseMasterID, ComplainantName, AgeYear, OccupationID, ReligionID, CasteID, GenderID) VALUES (139, 139, 'Turvi Kata', 45, 14, 1, 2, 1);
INSERT INTO Victim (VictimMasterID, CaseMasterID, VictimName, AgeYear, GenderID, VictimPolice) VALUES (198, 139, 'Turvi Kata', 46, 1, '1');
INSERT INTO Accused (AccusedMasterID, CaseMasterID, AccusedName, AgeYear, GenderID, PersonID) VALUES (336, 139, 'Qarin Grewal', 18, 2, 'A1');
INSERT INTO Accused (AccusedMasterID, CaseMasterID, AccusedName, AgeYear, GenderID, PersonID) VALUES (337, 139, 'Rudra Sengupta', 32, 1, 'A2');
INSERT INTO Accused (AccusedMasterID, CaseMasterID, AccusedName, AgeYear, GenderID, PersonID) VALUES (338, 139, 'Lopa Agrawal', 35, 2, 'A3');
INSERT INTO ActSectionAssociation (CaseMasterID, ActID, SectionID, ActOrderID, SectionOrderID) VALUES (139, 'IPC', '511', 1, 1);
INSERT INTO ArrestSurrender (ArrestSurrenderID, CaseMasterID, ArrestSurrenderTypeID, ArrestSurrenderDate, ArrestSurrenderStateId, ArrestSurrenderDistrictId, PoliceStationID, IOID, CourtID, AccusedMasterID, IsAccused, IsComplainantAccused) VALUES (100, 139, 1, '2024-07-16', 1, 14, 13, 33, 4, 338, TRUE, FALSE);
INSERT INTO inv_arrestsurrenderaccused (ArrestSurrenderID, AccusedMasterID) VALUES (100, 338);
INSERT INTO ArrestSurrender (ArrestSurrenderID, CaseMasterID, ArrestSurrenderTypeID, ArrestSurrenderDate, ArrestSurrenderStateId, ArrestSurrenderDistrictId, PoliceStationID, IOID, CourtID, AccusedMasterID, IsAccused, IsComplainantAccused) VALUES (101, 139, 2, '2024-07-16', 1, 14, 13, 50, 4, 337, TRUE, FALSE);
INSERT INTO inv_arrestsurrenderaccused (ArrestSurrenderID, AccusedMasterID) VALUES (101, 337);
INSERT INTO Inv_OccuranceTime (CaseMasterID, OccuranceFromDate, OccuranceToDate, PlaceOfOccurance, latitude, longitude) VALUES (139, '2024-07-10T11:58:00', '2024-07-10T12:58:00', 'Randhawa Marg, Hassan', 16.8697997, 78.1796925);
INSERT INTO ChargesheetDetails (CSID, CaseMasterID, csdate, cstype, PolicePersonID) VALUES (35, 139, '2024-09-12', 'A', 43);

INSERT INTO CaseMaster (CaseMasterID, CrimeNo, CaseNo, CrimeRegisteredDate, PolicePersonID, PoliceStationID, CaseCategoryID, GravityOffenceID, CrimeMajorHeadID, CrimeMinorHeadID, CaseStatusID, CourtID, IncidentFromDate, IncidentToDate, InfoReceivedPSDate, latitude, longitude, BriefFacts) VALUES (140, '200220021202500001', '202500001', '2025-08-24', 41, 21, 2, 4, 1, 5, 1, 39, '2025-08-24T23:14:00', '2025-08-25T03:14:00', '2025-08-25T12:14:00', 14.642381, 76.2996176, 'The complainant Arya Bhatnagar, a shopkeeper at Hegde Path, Bagalkot, reported that the accused Advika Jayaraman along with others robbed the shop at knife-point on 2025-08-24 and fled with cash Rs. 50000 and valuables.');
INSERT INTO ComplainantDetails (ComplainantID, CaseMasterID, ComplainantName, AgeYear, OccupationID, ReligionID, CasteID, GenderID) VALUES (140, 140, 'Arya Bhatnagar', 58, 15, 6, 3, 1);
INSERT INTO Victim (VictimMasterID, CaseMasterID, VictimName, AgeYear, GenderID, VictimPolice) VALUES (199, 140, 'Rachit Pau', 10, 3, '0');
INSERT INTO Accused (AccusedMasterID, CaseMasterID, AccusedName, AgeYear, GenderID, PersonID) VALUES (339, 140, 'Advika Jayaraman', 36, 1, 'A1');
INSERT INTO Accused (AccusedMasterID, CaseMasterID, AccusedName, AgeYear, GenderID, PersonID) VALUES (340, 140, 'Ishaan Lala', 39, 2, 'A2');
INSERT INTO ActSectionAssociation (CaseMasterID, ActID, SectionID, ActOrderID, SectionOrderID) VALUES (140, 'NDPS', '27', 1, 1);
INSERT INTO ArrestSurrender (ArrestSurrenderID, CaseMasterID, ArrestSurrenderTypeID, ArrestSurrenderDate, ArrestSurrenderStateId, ArrestSurrenderDistrictId, PoliceStationID, IOID, CourtID, AccusedMasterID, IsAccused, IsComplainantAccused) VALUES (102, 140, 2, '2025-10-01', 1, 22, 21, 67, 39, 339, TRUE, FALSE);
INSERT INTO inv_arrestsurrenderaccused (ArrestSurrenderID, AccusedMasterID) VALUES (102, 339);
INSERT INTO Inv_OccuranceTime (CaseMasterID, OccuranceFromDate, OccuranceToDate, PlaceOfOccurance, latitude, longitude) VALUES (140, '2025-08-24T23:14:00', '2025-08-25T03:14:00', 'Hegde Path, Bagalkot', 14.642381, 76.2996176);

INSERT INTO CaseMaster (CaseMasterID, CrimeNo, CaseNo, CrimeRegisteredDate, PolicePersonID, PoliceStationID, CaseCategoryID, GravityOffenceID, CrimeMajorHeadID, CrimeMinorHeadID, CaseStatusID, CourtID, IncidentFromDate, IncidentToDate, InfoReceivedPSDate, latitude, longitude, BriefFacts) VALUES (141, '300070006202500001', '202500001', '2025-07-18', 57, 6, 3, 1, 1, 5, 5, 5, '2025-07-18T06:08:00', '2025-07-18T06:08:00', '2025-07-18T08:08:00', 11.864748, 78.4640566, 'On 2025-07-18, the complainant Dhriti Rama reported that their bus bearing registration number KA-13-HN-3890 was stolen from Chad Road, Kalaburagi. The vehicle was parked outside the bus stand and was found missing when the complainant returned.');
INSERT INTO ComplainantDetails (ComplainantID, CaseMasterID, ComplainantName, AgeYear, OccupationID, ReligionID, CasteID, GenderID) VALUES (141, 141, 'Dhriti Rama', 32, 9, 7, 4, 1);
INSERT INTO Victim (VictimMasterID, CaseMasterID, VictimName, AgeYear, GenderID, VictimPolice) VALUES (200, 141, 'Ishaan Pall', 51, 2, '0');
INSERT INTO Victim (VictimMasterID, CaseMasterID, VictimName, AgeYear, GenderID, VictimPolice) VALUES (201, 141, 'Dhriti Dalal', 65, 2, '0');
INSERT INTO Victim (VictimMasterID, CaseMasterID, VictimName, AgeYear, GenderID, VictimPolice) VALUES (202, 141, 'Dalaja Dada', 60, 1, '0');
INSERT INTO Accused (AccusedMasterID, CaseMasterID, AccusedName, AgeYear, GenderID, PersonID) VALUES (341, 141, 'Tanvi Gera', 19, 2, 'A1');
INSERT INTO Accused (AccusedMasterID, CaseMasterID, AccusedName, AgeYear, GenderID, PersonID) VALUES (342, 141, 'Kashvi Dhaliwal', 23, 2, 'A2');
INSERT INTO Accused (AccusedMasterID, CaseMasterID, AccusedName, AgeYear, GenderID, PersonID) VALUES (343, 141, 'Omya Devi', 27, 1, 'A3');
INSERT INTO ActSectionAssociation (CaseMasterID, ActID, SectionID, ActOrderID, SectionOrderID) VALUES (141, 'ITA', '67', 1, 1);
INSERT INTO ActSectionAssociation (CaseMasterID, ActID, SectionID, ActOrderID, SectionOrderID) VALUES (141, 'POCSO', '6', 2, 2);
INSERT INTO ArrestSurrender (ArrestSurrenderID, CaseMasterID, ArrestSurrenderTypeID, ArrestSurrenderDate, ArrestSurrenderStateId, ArrestSurrenderDistrictId, PoliceStationID, IOID, CourtID, AccusedMasterID, IsAccused, IsComplainantAccused) VALUES (103, 141, 2, '2025-07-26', 1, 7, 6, 26, 5, 341, TRUE, FALSE);
INSERT INTO inv_arrestsurrenderaccused (ArrestSurrenderID, AccusedMasterID) VALUES (103, 341);
INSERT INTO ArrestSurrender (ArrestSurrenderID, CaseMasterID, ArrestSurrenderTypeID, ArrestSurrenderDate, ArrestSurrenderStateId, ArrestSurrenderDistrictId, PoliceStationID, IOID, CourtID, AccusedMasterID, IsAccused, IsComplainantAccused) VALUES (104, 141, 1, '2025-07-27', 1, 7, 6, 1, 5, 342, TRUE, FALSE);
INSERT INTO inv_arrestsurrenderaccused (ArrestSurrenderID, AccusedMasterID) VALUES (104, 342);
INSERT INTO Inv_OccuranceTime (CaseMasterID, OccuranceFromDate, OccuranceToDate, PlaceOfOccurance, latitude, longitude) VALUES (141, '2025-07-18T06:08:00', '2025-07-18T06:08:00', 'Chad Road, Kalaburagi', 11.864748, 78.4640566);

INSERT INTO CaseMaster (CaseMasterID, CrimeNo, CaseNo, CrimeRegisteredDate, PolicePersonID, PoliceStationID, CaseCategoryID, GravityOffenceID, CrimeMajorHeadID, CrimeMinorHeadID, CaseStatusID, CourtID, IncidentFromDate, IncidentToDate, InfoReceivedPSDate, latitude, longitude, BriefFacts) VALUES (142, '100290028202500002', '202500002', '2025-04-03', 65, 28, 1, 3, 6, 32, 2, 27, '2025-04-03T15:19:00', '2025-04-03T19:19:00', '2025-04-03T20:19:00', 18.2934485, 75.679152, 'The victim Ojas Suri, aged 42, was assaulted by the accused Lavanya Barad near Dey Road, Uttara Kannada on 2025-04-03 at approximately 10:15 PM. The accused used a sharp weapon causing grievous injuries. The victim was rushed to St. John''s Hospital for treatment.');
INSERT INTO ComplainantDetails (ComplainantID, CaseMasterID, ComplainantName, AgeYear, OccupationID, ReligionID, CasteID, GenderID) VALUES (142, 142, 'Quincy Sur', 22, 12, 6, 1, 1);
INSERT INTO Victim (VictimMasterID, CaseMasterID, VictimName, AgeYear, GenderID, VictimPolice) VALUES (203, 142, 'Ojas Suri', 63, 3, '0');
INSERT INTO Accused (AccusedMasterID, CaseMasterID, AccusedName, AgeYear, GenderID, PersonID) VALUES (344, 142, 'Lavanya Barad', 55, 1, 'A1');
INSERT INTO ActSectionAssociation (CaseMasterID, ActID, SectionID, ActOrderID, SectionOrderID) VALUES (142, 'IPC', '427', 1, 1);
INSERT INTO ArrestSurrender (ArrestSurrenderID, CaseMasterID, ArrestSurrenderTypeID, ArrestSurrenderDate, ArrestSurrenderStateId, ArrestSurrenderDistrictId, PoliceStationID, IOID, CourtID, AccusedMasterID, IsAccused, IsComplainantAccused) VALUES (105, 142, 1, '2025-05-18', 1, 29, 28, 67, 27, 344, TRUE, FALSE);
INSERT INTO inv_arrestsurrenderaccused (ArrestSurrenderID, AccusedMasterID) VALUES (105, 344);
INSERT INTO Inv_OccuranceTime (CaseMasterID, OccuranceFromDate, OccuranceToDate, PlaceOfOccurance, latitude, longitude) VALUES (142, '2025-04-03T15:19:00', '2025-04-03T19:19:00', 'Dey Road, Uttara Kannada', 18.2934485, 75.679152);
INSERT INTO ChargesheetDetails (CSID, CaseMasterID, csdate, cstype, PolicePersonID) VALUES (36, 142, '2025-06-20', 'A', 55);

INSERT INTO CaseMaster (CaseMasterID, CrimeNo, CaseNo, CrimeRegisteredDate, PolicePersonID, PoliceStationID, CaseCategoryID, GravityOffenceID, CrimeMajorHeadID, CrimeMinorHeadID, CaseStatusID, CourtID, IncidentFromDate, IncidentToDate, InfoReceivedPSDate, latitude, longitude, BriefFacts) VALUES (143, '200280027202400001', '202400001', '2024-02-04', 55, 27, 2, 3, 3, 20, 2, 35, '2024-02-04T13:48:00', '2024-02-04T13:48:00', '2024-02-04T14:48:00', 14.1795203, 75.3859049, 'On 2024-02-04, at about 5:15 AM, the accused Leena Tiwari along with 6 associates formed an unlawful assembly near Rege Chowk, Dharwad and attacked the complainant Chatresh Parmer with lethal weapons resulting in injuries.');
INSERT INTO ComplainantDetails (ComplainantID, CaseMasterID, ComplainantName, AgeYear, OccupationID, ReligionID, CasteID, GenderID) VALUES (143, 143, 'Chatresh Parmer', 47, 6, 2, 3, 1);
INSERT INTO Victim (VictimMasterID, CaseMasterID, VictimName, AgeYear, GenderID, VictimPolice) VALUES (204, 143, 'Vedhika Deshpande', 30, 2, '0');
INSERT INTO Victim (VictimMasterID, CaseMasterID, VictimName, AgeYear, GenderID, VictimPolice) VALUES (205, 143, 'Ojasvi Sawhney', 19, 2, '0');
INSERT INTO Accused (AccusedMasterID, CaseMasterID, AccusedName, AgeYear, GenderID, PersonID) VALUES (345, 143, 'Leena Tiwari', 30, 1, 'A1');
INSERT INTO ActSectionAssociation (CaseMasterID, ActID, SectionID, ActOrderID, SectionOrderID) VALUES (143, 'NDPS', '20', 1, 1);
INSERT INTO ActSectionAssociation (CaseMasterID, ActID, SectionID, ActOrderID, SectionOrderID) VALUES (143, 'POCSO', '6', 2, 2);
INSERT INTO ActSectionAssociation (CaseMasterID, ActID, SectionID, ActOrderID, SectionOrderID) VALUES (143, 'ITA', '66', 3, 3);
INSERT INTO Inv_OccuranceTime (CaseMasterID, OccuranceFromDate, OccuranceToDate, PlaceOfOccurance, latitude, longitude) VALUES (143, '2024-02-04T13:48:00', '2024-02-04T13:48:00', 'Rege Chowk, Dharwad', 14.1795203, 75.3859049);
INSERT INTO ChargesheetDetails (CSID, CaseMasterID, csdate, cstype, PolicePersonID) VALUES (37, 143, '2024-04-16', 'A', 11);

INSERT INTO CaseMaster (CaseMasterID, CrimeNo, CaseNo, CrimeRegisteredDate, PolicePersonID, PoliceStationID, CaseCategoryID, GravityOffenceID, CrimeMajorHeadID, CrimeMinorHeadID, CaseStatusID, CourtID, IncidentFromDate, IncidentToDate, InfoReceivedPSDate, latitude, longitude, BriefFacts) VALUES (144, '300040003202400002', '202400002', '2024-12-30', 49, 3, 3, 1, 3, 18, 1, 2, '2024-12-30T00:03:00', '2024-12-30T02:03:00', '2024-12-30T14:03:00', 15.7655273, 74.505553, 'On 2024-12-30, the complainant Azaan Kannan reported that unknown persons broke into their residence at Tandon Chowk, Mangaluru (DK) and stole cash amounting to Rs. 2500000 and gold ornaments. The accused Bhavya Ganguly was later identified through CCTV footage from a nearby shop.');
INSERT INTO ComplainantDetails (ComplainantID, CaseMasterID, ComplainantName, AgeYear, OccupationID, ReligionID, CasteID, GenderID) VALUES (144, 144, 'Azaan Kannan', 45, 13, 5, 1, 2);
INSERT INTO Victim (VictimMasterID, CaseMasterID, VictimName, AgeYear, GenderID, VictimPolice) VALUES (206, 144, 'Bachittar Maharaj', 17, 1, '0');
INSERT INTO Victim (VictimMasterID, CaseMasterID, VictimName, AgeYear, GenderID, VictimPolice) VALUES (207, 144, 'Ishaan Loyal', 56, 3, '0');
INSERT INTO Accused (AccusedMasterID, CaseMasterID, AccusedName, AgeYear, GenderID, PersonID) VALUES (346, 144, 'Bhavya Ganguly', 19, 1, 'A1');
INSERT INTO Accused (AccusedMasterID, CaseMasterID, AccusedName, AgeYear, GenderID, PersonID) VALUES (347, 144, 'Benjamin Sastry', 35, 1, 'A2');
INSERT INTO Accused (AccusedMasterID, CaseMasterID, AccusedName, AgeYear, GenderID, PersonID) VALUES (348, 144, 'Pavani Chaudry', 48, 2, 'A3');
INSERT INTO Accused (AccusedMasterID, CaseMasterID, AccusedName, AgeYear, GenderID, PersonID) VALUES (349, 144, 'Chameli Bali', 18, 2, 'A4');
INSERT INTO Accused (AccusedMasterID, CaseMasterID, AccusedName, AgeYear, GenderID, PersonID) VALUES (350, 144, 'Hredhaan Dugal', 20, 2, 'A5');
INSERT INTO ActSectionAssociation (CaseMasterID, ActID, SectionID, ActOrderID, SectionOrderID) VALUES (144, 'ITA', '66C', 1, 1);
INSERT INTO ActSectionAssociation (CaseMasterID, ActID, SectionID, ActOrderID, SectionOrderID) VALUES (144, 'ITA', '67', 2, 2);
INSERT INTO ActSectionAssociation (CaseMasterID, ActID, SectionID, ActOrderID, SectionOrderID) VALUES (144, 'IPC', '406', 3, 3);
INSERT INTO ArrestSurrender (ArrestSurrenderID, CaseMasterID, ArrestSurrenderTypeID, ArrestSurrenderDate, ArrestSurrenderStateId, ArrestSurrenderDistrictId, PoliceStationID, IOID, CourtID, AccusedMasterID, IsAccused, IsComplainantAccused) VALUES (106, 144, 1, '2025-01-17', 1, 4, 3, 19, 2, 346, TRUE, FALSE);
INSERT INTO inv_arrestsurrenderaccused (ArrestSurrenderID, AccusedMasterID) VALUES (106, 346);
INSERT INTO ArrestSurrender (ArrestSurrenderID, CaseMasterID, ArrestSurrenderTypeID, ArrestSurrenderDate, ArrestSurrenderStateId, ArrestSurrenderDistrictId, PoliceStationID, IOID, CourtID, AccusedMasterID, IsAccused, IsComplainantAccused) VALUES (107, 144, 1, '2025-02-23', 1, 4, 3, 17, 2, 349, TRUE, FALSE);
INSERT INTO inv_arrestsurrenderaccused (ArrestSurrenderID, AccusedMasterID) VALUES (107, 349);
INSERT INTO Inv_OccuranceTime (CaseMasterID, OccuranceFromDate, OccuranceToDate, PlaceOfOccurance, latitude, longitude) VALUES (144, '2024-12-30T00:03:00', '2024-12-30T02:03:00', 'Tandon Chowk, Mangaluru (DK)', 15.7655273, 74.505553);

INSERT INTO CaseMaster (CaseMasterID, CrimeNo, CaseNo, CrimeRegisteredDate, PolicePersonID, PoliceStationID, CaseCategoryID, GravityOffenceID, CrimeMajorHeadID, CrimeMinorHeadID, CaseStatusID, CourtID, IncidentFromDate, IncidentToDate, InfoReceivedPSDate, latitude, longitude, BriefFacts) VALUES (145, '400270026202400002', '202400002', '2024-11-17', 12, 26, 4, 3, 8, 44, 7, 30, '2024-11-17T17:15:00', '2024-11-17T18:15:00', '2024-11-17T21:15:00', 15.9047906, 74.4817139, 'The victim Gagan Sarna, aged 24, was assaulted by the accused Warjas Kadakia near Panchal, Chamarajanagara on 2024-11-17 at approximately 7:00 PM. The accused used a sharp weapon causing grievous injuries. The victim was rushed to BGS Global Hospital for treatment.');
INSERT INTO ComplainantDetails (ComplainantID, CaseMasterID, ComplainantName, AgeYear, OccupationID, ReligionID, CasteID, GenderID) VALUES (145, 145, 'Gagan Sarna', 64, 11, 7, 2, 1);
INSERT INTO Victim (VictimMasterID, CaseMasterID, VictimName, AgeYear, GenderID, VictimPolice) VALUES (208, 145, 'Gagan Sarna', 53, 3, '0');
INSERT INTO Accused (AccusedMasterID, CaseMasterID, AccusedName, AgeYear, GenderID, PersonID) VALUES (351, 145, 'Warjas Kadakia', 53, 2, 'A1');
INSERT INTO Accused (AccusedMasterID, CaseMasterID, AccusedName, AgeYear, GenderID, PersonID) VALUES (352, 145, 'Noah Dewan', 32, 2, 'A2');
INSERT INTO Accused (AccusedMasterID, CaseMasterID, AccusedName, AgeYear, GenderID, PersonID) VALUES (353, 145, 'Karan Mital', 25, 1, 'A3');
INSERT INTO ActSectionAssociation (CaseMasterID, ActID, SectionID, ActOrderID, SectionOrderID) VALUES (145, 'NDPS', '27', 1, 1);
INSERT INTO ActSectionAssociation (CaseMasterID, ActID, SectionID, ActOrderID, SectionOrderID) VALUES (145, 'IPC', '147', 2, 2);
INSERT INTO ArrestSurrender (ArrestSurrenderID, CaseMasterID, ArrestSurrenderTypeID, ArrestSurrenderDate, ArrestSurrenderStateId, ArrestSurrenderDistrictId, PoliceStationID, IOID, CourtID, AccusedMasterID, IsAccused, IsComplainantAccused) VALUES (108, 145, 1, '2024-12-06', 1, 27, 26, 76, 30, 352, TRUE, FALSE);
INSERT INTO inv_arrestsurrenderaccused (ArrestSurrenderID, AccusedMasterID) VALUES (108, 352);
INSERT INTO ArrestSurrender (ArrestSurrenderID, CaseMasterID, ArrestSurrenderTypeID, ArrestSurrenderDate, ArrestSurrenderStateId, ArrestSurrenderDistrictId, PoliceStationID, IOID, CourtID, AccusedMasterID, IsAccused, IsComplainantAccused) VALUES (109, 145, 1, '2024-12-21', 1, 27, 26, 50, 30, 351, TRUE, FALSE);
INSERT INTO inv_arrestsurrenderaccused (ArrestSurrenderID, AccusedMasterID) VALUES (109, 351);
INSERT INTO Inv_OccuranceTime (CaseMasterID, OccuranceFromDate, OccuranceToDate, PlaceOfOccurance, latitude, longitude) VALUES (145, '2024-11-17T17:15:00', '2024-11-17T18:15:00', 'Panchal, Chamarajanagara', 15.9047906, 74.4817139);

INSERT INTO CaseMaster (CaseMasterID, CrimeNo, CaseNo, CrimeRegisteredDate, PolicePersonID, PoliceStationID, CaseCategoryID, GravityOffenceID, CrimeMajorHeadID, CrimeMinorHeadID, CaseStatusID, CourtID, IncidentFromDate, IncidentToDate, InfoReceivedPSDate, latitude, longitude, BriefFacts) VALUES (146, '400120011202500001', '202500001', '2025-11-20', 47, 11, 4, 2, 6, 34, 3, 38, '2025-11-20T10:09:00', '2025-11-20T12:09:00', '2025-11-20T15:09:00', 15.9473377, 74.5033432, 'The complainant Daniel Panchal, a shopkeeper at Chandran Circle, Vijayapura, reported that the accused Bimala Loke along with others robbed the shop at knife-point on 2025-11-20 and fled with cash Rs. 100000 and valuables.');
INSERT INTO ComplainantDetails (ComplainantID, CaseMasterID, ComplainantName, AgeYear, OccupationID, ReligionID, CasteID, GenderID) VALUES (146, 146, 'Daniel Panchal', 41, 5, 7, 2, 1);
INSERT INTO Victim (VictimMasterID, CaseMasterID, VictimName, AgeYear, GenderID, VictimPolice) VALUES (209, 146, 'Om Naik', 11, 1, '0');
INSERT INTO Victim (VictimMasterID, CaseMasterID, VictimName, AgeYear, GenderID, VictimPolice) VALUES (210, 146, 'Nisha Bhargava', 55, 2, '0');
INSERT INTO Accused (AccusedMasterID, CaseMasterID, AccusedName, AgeYear, GenderID, PersonID) VALUES (354, 146, 'Bimala Loke', 28, 1, 'A1');
INSERT INTO Accused (AccusedMasterID, CaseMasterID, AccusedName, AgeYear, GenderID, PersonID) VALUES (355, 146, 'Jonathan Deo', 39, 2, 'A2');
INSERT INTO Accused (AccusedMasterID, CaseMasterID, AccusedName, AgeYear, GenderID, PersonID) VALUES (356, 146, 'Madhav Nagy', 40, 2, 'A3');
INSERT INTO ActSectionAssociation (CaseMasterID, ActID, SectionID, ActOrderID, SectionOrderID) VALUES (146, 'IPC', '34', 1, 1);
INSERT INTO ActSectionAssociation (CaseMasterID, ActID, SectionID, ActOrderID, SectionOrderID) VALUES (146, 'POCSO', '6', 2, 2);
INSERT INTO Inv_OccuranceTime (CaseMasterID, OccuranceFromDate, OccuranceToDate, PlaceOfOccurance, latitude, longitude) VALUES (146, '2025-11-20T10:09:00', '2025-11-20T12:09:00', 'Chandran Circle, Vijayapura', 15.9473377, 74.5033432);

INSERT INTO CaseMaster (CaseMasterID, CrimeNo, CaseNo, CrimeRegisteredDate, PolicePersonID, PoliceStationID, CaseCategoryID, GravityOffenceID, CrimeMajorHeadID, CrimeMinorHeadID, CaseStatusID, CourtID, IncidentFromDate, IncidentToDate, InfoReceivedPSDate, latitude, longitude, BriefFacts) VALUES (147, '200240023202600001', '202600001', '2026-01-07', 71, 23, 2, 4, 1, 7, 1, 38, '2026-01-07T09:29:00', '2026-01-07T10:29:00', '2026-01-07T19:29:00', 11.8788631, 78.2055894, 'The complainant Vrishti Dhar reported domestic violence by husband Oeshi Prashad and in-laws. The accused demanded additional dowry of Rs. 50000 and subjected the complainant to physical and mental harassment since 4 years.');
INSERT INTO ComplainantDetails (ComplainantID, CaseMasterID, ComplainantName, AgeYear, OccupationID, ReligionID, CasteID, GenderID) VALUES (147, 147, 'Vrishti Dhar', 31, 2, 1, 5, 2);
INSERT INTO Victim (VictimMasterID, CaseMasterID, VictimName, AgeYear, GenderID, VictimPolice) VALUES (211, 147, 'Vrishti Dhar', 24, 3, '0');
INSERT INTO Accused (AccusedMasterID, CaseMasterID, AccusedName, AgeYear, GenderID, PersonID) VALUES (357, 147, 'Oeshi Prashad', 25, 1, 'A1');
INSERT INTO ActSectionAssociation (CaseMasterID, ActID, SectionID, ActOrderID, SectionOrderID) VALUES (147, 'ITA', '66D', 1, 1);
INSERT INTO ActSectionAssociation (CaseMasterID, ActID, SectionID, ActOrderID, SectionOrderID) VALUES (147, 'NDPS', '27', 2, 2);
INSERT INTO Inv_OccuranceTime (CaseMasterID, OccuranceFromDate, OccuranceToDate, PlaceOfOccurance, latitude, longitude) VALUES (147, '2026-01-07T09:29:00', '2026-01-07T10:29:00', 'Borra Chowk, Chikkaballapura', 11.8788631, 78.2055894);

INSERT INTO CaseMaster (CaseMasterID, CrimeNo, CaseNo, CrimeRegisteredDate, PolicePersonID, PoliceStationID, CaseCategoryID, GravityOffenceID, CrimeMajorHeadID, CrimeMinorHeadID, CaseStatusID, CourtID, IncidentFromDate, IncidentToDate, InfoReceivedPSDate, latitude, longitude, BriefFacts) VALUES (148, '100260025202500001', '202500001', '2025-06-07', 60, 25, 1, 4, 3, 18, 2, 29, '2025-06-07T20:42:00', '2025-06-08T00:42:00', '2025-06-08T03:42:00', 12.9905629, 77.6116659, 'The complainant Neha Varma, a shopkeeper at Narang Chowk, Yadgir, reported that the accused Jyoti Sha along with others robbed the shop at knife-point on 2025-06-07 and fled with cash Rs. 25000 and valuables.');
INSERT INTO ComplainantDetails (ComplainantID, CaseMasterID, ComplainantName, AgeYear, OccupationID, ReligionID, CasteID, GenderID) VALUES (148, 148, 'Neha Varma', 64, 1, 4, 5, 2);
INSERT INTO Victim (VictimMasterID, CaseMasterID, VictimName, AgeYear, GenderID, VictimPolice) VALUES (212, 148, 'Neha Varma', 73, 3, '0');
INSERT INTO Accused (AccusedMasterID, CaseMasterID, AccusedName, AgeYear, GenderID, PersonID) VALUES (358, 148, 'Jyoti Sha', 31, 1, 'A1');
INSERT INTO Accused (AccusedMasterID, CaseMasterID, AccusedName, AgeYear, GenderID, PersonID) VALUES (359, 148, 'Girik Shanker', 29, 1, 'A2');
INSERT INTO Accused (AccusedMasterID, CaseMasterID, AccusedName, AgeYear, GenderID, PersonID) VALUES (360, 148, 'Dev Warrior', 38, 1, 'A3');
INSERT INTO ActSectionAssociation (CaseMasterID, ActID, SectionID, ActOrderID, SectionOrderID) VALUES (148, 'NDPS', '27', 1, 1);
INSERT INTO ArrestSurrender (ArrestSurrenderID, CaseMasterID, ArrestSurrenderTypeID, ArrestSurrenderDate, ArrestSurrenderStateId, ArrestSurrenderDistrictId, PoliceStationID, IOID, CourtID, AccusedMasterID, IsAccused, IsComplainantAccused) VALUES (110, 148, 2, '2025-07-12', 1, 26, 25, 5, 29, 358, TRUE, FALSE);
INSERT INTO inv_arrestsurrenderaccused (ArrestSurrenderID, AccusedMasterID) VALUES (110, 358);
INSERT INTO Inv_OccuranceTime (CaseMasterID, OccuranceFromDate, OccuranceToDate, PlaceOfOccurance, latitude, longitude) VALUES (148, '2025-06-07T20:42:00', '2025-06-08T00:42:00', 'Narang Chowk, Yadgir', 12.9905629, 77.6116659);
INSERT INTO ChargesheetDetails (CSID, CaseMasterID, csdate, cstype, PolicePersonID) VALUES (38, 148, '2025-07-28', 'A', 16);

INSERT INTO CaseMaster (CaseMasterID, CrimeNo, CaseNo, CrimeRegisteredDate, PolicePersonID, PoliceStationID, CaseCategoryID, GravityOffenceID, CrimeMajorHeadID, CrimeMinorHeadID, CaseStatusID, CourtID, IncidentFromDate, IncidentToDate, InfoReceivedPSDate, latitude, longitude, BriefFacts) VALUES (149, '800110010202400001', '202400001', '2024-09-21', 47, 10, 8, 2, 5, 28, 7, 1, '2024-09-21T09:42:00', '2024-09-21T13:42:00', '2024-09-21T20:42:00', 13.0287076, 77.574531, 'On 2024-09-21, at about 6:15 AM, the accused Ekantika Mander along with 3 associates formed an unlawful assembly near De Path, Raichur and attacked the complainant Siddharth Talwar with lethal weapons resulting in injuries.');
INSERT INTO ComplainantDetails (ComplainantID, CaseMasterID, ComplainantName, AgeYear, OccupationID, ReligionID, CasteID, GenderID) VALUES (149, 149, 'Siddharth Talwar', 59, 14, 1, 5, 2);
INSERT INTO Victim (VictimMasterID, CaseMasterID, VictimName, AgeYear, GenderID, VictimPolice) VALUES (213, 149, 'Siddharth Talwar', 25, 2, '0');
INSERT INTO Accused (AccusedMasterID, CaseMasterID, AccusedName, AgeYear, GenderID, PersonID) VALUES (361, 149, 'Ekantika Mander', 45, 1, 'A1');
INSERT INTO Accused (AccusedMasterID, CaseMasterID, AccusedName, AgeYear, GenderID, PersonID) VALUES (362, 149, 'Hemal Bava', 22, 2, 'A2');
INSERT INTO Accused (AccusedMasterID, CaseMasterID, AccusedName, AgeYear, GenderID, PersonID) VALUES (363, 149, 'Hardik Sharaf', 30, 2, 'A3');
INSERT INTO Accused (AccusedMasterID, CaseMasterID, AccusedName, AgeYear, GenderID, PersonID) VALUES (364, 149, 'Jeet Dugar', 50, 1, 'A4');
INSERT INTO Accused (AccusedMasterID, CaseMasterID, AccusedName, AgeYear, GenderID, PersonID) VALUES (365, 149, 'Tanmayi Acharya', 27, 2, 'A5');
INSERT INTO ActSectionAssociation (CaseMasterID, ActID, SectionID, ActOrderID, SectionOrderID) VALUES (149, 'ITA', '66', 1, 1);
INSERT INTO ActSectionAssociation (CaseMasterID, ActID, SectionID, ActOrderID, SectionOrderID) VALUES (149, 'NDPS', '20', 2, 2);
INSERT INTO ArrestSurrender (ArrestSurrenderID, CaseMasterID, ArrestSurrenderTypeID, ArrestSurrenderDate, ArrestSurrenderStateId, ArrestSurrenderDistrictId, PoliceStationID, IOID, CourtID, AccusedMasterID, IsAccused, IsComplainantAccused) VALUES (111, 149, 1, '2024-10-17', 1, 11, 10, 43, 1, 365, TRUE, FALSE);
INSERT INTO inv_arrestsurrenderaccused (ArrestSurrenderID, AccusedMasterID) VALUES (111, 365);
INSERT INTO Inv_OccuranceTime (CaseMasterID, OccuranceFromDate, OccuranceToDate, PlaceOfOccurance, latitude, longitude) VALUES (149, '2024-09-21T09:42:00', '2024-09-21T13:42:00', 'De Path, Raichur', 13.0287076, 77.574531);

INSERT INTO CaseMaster (CaseMasterID, CrimeNo, CaseNo, CrimeRegisteredDate, PolicePersonID, PoliceStationID, CaseCategoryID, GravityOffenceID, CrimeMajorHeadID, CrimeMinorHeadID, CaseStatusID, CourtID, IncidentFromDate, IncidentToDate, InfoReceivedPSDate, latitude, longitude, BriefFacts) VALUES (150, '100130012202600001', '202600001', '2026-07-05', 43, 12, 1, 3, 2, 10, 5, 15, '2026-07-05T12:06:00', '2026-07-05T12:06:00', '2026-07-05T14:06:00', 12.877255, 77.686423, 'The complainant Samaksh Deo, a shopkeeper at Prabhu Zila, Davanagere, reported that the accused Jalsa Krishna along with others robbed the shop at knife-point on 2026-07-05 and fled with cash Rs. 100000 and valuables.');
INSERT INTO ComplainantDetails (ComplainantID, CaseMasterID, ComplainantName, AgeYear, OccupationID, ReligionID, CasteID, GenderID) VALUES (150, 150, 'Samaksh Deo', 54, 13, 4, 5, 1);
INSERT INTO Victim (VictimMasterID, CaseMasterID, VictimName, AgeYear, GenderID, VictimPolice) VALUES (214, 150, 'Nathan Mahal', 70, 3, '0');
INSERT INTO Accused (AccusedMasterID, CaseMasterID, AccusedName, AgeYear, GenderID, PersonID) VALUES (366, 150, 'Jalsa Krishna', 42, 2, 'A1');
INSERT INTO ActSectionAssociation (CaseMasterID, ActID, SectionID, ActOrderID, SectionOrderID) VALUES (150, 'POCSO', '8', 1, 1);
INSERT INTO Inv_OccuranceTime (CaseMasterID, OccuranceFromDate, OccuranceToDate, PlaceOfOccurance, latitude, longitude) VALUES (150, '2026-07-05T12:06:00', '2026-07-05T12:06:00', 'Prabhu Zila, Davanagere', 12.877255, 77.686423);

INSERT INTO CaseMaster (CaseMasterID, CrimeNo, CaseNo, CrimeRegisteredDate, PolicePersonID, PoliceStationID, CaseCategoryID, GravityOffenceID, CrimeMajorHeadID, CrimeMinorHeadID, CaseStatusID, CourtID, IncidentFromDate, IncidentToDate, InfoReceivedPSDate, latitude, longitude, BriefFacts) VALUES (151, '800150014202500001', '202500001', '2025-07-11', 59, 14, 8, 2, 5, 29, 7, 30, '2025-07-11T22:56:00', '2025-07-11T23:56:00', '2025-07-12T03:56:00', 15.4226631, 75.1062146, 'A cyber fraud was reported by Charles Randhawa. The accused posed as a bank official and obtained OTP and banking credentials through a phone call on 2025-07-11. An amount of Rs. 50000 was fraudulently transferred from the complainant''s account.');
INSERT INTO ComplainantDetails (ComplainantID, CaseMasterID, ComplainantName, AgeYear, OccupationID, ReligionID, CasteID, GenderID) VALUES (151, 151, 'Charles Randhawa', 28, 16, 4, 5, 1);
INSERT INTO Victim (VictimMasterID, CaseMasterID, VictimName, AgeYear, GenderID, VictimPolice) VALUES (215, 151, 'Vivaan Sanghvi', 29, 3, '1');
INSERT INTO Accused (AccusedMasterID, CaseMasterID, AccusedName, AgeYear, GenderID, PersonID) VALUES (367, 151, 'Abhiram Mistry', 52, 2, 'A1');
INSERT INTO Accused (AccusedMasterID, CaseMasterID, AccusedName, AgeYear, GenderID, PersonID) VALUES (368, 151, 'Tanay Sood', 51, 1, 'A2');
INSERT INTO ActSectionAssociation (CaseMasterID, ActID, SectionID, ActOrderID, SectionOrderID) VALUES (151, 'ITA', '66C', 1, 1);
INSERT INTO ActSectionAssociation (CaseMasterID, ActID, SectionID, ActOrderID, SectionOrderID) VALUES (151, 'NDPS', '20', 2, 2);
INSERT INTO ActSectionAssociation (CaseMasterID, ActID, SectionID, ActOrderID, SectionOrderID) VALUES (151, 'IPC', '406', 3, 3);
INSERT INTO Inv_OccuranceTime (CaseMasterID, OccuranceFromDate, OccuranceToDate, PlaceOfOccurance, latitude, longitude) VALUES (151, '2025-07-11T22:56:00', '2025-07-11T23:56:00', 'Chandran Zila, Chitradurga', 15.4226631, 75.1062146);

INSERT INTO CaseMaster (CaseMasterID, CrimeNo, CaseNo, CrimeRegisteredDate, PolicePersonID, PoliceStationID, CaseCategoryID, GravityOffenceID, CrimeMajorHeadID, CrimeMinorHeadID, CaseStatusID, CourtID, IncidentFromDate, IncidentToDate, InfoReceivedPSDate, latitude, longitude, BriefFacts) VALUES (152, '800130012202300001', '202300001', '2023-10-07', 7, 12, 8, 4, 6, 32, 1, 24, '2023-10-07T17:54:00', '2023-10-07T17:54:00', '2023-10-07T21:54:00', 13.8657102, 77.0557843, 'On 2023-10-07, the complainant Zilmil Saxena reported that their lorry bearing registration number KA-40-PB-6828 was stolen from Sami Zila, Davanagere. The vehicle was parked outside a shopping mall and was found missing when the complainant returned.');
INSERT INTO ComplainantDetails (ComplainantID, CaseMasterID, ComplainantName, AgeYear, OccupationID, ReligionID, CasteID, GenderID) VALUES (152, 152, 'Zilmil Saxena', 20, 12, 6, 2, 2);
INSERT INTO Victim (VictimMasterID, CaseMasterID, VictimName, AgeYear, GenderID, VictimPolice) VALUES (216, 152, 'Zilmil Saxena', 17, 2, '0');
INSERT INTO Accused (AccusedMasterID, CaseMasterID, AccusedName, AgeYear, GenderID, PersonID) VALUES (369, 152, 'Abhiram Oza', 50, 1, 'A1');
INSERT INTO ActSectionAssociation (CaseMasterID, ActID, SectionID, ActOrderID, SectionOrderID) VALUES (152, 'IPC', '509', 1, 1);
INSERT INTO ActSectionAssociation (CaseMasterID, ActID, SectionID, ActOrderID, SectionOrderID) VALUES (152, 'IPC', '324', 2, 2);
INSERT INTO Inv_OccuranceTime (CaseMasterID, OccuranceFromDate, OccuranceToDate, PlaceOfOccurance, latitude, longitude) VALUES (152, '2023-10-07T17:54:00', '2023-10-07T17:54:00', 'Sami Zila, Davanagere', 13.8657102, 77.0557843);

INSERT INTO CaseMaster (CaseMasterID, CrimeNo, CaseNo, CrimeRegisteredDate, PolicePersonID, PoliceStationID, CaseCategoryID, GravityOffenceID, CrimeMajorHeadID, CrimeMinorHeadID, CaseStatusID, CourtID, IncidentFromDate, IncidentToDate, InfoReceivedPSDate, latitude, longitude, BriefFacts) VALUES (153, '300090008202500002', '202500002', '2025-08-12', 61, 8, 3, 4, 4, 24, 1, 28, '2025-08-12T14:42:00', '2025-08-12T17:42:00', '2025-08-12T19:42:00', 15.2549917, 75.2126675, 'On 2025-08-12, the complainant Ekavir Karnik reported that unknown persons broke into their residence at Munshi Zila, Tumakuru and stole cash amounting to Rs. 100000 and gold ornaments. The accused Gaurav Chaudry was later identified through CCTV footage from a nearby shop.');
INSERT INTO ComplainantDetails (ComplainantID, CaseMasterID, ComplainantName, AgeYear, OccupationID, ReligionID, CasteID, GenderID) VALUES (153, 153, 'Ekavir Karnik', 51, 16, 7, 2, 2);
INSERT INTO Victim (VictimMasterID, CaseMasterID, VictimName, AgeYear, GenderID, VictimPolice) VALUES (217, 153, 'Ekavir Karnik', 56, 3, '0');
INSERT INTO Victim (VictimMasterID, CaseMasterID, VictimName, AgeYear, GenderID, VictimPolice) VALUES (218, 153, 'Chandani Devan', 54, 1, '0');
INSERT INTO Accused (AccusedMasterID, CaseMasterID, AccusedName, AgeYear, GenderID, PersonID) VALUES (370, 153, 'Gaurav Chaudry', 19, 1, 'A1');
INSERT INTO ActSectionAssociation (CaseMasterID, ActID, SectionID, ActOrderID, SectionOrderID) VALUES (153, 'POCSO', '8', 1, 1);
INSERT INTO ArrestSurrender (ArrestSurrenderID, CaseMasterID, ArrestSurrenderTypeID, ArrestSurrenderDate, ArrestSurrenderStateId, ArrestSurrenderDistrictId, PoliceStationID, IOID, CourtID, AccusedMasterID, IsAccused, IsComplainantAccused) VALUES (112, 153, 2, '2025-09-24', 1, 9, 8, 55, 28, 370, TRUE, FALSE);
INSERT INTO inv_arrestsurrenderaccused (ArrestSurrenderID, AccusedMasterID) VALUES (112, 370);
INSERT INTO Inv_OccuranceTime (CaseMasterID, OccuranceFromDate, OccuranceToDate, PlaceOfOccurance, latitude, longitude) VALUES (153, '2025-08-12T14:42:00', '2025-08-12T17:42:00', 'Munshi Zila, Tumakuru', 15.2549917, 75.2126675);

INSERT INTO CaseMaster (CaseMasterID, CrimeNo, CaseNo, CrimeRegisteredDate, PolicePersonID, PoliceStationID, CaseCategoryID, GravityOffenceID, CrimeMajorHeadID, CrimeMinorHeadID, CaseStatusID, CourtID, IncidentFromDate, IncidentToDate, InfoReceivedPSDate, latitude, longitude, BriefFacts) VALUES (154, '800250024202400001', '202400001', '2024-09-05', 2, 24, 8, 4, 5, 31, 1, 32, '2024-09-05T16:11:00', '2024-09-05T17:11:00', '2024-09-05T21:11:00', 15.8501071, 74.5264599, 'On 2024-09-05, the complainant Luke Biswas reported that their car bearing registration number KA-55-SU-3436 was stolen from Savant Marg, Chikkamagaluru. The vehicle was parked outside a residential apartment and was found missing when the complainant returned.');
INSERT INTO ComplainantDetails (ComplainantID, CaseMasterID, ComplainantName, AgeYear, OccupationID, ReligionID, CasteID, GenderID) VALUES (154, 154, 'Luke Biswas', 29, 14, 1, 5, 1);
INSERT INTO Victim (VictimMasterID, CaseMasterID, VictimName, AgeYear, GenderID, VictimPolice) VALUES (219, 154, 'Nitesh Sarraf', 11, 2, '0');
INSERT INTO Accused (AccusedMasterID, CaseMasterID, AccusedName, AgeYear, GenderID, PersonID) VALUES (371, 154, 'Tanay Doshi', 32, 1, 'A1');
INSERT INTO ActSectionAssociation (CaseMasterID, ActID, SectionID, ActOrderID, SectionOrderID) VALUES (154, 'ITA', '67', 1, 1);
INSERT INTO ActSectionAssociation (CaseMasterID, ActID, SectionID, ActOrderID, SectionOrderID) VALUES (154, 'IPC', '34', 2, 2);
INSERT INTO ArrestSurrender (ArrestSurrenderID, CaseMasterID, ArrestSurrenderTypeID, ArrestSurrenderDate, ArrestSurrenderStateId, ArrestSurrenderDistrictId, PoliceStationID, IOID, CourtID, AccusedMasterID, IsAccused, IsComplainantAccused) VALUES (113, 154, 2, '2024-09-12', 1, 25, 24, 47, 32, 371, TRUE, FALSE);
INSERT INTO inv_arrestsurrenderaccused (ArrestSurrenderID, AccusedMasterID) VALUES (113, 371);
INSERT INTO Inv_OccuranceTime (CaseMasterID, OccuranceFromDate, OccuranceToDate, PlaceOfOccurance, latitude, longitude) VALUES (154, '2024-09-05T16:11:00', '2024-09-05T17:11:00', 'Savant Marg, Chikkamagaluru', 15.8501071, 74.5264599);

INSERT INTO CaseMaster (CaseMasterID, CrimeNo, CaseNo, CrimeRegisteredDate, PolicePersonID, PoliceStationID, CaseCategoryID, GravityOffenceID, CrimeMajorHeadID, CrimeMinorHeadID, CaseStatusID, CourtID, IncidentFromDate, IncidentToDate, InfoReceivedPSDate, latitude, longitude, BriefFacts) VALUES (155, '300130012202600001', '202600001', '2026-02-10', 54, 12, 3, 2, 3, 21, 5, 12, '2026-02-10T09:30:00', '2026-02-10T11:30:00', '2026-02-10T20:30:00', 12.9480977, 77.5573438, 'On 2026-02-10, at about 5:00 PM, the accused Pallavi Malhotra along with 6 associates formed an unlawful assembly near Rajagopalan Zila, Davanagere and attacked the complainant Harish Dey with lethal weapons resulting in injuries.');
INSERT INTO ComplainantDetails (ComplainantID, CaseMasterID, ComplainantName, AgeYear, OccupationID, ReligionID, CasteID, GenderID) VALUES (155, 155, 'Harish Dey', 33, 13, 1, 1, 1);
INSERT INTO Victim (VictimMasterID, CaseMasterID, VictimName, AgeYear, GenderID, VictimPolice) VALUES (220, 155, 'Harish Dey', 20, 1, '0');
INSERT INTO Accused (AccusedMasterID, CaseMasterID, AccusedName, AgeYear, GenderID, PersonID) VALUES (372, 155, 'Pallavi Malhotra', 30, 1, 'A1');
INSERT INTO Accused (AccusedMasterID, CaseMasterID, AccusedName, AgeYear, GenderID, PersonID) VALUES (373, 155, 'Pushti Murty', 24, 1, 'A2');
INSERT INTO Accused (AccusedMasterID, CaseMasterID, AccusedName, AgeYear, GenderID, PersonID) VALUES (374, 155, 'Yug Malhotra', 39, 2, 'A3');
INSERT INTO Accused (AccusedMasterID, CaseMasterID, AccusedName, AgeYear, GenderID, PersonID) VALUES (375, 155, 'Yuvraj Mane', 30, 1, 'A4');
INSERT INTO Accused (AccusedMasterID, CaseMasterID, AccusedName, AgeYear, GenderID, PersonID) VALUES (376, 155, 'Kevin Palla', 44, 2, 'A5');
INSERT INTO ActSectionAssociation (CaseMasterID, ActID, SectionID, ActOrderID, SectionOrderID) VALUES (155, 'POCSO', '6', 1, 1);
INSERT INTO ActSectionAssociation (CaseMasterID, ActID, SectionID, ActOrderID, SectionOrderID) VALUES (155, 'ITA', '66', 2, 2);
INSERT INTO ArrestSurrender (ArrestSurrenderID, CaseMasterID, ArrestSurrenderTypeID, ArrestSurrenderDate, ArrestSurrenderStateId, ArrestSurrenderDistrictId, PoliceStationID, IOID, CourtID, AccusedMasterID, IsAccused, IsComplainantAccused) VALUES (114, 155, 2, '2026-03-20', 1, 13, 12, 17, 12, 373, TRUE, FALSE);
INSERT INTO inv_arrestsurrenderaccused (ArrestSurrenderID, AccusedMasterID) VALUES (114, 373);
INSERT INTO Inv_OccuranceTime (CaseMasterID, OccuranceFromDate, OccuranceToDate, PlaceOfOccurance, latitude, longitude) VALUES (155, '2026-02-10T09:30:00', '2026-02-10T11:30:00', 'Rajagopalan Zila, Davanagere', 12.9480977, 77.5573438);

INSERT INTO CaseMaster (CaseMasterID, CrimeNo, CaseNo, CrimeRegisteredDate, PolicePersonID, PoliceStationID, CaseCategoryID, GravityOffenceID, CrimeMajorHeadID, CrimeMinorHeadID, CaseStatusID, CourtID, IncidentFromDate, IncidentToDate, InfoReceivedPSDate, latitude, longitude, BriefFacts) VALUES (156, '300030002202500001', '202500001', '2025-11-13', 73, 2, 3, 1, 2, 13, 3, 26, '2025-11-13T05:28:00', '2025-11-13T09:28:00', '2025-11-13T15:28:00', 12.9599758, 74.7454012, 'The complainant Charvi Jha, a shopkeeper at Chowdhury Marg, Mysuru, reported that the accused Wriddhish Talwar along with others robbed the shop at knife-point on 2025-11-13 and fled with cash Rs. 50000 and valuables.');
INSERT INTO ComplainantDetails (ComplainantID, CaseMasterID, ComplainantName, AgeYear, OccupationID, ReligionID, CasteID, GenderID) VALUES (156, 156, 'Charvi Jha', 27, 6, 2, 1, 1);
INSERT INTO Victim (VictimMasterID, CaseMasterID, VictimName, AgeYear, GenderID, VictimPolice) VALUES (221, 156, 'Manya Merchant', 23, 2, '0');
INSERT INTO Accused (AccusedMasterID, CaseMasterID, AccusedName, AgeYear, GenderID, PersonID) VALUES (377, 156, 'Wriddhish Talwar', 21, 1, 'A1');
INSERT INTO ActSectionAssociation (CaseMasterID, ActID, SectionID, ActOrderID, SectionOrderID) VALUES (156, 'IPC', '302', 1, 1);
INSERT INTO Inv_OccuranceTime (CaseMasterID, OccuranceFromDate, OccuranceToDate, PlaceOfOccurance, latitude, longitude) VALUES (156, '2025-11-13T05:28:00', '2025-11-13T09:28:00', 'Chowdhury Marg, Mysuru', 12.9599758, 74.7454012);

INSERT INTO CaseMaster (CaseMasterID, CrimeNo, CaseNo, CrimeRegisteredDate, PolicePersonID, PoliceStationID, CaseCategoryID, GravityOffenceID, CrimeMajorHeadID, CrimeMinorHeadID, CaseStatusID, CourtID, IncidentFromDate, IncidentToDate, InfoReceivedPSDate, latitude, longitude, BriefFacts) VALUES (157, '800130012202400001', '202400001', '2024-04-03', 42, 12, 8, 1, 6, 36, 1, 9, '2024-04-03T20:52:00', '2024-04-03T20:52:00', '2024-04-04T01:52:00', 12.828079, 74.9819723, 'A case of cheating was reported by Advik Patel stating that the accused Kevin Ram fraudulently obtained Rs. 500000 by promising a job in a government department. The accused collected money over a period of 8 months and disappeared.');
INSERT INTO ComplainantDetails (ComplainantID, CaseMasterID, ComplainantName, AgeYear, OccupationID, ReligionID, CasteID, GenderID) VALUES (157, 157, 'Advik Patel', 47, 12, 2, 4, 1);
INSERT INTO Victim (VictimMasterID, CaseMasterID, VictimName, AgeYear, GenderID, VictimPolice) VALUES (222, 157, 'Advik Patel', 63, 1, '0');
INSERT INTO Accused (AccusedMasterID, CaseMasterID, AccusedName, AgeYear, GenderID, PersonID) VALUES (378, 157, 'Kevin Ram', 54, 2, 'A1');
INSERT INTO ActSectionAssociation (CaseMasterID, ActID, SectionID, ActOrderID, SectionOrderID) VALUES (157, 'NDPS', '27', 1, 1);
INSERT INTO ActSectionAssociation (CaseMasterID, ActID, SectionID, ActOrderID, SectionOrderID) VALUES (157, 'POCSO', '4', 2, 2);
INSERT INTO Inv_OccuranceTime (CaseMasterID, OccuranceFromDate, OccuranceToDate, PlaceOfOccurance, latitude, longitude) VALUES (157, '2024-04-03T20:52:00', '2024-04-03T20:52:00', 'Salvi, Davanagere', 12.828079, 74.9819723);

INSERT INTO CaseMaster (CaseMasterID, CrimeNo, CaseNo, CrimeRegisteredDate, PolicePersonID, PoliceStationID, CaseCategoryID, GravityOffenceID, CrimeMajorHeadID, CrimeMinorHeadID, CaseStatusID, CourtID, IncidentFromDate, IncidentToDate, InfoReceivedPSDate, latitude, longitude, BriefFacts) VALUES (158, '400230022202400001', '202400001', '2024-08-17', 78, 22, 4, 2, 1, 5, 1, 28, '2024-08-17T23:48:00', '2024-08-17T23:48:00', '2024-08-18T08:48:00', 15.8991293, 74.5337236, 'The victim Urishilla Bora, aged 18, was assaulted by the accused Ekansh Atwal near Kale Road, Ramanagara on 2024-08-17 at approximately 11:00 PM. The accused used a sharp weapon causing grievous injuries. The victim was rushed to St. John''s Hospital for treatment.');
INSERT INTO ComplainantDetails (ComplainantID, CaseMasterID, ComplainantName, AgeYear, OccupationID, ReligionID, CasteID, GenderID) VALUES (158, 158, 'Urishilla Bora', 28, 16, 7, 5, 2);
INSERT INTO Victim (VictimMasterID, CaseMasterID, VictimName, AgeYear, GenderID, VictimPolice) VALUES (223, 158, 'Urishilla Bora', 44, 2, '0');
INSERT INTO Victim (VictimMasterID, CaseMasterID, VictimName, AgeYear, GenderID, VictimPolice) VALUES (224, 158, 'Darpan Rao', 36, 1, '0');
INSERT INTO Accused (AccusedMasterID, CaseMasterID, AccusedName, AgeYear, GenderID, PersonID) VALUES (379, 158, 'Ekansh Atwal', 52, 1, 'A1');
INSERT INTO ActSectionAssociation (CaseMasterID, ActID, SectionID, ActOrderID, SectionOrderID) VALUES (158, 'IPC', '323', 1, 1);
INSERT INTO ArrestSurrender (ArrestSurrenderID, CaseMasterID, ArrestSurrenderTypeID, ArrestSurrenderDate, ArrestSurrenderStateId, ArrestSurrenderDistrictId, PoliceStationID, IOID, CourtID, AccusedMasterID, IsAccused, IsComplainantAccused) VALUES (115, 158, 1, '2024-08-26', 1, 23, 22, 29, 28, 379, TRUE, FALSE);
INSERT INTO inv_arrestsurrenderaccused (ArrestSurrenderID, AccusedMasterID) VALUES (115, 379);
INSERT INTO Inv_OccuranceTime (CaseMasterID, OccuranceFromDate, OccuranceToDate, PlaceOfOccurance, latitude, longitude) VALUES (158, '2024-08-17T23:48:00', '2024-08-17T23:48:00', 'Kale Road, Ramanagara', 15.8991293, 74.5337236);

INSERT INTO CaseMaster (CaseMasterID, CrimeNo, CaseNo, CrimeRegisteredDate, PolicePersonID, PoliceStationID, CaseCategoryID, GravityOffenceID, CrimeMajorHeadID, CrimeMinorHeadID, CaseStatusID, CourtID, IncidentFromDate, IncidentToDate, InfoReceivedPSDate, latitude, longitude, BriefFacts) VALUES (159, '100090008202500001', '202500001', '2025-01-19', 55, 8, 1, 4, 2, 10, 1, 19, '2025-01-19T03:31:00', '2025-01-19T04:31:00', '2025-01-19T05:31:00', 15.8190518, 74.424663, 'The complainant Pallavi Ratti reported domestic violence by husband Michael Mall and in-laws. The accused demanded additional dowry of Rs. 10000 and subjected the complainant to physical and mental harassment since 2 years.');
INSERT INTO ComplainantDetails (ComplainantID, CaseMasterID, ComplainantName, AgeYear, OccupationID, ReligionID, CasteID, GenderID) VALUES (159, 159, 'Pallavi Ratti', 26, 9, 4, 3, 2);
INSERT INTO Victim (VictimMasterID, CaseMasterID, VictimName, AgeYear, GenderID, VictimPolice) VALUES (225, 159, 'Pallavi Ratti', 14, 1, '0');
INSERT INTO Victim (VictimMasterID, CaseMasterID, VictimName, AgeYear, GenderID, VictimPolice) VALUES (226, 159, 'Yasti Jani', 24, 3, '0');
INSERT INTO Accused (AccusedMasterID, CaseMasterID, AccusedName, AgeYear, GenderID, PersonID) VALUES (380, 159, 'Michael Mall', 46, 2, 'A1');
INSERT INTO ActSectionAssociation (CaseMasterID, ActID, SectionID, ActOrderID, SectionOrderID) VALUES (159, 'IPC', '147', 1, 1);
INSERT INTO ArrestSurrender (ArrestSurrenderID, CaseMasterID, ArrestSurrenderTypeID, ArrestSurrenderDate, ArrestSurrenderStateId, ArrestSurrenderDistrictId, PoliceStationID, IOID, CourtID, AccusedMasterID, IsAccused, IsComplainantAccused) VALUES (116, 159, 2, '2025-01-24', 1, 9, 8, 17, 19, 380, TRUE, FALSE);
INSERT INTO inv_arrestsurrenderaccused (ArrestSurrenderID, AccusedMasterID) VALUES (116, 380);
INSERT INTO Inv_OccuranceTime (CaseMasterID, OccuranceFromDate, OccuranceToDate, PlaceOfOccurance, latitude, longitude) VALUES (159, '2025-01-19T03:31:00', '2025-01-19T04:31:00', 'Mukherjee Zila, Tumakuru', 15.8190518, 74.424663);

INSERT INTO CaseMaster (CaseMasterID, CrimeNo, CaseNo, CrimeRegisteredDate, PolicePersonID, PoliceStationID, CaseCategoryID, GravityOffenceID, CrimeMajorHeadID, CrimeMinorHeadID, CaseStatusID, CourtID, IncidentFromDate, IncidentToDate, InfoReceivedPSDate, latitude, longitude, BriefFacts) VALUES (160, '200260025202600001', '202600001', '2026-06-15', 50, 25, 2, 3, 3, 21, 2, 31, '2026-06-15T10:08:00', '2026-06-15T11:08:00', '2026-06-15T17:08:00', 14.3976104, 77.5707572, 'On 2026-06-15, the Anti-Narcotics squad conducted a raid at Saraf Zila, Yadgir and seized 1000 grams of MDMA from the possession of the accused Dalbir Konda. The accused was found to be part of a supply chain operating across Hubballi-Dharwad and Bidar.');
INSERT INTO ComplainantDetails (ComplainantID, CaseMasterID, ComplainantName, AgeYear, OccupationID, ReligionID, CasteID, GenderID) VALUES (160, 160, 'Eta Raman', 27, 2, 3, 3, 1);
INSERT INTO Victim (VictimMasterID, CaseMasterID, VictimName, AgeYear, GenderID, VictimPolice) VALUES (227, 160, 'Dayita Sarkar', 23, 3, '0');
INSERT INTO Accused (AccusedMasterID, CaseMasterID, AccusedName, AgeYear, GenderID, PersonID) VALUES (381, 160, 'Dalbir Konda', 33, 1, 'A1');
INSERT INTO Accused (AccusedMasterID, CaseMasterID, AccusedName, AgeYear, GenderID, PersonID) VALUES (382, 160, 'Sudiksha Bhakta', 21, 1, 'A2');
INSERT INTO Accused (AccusedMasterID, CaseMasterID, AccusedName, AgeYear, GenderID, PersonID) VALUES (383, 160, 'Janya Baral', 27, 2, 'A3');
INSERT INTO Accused (AccusedMasterID, CaseMasterID, AccusedName, AgeYear, GenderID, PersonID) VALUES (384, 160, 'Parth Dar', 45, 2, 'A4');
INSERT INTO Accused (AccusedMasterID, CaseMasterID, AccusedName, AgeYear, GenderID, PersonID) VALUES (385, 160, 'Diya Bora', 55, 1, 'A5');
INSERT INTO ActSectionAssociation (CaseMasterID, ActID, SectionID, ActOrderID, SectionOrderID) VALUES (160, 'NDPS', '20', 1, 1);
INSERT INTO ActSectionAssociation (CaseMasterID, ActID, SectionID, ActOrderID, SectionOrderID) VALUES (160, 'NDPS', '22', 2, 2);
INSERT INTO ArrestSurrender (ArrestSurrenderID, CaseMasterID, ArrestSurrenderTypeID, ArrestSurrenderDate, ArrestSurrenderStateId, ArrestSurrenderDistrictId, PoliceStationID, IOID, CourtID, AccusedMasterID, IsAccused, IsComplainantAccused) VALUES (117, 160, 2, '2026-06-15', 1, 26, 25, 20, 31, 381, TRUE, FALSE);
INSERT INTO inv_arrestsurrenderaccused (ArrestSurrenderID, AccusedMasterID) VALUES (117, 381);
INSERT INTO Inv_OccuranceTime (CaseMasterID, OccuranceFromDate, OccuranceToDate, PlaceOfOccurance, latitude, longitude) VALUES (160, '2026-06-15T10:08:00', '2026-06-15T11:08:00', 'Saraf Zila, Yadgir', 14.3976104, 77.5707572);
INSERT INTO ChargesheetDetails (CSID, CaseMasterID, csdate, cstype, PolicePersonID) VALUES (39, 160, '2026-08-30', 'A', 61);

INSERT INTO CaseMaster (CaseMasterID, CrimeNo, CaseNo, CrimeRegisteredDate, PolicePersonID, PoliceStationID, CaseCategoryID, GravityOffenceID, CrimeMajorHeadID, CrimeMinorHeadID, CaseStatusID, CourtID, IncidentFromDate, IncidentToDate, InfoReceivedPSDate, latitude, longitude, BriefFacts) VALUES (161, '200250024202300001', '202300001', '2023-07-27', 68, 24, 2, 3, 5, 31, 2, 22, '2023-07-27T20:02:00', '2023-07-28T00:02:00', '2023-07-28T12:02:00', 12.9649347, 77.6229358, 'A cyber fraud was reported by Advay Gade. The accused posed as a bank official and obtained OTP and banking credentials through a phone call on 2023-07-27. An amount of Rs. 2500000 was fraudulently transferred from the complainant''s account.');
INSERT INTO ComplainantDetails (ComplainantID, CaseMasterID, ComplainantName, AgeYear, OccupationID, ReligionID, CasteID, GenderID) VALUES (161, 161, 'Advay Gade', 45, 6, 7, 5, 1);
INSERT INTO Victim (VictimMasterID, CaseMasterID, VictimName, AgeYear, GenderID, VictimPolice) VALUES (228, 161, 'Advay Gade', 64, 2, '0');
INSERT INTO Victim (VictimMasterID, CaseMasterID, VictimName, AgeYear, GenderID, VictimPolice) VALUES (229, 161, 'Ojas Prabhu', 56, 2, '0');
INSERT INTO Accused (AccusedMasterID, CaseMasterID, AccusedName, AgeYear, GenderID, PersonID) VALUES (386, 161, 'Baghyawati Kade', 45, 1, 'A1');
INSERT INTO Accused (AccusedMasterID, CaseMasterID, AccusedName, AgeYear, GenderID, PersonID) VALUES (387, 161, 'Amruta Dalal', 24, 1, 'A2');
INSERT INTO Accused (AccusedMasterID, CaseMasterID, AccusedName, AgeYear, GenderID, PersonID) VALUES (388, 161, 'Gautami Sanghvi', 39, 1, 'A3');
INSERT INTO Accused (AccusedMasterID, CaseMasterID, AccusedName, AgeYear, GenderID, PersonID) VALUES (389, 161, 'Devansh Lall', 28, 1, 'A4');
INSERT INTO ActSectionAssociation (CaseMasterID, ActID, SectionID, ActOrderID, SectionOrderID) VALUES (161, 'NDPS', '27', 1, 1);
INSERT INTO ArrestSurrender (ArrestSurrenderID, CaseMasterID, ArrestSurrenderTypeID, ArrestSurrenderDate, ArrestSurrenderStateId, ArrestSurrenderDistrictId, PoliceStationID, IOID, CourtID, AccusedMasterID, IsAccused, IsComplainantAccused) VALUES (118, 161, 1, '2023-08-08', 1, 25, 24, 31, 22, 387, TRUE, FALSE);
INSERT INTO inv_arrestsurrenderaccused (ArrestSurrenderID, AccusedMasterID) VALUES (118, 387);
INSERT INTO ArrestSurrender (ArrestSurrenderID, CaseMasterID, ArrestSurrenderTypeID, ArrestSurrenderDate, ArrestSurrenderStateId, ArrestSurrenderDistrictId, PoliceStationID, IOID, CourtID, AccusedMasterID, IsAccused, IsComplainantAccused) VALUES (119, 161, 1, '2023-08-13', 1, 25, 24, 73, 22, 388, TRUE, FALSE);
INSERT INTO inv_arrestsurrenderaccused (ArrestSurrenderID, AccusedMasterID) VALUES (119, 388);
INSERT INTO Inv_OccuranceTime (CaseMasterID, OccuranceFromDate, OccuranceToDate, PlaceOfOccurance, latitude, longitude) VALUES (161, '2023-07-27T20:02:00', '2023-07-28T00:02:00', 'Palan Chowk, Chikkamagaluru', 12.9649347, 77.6229358);
INSERT INTO ChargesheetDetails (CSID, CaseMasterID, csdate, cstype, PolicePersonID) VALUES (40, 161, '2024-01-17', 'A', 6);

INSERT INTO CaseMaster (CaseMasterID, CrimeNo, CaseNo, CrimeRegisteredDate, PolicePersonID, PoliceStationID, CaseCategoryID, GravityOffenceID, CrimeMajorHeadID, CrimeMinorHeadID, CaseStatusID, CourtID, IncidentFromDate, IncidentToDate, InfoReceivedPSDate, latitude, longitude, BriefFacts) VALUES (162, '800270026202500002', '202500002', '2025-09-01', 62, 26, 8, 1, 1, 4, 1, 20, '2025-09-01T16:12:00', '2025-09-01T18:12:00', '2025-09-02T06:12:00', 15.3660322, 74.9977565, 'A case of cheating was reported by Watika Shah stating that the accused Jhalak Dugar fraudulently obtained Rs. 2500000 by promising a job in a government department. The accused collected money over a period of 18 months and disappeared.');
INSERT INTO ComplainantDetails (ComplainantID, CaseMasterID, ComplainantName, AgeYear, OccupationID, ReligionID, CasteID, GenderID) VALUES (162, 162, 'Watika Shah', 49, 3, 6, 1, 1);
INSERT INTO Victim (VictimMasterID, CaseMasterID, VictimName, AgeYear, GenderID, VictimPolice) VALUES (230, 162, 'Christopher Tata', 23, 3, '0');
INSERT INTO Victim (VictimMasterID, CaseMasterID, VictimName, AgeYear, GenderID, VictimPolice) VALUES (231, 162, 'Vedant Upadhyay', 69, 3, '0');
INSERT INTO Accused (AccusedMasterID, CaseMasterID, AccusedName, AgeYear, GenderID, PersonID) VALUES (390, 162, 'Jhalak Dugar', 51, 2, 'A1');
INSERT INTO Accused (AccusedMasterID, CaseMasterID, AccusedName, AgeYear, GenderID, PersonID) VALUES (391, 162, 'Chaitanya Arora', 26, 2, 'A2');
INSERT INTO ActSectionAssociation (CaseMasterID, ActID, SectionID, ActOrderID, SectionOrderID) VALUES (162, 'POCSO', '8', 1, 1);
INSERT INTO ActSectionAssociation (CaseMasterID, ActID, SectionID, ActOrderID, SectionOrderID) VALUES (162, 'ITA', '66', 2, 2);
INSERT INTO Inv_OccuranceTime (CaseMasterID, OccuranceFromDate, OccuranceToDate, PlaceOfOccurance, latitude, longitude) VALUES (162, '2025-09-01T16:12:00', '2025-09-01T18:12:00', 'Chauhan Road, Chamarajanagara', 15.3660322, 74.9977565);

INSERT INTO CaseMaster (CaseMasterID, CrimeNo, CaseNo, CrimeRegisteredDate, PolicePersonID, PoliceStationID, CaseCategoryID, GravityOffenceID, CrimeMajorHeadID, CrimeMinorHeadID, CaseStatusID, CourtID, IncidentFromDate, IncidentToDate, InfoReceivedPSDate, latitude, longitude, BriefFacts) VALUES (163, '400090008202400001', '202400001', '2024-04-07', 27, 8, 4, 1, 2, 10, 2, 32, '2024-04-07T17:55:00', '2024-04-07T17:55:00', '2024-04-08T00:55:00', 13.0347436, 77.6735406, 'The complainant Januja Rajagopal reported domestic violence by husband Praneel Banik and in-laws. The accused demanded additional dowry of Rs. 250000 and subjected the complainant to physical and mental harassment since 3 years.');
INSERT INTO ComplainantDetails (ComplainantID, CaseMasterID, ComplainantName, AgeYear, OccupationID, ReligionID, CasteID, GenderID) VALUES (163, 163, 'Januja Rajagopal', 51, 2, 3, 3, 2);
INSERT INTO Victim (VictimMasterID, CaseMasterID, VictimName, AgeYear, GenderID, VictimPolice) VALUES (232, 163, 'Januja Rajagopal', 21, 2, '0');
INSERT INTO Accused (AccusedMasterID, CaseMasterID, AccusedName, AgeYear, GenderID, PersonID) VALUES (392, 163, 'Praneel Banik', 38, 2, 'A1');
INSERT INTO Accused (AccusedMasterID, CaseMasterID, AccusedName, AgeYear, GenderID, PersonID) VALUES (393, 163, 'Samar Lalla', 50, 2, 'A2');
INSERT INTO Accused (AccusedMasterID, CaseMasterID, AccusedName, AgeYear, GenderID, PersonID) VALUES (394, 163, 'Ekanta Kothari', 20, 1, 'A3');
INSERT INTO Accused (AccusedMasterID, CaseMasterID, AccusedName, AgeYear, GenderID, PersonID) VALUES (395, 163, 'Ekaja Madan', 33, 1, 'A4');
INSERT INTO ActSectionAssociation (CaseMasterID, ActID, SectionID, ActOrderID, SectionOrderID) VALUES (163, 'IPC', '395', 1, 1);
INSERT INTO ArrestSurrender (ArrestSurrenderID, CaseMasterID, ArrestSurrenderTypeID, ArrestSurrenderDate, ArrestSurrenderStateId, ArrestSurrenderDistrictId, PoliceStationID, IOID, CourtID, AccusedMasterID, IsAccused, IsComplainantAccused) VALUES (120, 163, 2, '2024-05-01', 1, 9, 8, 12, 32, 392, TRUE, FALSE);
INSERT INTO inv_arrestsurrenderaccused (ArrestSurrenderID, AccusedMasterID) VALUES (120, 392);
INSERT INTO ArrestSurrender (ArrestSurrenderID, CaseMasterID, ArrestSurrenderTypeID, ArrestSurrenderDate, ArrestSurrenderStateId, ArrestSurrenderDistrictId, PoliceStationID, IOID, CourtID, AccusedMasterID, IsAccused, IsComplainantAccused) VALUES (121, 163, 2, '2024-04-29', 1, 9, 8, 60, 32, 395, TRUE, FALSE);
INSERT INTO inv_arrestsurrenderaccused (ArrestSurrenderID, AccusedMasterID) VALUES (121, 395);
INSERT INTO Inv_OccuranceTime (CaseMasterID, OccuranceFromDate, OccuranceToDate, PlaceOfOccurance, latitude, longitude) VALUES (163, '2024-04-07T17:55:00', '2024-04-07T17:55:00', 'Saini Circle, Tumakuru', 13.0347436, 77.6735406);
INSERT INTO ChargesheetDetails (CSID, CaseMasterID, csdate, cstype, PolicePersonID) VALUES (41, 163, '2024-09-20', 'A', 60);

INSERT INTO CaseMaster (CaseMasterID, CrimeNo, CaseNo, CrimeRegisteredDate, PolicePersonID, PoliceStationID, CaseCategoryID, GravityOffenceID, CrimeMajorHeadID, CrimeMinorHeadID, CaseStatusID, CourtID, IncidentFromDate, IncidentToDate, InfoReceivedPSDate, latitude, longitude, BriefFacts) VALUES (164, '100040003202600001', '202600001', '2026-01-04', 24, 3, 1, 1, 4, 26, 3, 13, '2026-01-04T15:13:00', '2026-01-04T18:13:00', '2026-01-04T19:13:00', 12.9027172, 77.7477099, 'The deceased Jagdish Thakkar, aged 27, was found dead under suspicious circumstances at Gola Nagar, Mangaluru (DK) on 2026-01-04. The investigation revealed that the accused Tara Chaudhry, who is a relative of the deceased, had a dispute over property worth Rs. 5000.');
INSERT INTO ComplainantDetails (ComplainantID, CaseMasterID, ComplainantName, AgeYear, OccupationID, ReligionID, CasteID, GenderID) VALUES (164, 164, 'Jagdish Thakkar', 36, 6, 1, 2, 1);
INSERT INTO Victim (VictimMasterID, CaseMasterID, VictimName, AgeYear, GenderID, VictimPolice) VALUES (233, 164, 'Jagdish Thakkar', 15, 2, '0');
INSERT INTO Accused (AccusedMasterID, CaseMasterID, AccusedName, AgeYear, GenderID, PersonID) VALUES (396, 164, 'Tara Chaudhry', 44, 1, 'A1');
INSERT INTO Accused (AccusedMasterID, CaseMasterID, AccusedName, AgeYear, GenderID, PersonID) VALUES (397, 164, 'Zaitra Batra', 34, 1, 'A2');
INSERT INTO ActSectionAssociation (CaseMasterID, ActID, SectionID, ActOrderID, SectionOrderID) VALUES (164, 'IPC', '511', 1, 1);
INSERT INTO Inv_OccuranceTime (CaseMasterID, OccuranceFromDate, OccuranceToDate, PlaceOfOccurance, latitude, longitude) VALUES (164, '2026-01-04T15:13:00', '2026-01-04T18:13:00', 'Gola Nagar, Mangaluru (DK)', 12.9027172, 77.7477099);

INSERT INTO CaseMaster (CaseMasterID, CrimeNo, CaseNo, CrimeRegisteredDate, PolicePersonID, PoliceStationID, CaseCategoryID, GravityOffenceID, CrimeMajorHeadID, CrimeMinorHeadID, CaseStatusID, CourtID, IncidentFromDate, IncidentToDate, InfoReceivedPSDate, latitude, longitude, BriefFacts) VALUES (165, '300260025202600002', '202600002', '2026-05-24', 39, 25, 3, 2, 2, 13, 1, 27, '2026-05-24T22:27:00', '2026-05-25T00:27:00', '2026-05-25T11:27:00', 12.8574034, 74.815064, 'On 2026-05-24, the Anti-Narcotics squad conducted a raid at Manne Ganj, Yadgir and seized 250 grams of methamphetamine from the possession of the accused Abhiram Pillay. The accused was found to be part of a supply chain operating across Chikkaballapura and Bengaluru Urban.');
INSERT INTO ComplainantDetails (ComplainantID, CaseMasterID, ComplainantName, AgeYear, OccupationID, ReligionID, CasteID, GenderID) VALUES (165, 165, 'Udyati Mandal', 48, 5, 6, 4, 1);
INSERT INTO Victim (VictimMasterID, CaseMasterID, VictimName, AgeYear, GenderID, VictimPolice) VALUES (234, 165, 'Falak Chadha', 29, 2, '0');
INSERT INTO Accused (AccusedMasterID, CaseMasterID, AccusedName, AgeYear, GenderID, PersonID) VALUES (398, 165, 'Abhiram Pillay', 42, 1, 'A1');
INSERT INTO Accused (AccusedMasterID, CaseMasterID, AccusedName, AgeYear, GenderID, PersonID) VALUES (399, 165, 'Xavier Shetty', 30, 1, 'A2');
INSERT INTO Accused (AccusedMasterID, CaseMasterID, AccusedName, AgeYear, GenderID, PersonID) VALUES (400, 165, 'Wakeeta Hayre', 41, 1, 'A3');
INSERT INTO ActSectionAssociation (CaseMasterID, ActID, SectionID, ActOrderID, SectionOrderID) VALUES (165, 'POCSO', '8', 1, 1);
INSERT INTO ActSectionAssociation (CaseMasterID, ActID, SectionID, ActOrderID, SectionOrderID) VALUES (165, 'IPC', '363', 2, 2);
INSERT INTO ArrestSurrender (ArrestSurrenderID, CaseMasterID, ArrestSurrenderTypeID, ArrestSurrenderDate, ArrestSurrenderStateId, ArrestSurrenderDistrictId, PoliceStationID, IOID, CourtID, AccusedMasterID, IsAccused, IsComplainantAccused) VALUES (122, 165, 2, '2026-06-15', 1, 26, 25, 70, 27, 399, TRUE, FALSE);
INSERT INTO inv_arrestsurrenderaccused (ArrestSurrenderID, AccusedMasterID) VALUES (122, 399);
INSERT INTO ArrestSurrender (ArrestSurrenderID, CaseMasterID, ArrestSurrenderTypeID, ArrestSurrenderDate, ArrestSurrenderStateId, ArrestSurrenderDistrictId, PoliceStationID, IOID, CourtID, AccusedMasterID, IsAccused, IsComplainantAccused) VALUES (123, 165, 2, '2026-06-20', 1, 26, 25, 15, 27, 400, TRUE, FALSE);
INSERT INTO inv_arrestsurrenderaccused (ArrestSurrenderID, AccusedMasterID) VALUES (123, 400);
INSERT INTO Inv_OccuranceTime (CaseMasterID, OccuranceFromDate, OccuranceToDate, PlaceOfOccurance, latitude, longitude) VALUES (165, '2026-05-24T22:27:00', '2026-05-25T00:27:00', 'Manne Ganj, Yadgir', 12.8574034, 74.815064);

INSERT INTO CaseMaster (CaseMasterID, CrimeNo, CaseNo, CrimeRegisteredDate, PolicePersonID, PoliceStationID, CaseCategoryID, GravityOffenceID, CrimeMajorHeadID, CrimeMinorHeadID, CaseStatusID, CourtID, IncidentFromDate, IncidentToDate, InfoReceivedPSDate, latitude, longitude, BriefFacts) VALUES (166, '200160015202500001', '202500001', '2025-09-23', 55, 15, 2, 3, 2, 12, 2, 11, '2025-09-23T21:27:00', '2025-09-23T23:27:00', '2025-09-24T10:27:00', 15.8336747, 74.5693341, 'The victim Arjun Kaul, aged 23, was assaulted by the accused Aditya Nayak near Puri Nagar, Mandya on 2025-09-23 at approximately 2:00 AM. The accused used a sharp weapon causing grievous injuries. The victim was rushed to Bowring Hospital for treatment.');
INSERT INTO ComplainantDetails (ComplainantID, CaseMasterID, ComplainantName, AgeYear, OccupationID, ReligionID, CasteID, GenderID) VALUES (166, 166, 'Matthew Ahuja', 46, 7, 2, 4, 2);
INSERT INTO Victim (VictimMasterID, CaseMasterID, VictimName, AgeYear, GenderID, VictimPolice) VALUES (235, 166, 'Arjun Kaul', 65, 1, '0');
INSERT INTO Accused (AccusedMasterID, CaseMasterID, AccusedName, AgeYear, GenderID, PersonID) VALUES (401, 166, 'Aditya Nayak', 47, 2, 'A1');
INSERT INTO Accused (AccusedMasterID, CaseMasterID, AccusedName, AgeYear, GenderID, PersonID) VALUES (402, 166, 'Hemang Jha', 43, 1, 'A2');
INSERT INTO Accused (AccusedMasterID, CaseMasterID, AccusedName, AgeYear, GenderID, PersonID) VALUES (403, 166, 'Oni Swamy', 32, 2, 'A3');
INSERT INTO ActSectionAssociation (CaseMasterID, ActID, SectionID, ActOrderID, SectionOrderID) VALUES (166, 'POCSO', '6', 1, 1);
INSERT INTO ActSectionAssociation (CaseMasterID, ActID, SectionID, ActOrderID, SectionOrderID) VALUES (166, 'ITA', '66C', 2, 2);
INSERT INTO ArrestSurrender (ArrestSurrenderID, CaseMasterID, ArrestSurrenderTypeID, ArrestSurrenderDate, ArrestSurrenderStateId, ArrestSurrenderDistrictId, PoliceStationID, IOID, CourtID, AccusedMasterID, IsAccused, IsComplainantAccused) VALUES (124, 166, 1, '2025-09-24', 1, 16, 15, 48, 11, 401, TRUE, FALSE);
INSERT INTO inv_arrestsurrenderaccused (ArrestSurrenderID, AccusedMasterID) VALUES (124, 401);
INSERT INTO ArrestSurrender (ArrestSurrenderID, CaseMasterID, ArrestSurrenderTypeID, ArrestSurrenderDate, ArrestSurrenderStateId, ArrestSurrenderDistrictId, PoliceStationID, IOID, CourtID, AccusedMasterID, IsAccused, IsComplainantAccused) VALUES (125, 166, 2, '2025-11-15', 1, 16, 15, 43, 11, 403, TRUE, FALSE);
INSERT INTO inv_arrestsurrenderaccused (ArrestSurrenderID, AccusedMasterID) VALUES (125, 403);
INSERT INTO Inv_OccuranceTime (CaseMasterID, OccuranceFromDate, OccuranceToDate, PlaceOfOccurance, latitude, longitude) VALUES (166, '2025-09-23T21:27:00', '2025-09-23T23:27:00', 'Puri Nagar, Mandya', 15.8336747, 74.5693341);
INSERT INTO ChargesheetDetails (CSID, CaseMasterID, csdate, cstype, PolicePersonID) VALUES (42, 166, '2025-12-05', 'A', 74);

INSERT INTO CaseMaster (CaseMasterID, CrimeNo, CaseNo, CrimeRegisteredDate, PolicePersonID, PoliceStationID, CaseCategoryID, GravityOffenceID, CrimeMajorHeadID, CrimeMinorHeadID, CaseStatusID, CourtID, IncidentFromDate, IncidentToDate, InfoReceivedPSDate, latitude, longitude, BriefFacts) VALUES (167, '400090008202600001', '202600001', '2026-06-01', 72, 8, 4, 4, 2, 13, 2, 26, '2026-06-01T04:40:00', '2026-06-01T07:40:00', '2026-06-01T18:40:00', 17.1093215, 76.6003413, 'On 2026-06-01, the Anti-Narcotics squad conducted a raid at Pradhan Marg, Tumakuru and seized 100 grams of ganja from the possession of the accused Vincent Venkatesh. The accused was found to be part of a supply chain operating across Mysuru and Bengaluru Urban.');
INSERT INTO ComplainantDetails (ComplainantID, CaseMasterID, ComplainantName, AgeYear, OccupationID, ReligionID, CasteID, GenderID) VALUES (167, 167, 'Ati Chander', 47, 1, 6, 5, 1);
INSERT INTO Victim (VictimMasterID, CaseMasterID, VictimName, AgeYear, GenderID, VictimPolice) VALUES (236, 167, 'Ati Chander', 74, 1, '0');
INSERT INTO Accused (AccusedMasterID, CaseMasterID, AccusedName, AgeYear, GenderID, PersonID) VALUES (404, 167, 'Vincent Venkatesh', 26, 2, 'A1');
INSERT INTO ActSectionAssociation (CaseMasterID, ActID, SectionID, ActOrderID, SectionOrderID) VALUES (167, 'POCSO', '4', 1, 1);
INSERT INTO ActSectionAssociation (CaseMasterID, ActID, SectionID, ActOrderID, SectionOrderID) VALUES (167, 'NDPS', '27', 2, 2);
INSERT INTO ActSectionAssociation (CaseMasterID, ActID, SectionID, ActOrderID, SectionOrderID) VALUES (167, 'NDPS', '22', 3, 3);
INSERT INTO ArrestSurrender (ArrestSurrenderID, CaseMasterID, ArrestSurrenderTypeID, ArrestSurrenderDate, ArrestSurrenderStateId, ArrestSurrenderDistrictId, PoliceStationID, IOID, CourtID, AccusedMasterID, IsAccused, IsComplainantAccused) VALUES (126, 167, 2, '2026-07-20', 1, 9, 8, 7, 26, 404, TRUE, FALSE);
INSERT INTO inv_arrestsurrenderaccused (ArrestSurrenderID, AccusedMasterID) VALUES (126, 404);
INSERT INTO Inv_OccuranceTime (CaseMasterID, OccuranceFromDate, OccuranceToDate, PlaceOfOccurance, latitude, longitude) VALUES (167, '2026-06-01T04:40:00', '2026-06-01T07:40:00', 'Pradhan Marg, Tumakuru', 17.1093215, 76.6003413);
INSERT INTO ChargesheetDetails (CSID, CaseMasterID, csdate, cstype, PolicePersonID) VALUES (43, 167, '2026-09-09', 'A', 11);

INSERT INTO CaseMaster (CaseMasterID, CrimeNo, CaseNo, CrimeRegisteredDate, PolicePersonID, PoliceStationID, CaseCategoryID, GravityOffenceID, CrimeMajorHeadID, CrimeMinorHeadID, CaseStatusID, CourtID, IncidentFromDate, IncidentToDate, InfoReceivedPSDate, latitude, longitude, BriefFacts) VALUES (168, '200220021202400001', '202400001', '2024-11-27', 3, 21, 2, 1, 1, 8, 2, 39, '2024-11-27T02:04:00', '2024-11-27T05:04:00', '2024-11-27T10:04:00', 12.2743151, 76.7432681, 'The victim Meera Borde, aged 49, was assaulted by the accused Radhika De near Manne Ganj, Bagalkot on 2024-11-27 at approximately 1:45 PM. The accused used a sharp weapon causing grievous injuries. The victim was rushed to Jayadeva Hospital for treatment.');
INSERT INTO ComplainantDetails (ComplainantID, CaseMasterID, ComplainantName, AgeYear, OccupationID, ReligionID, CasteID, GenderID) VALUES (168, 168, 'Girish Tiwari', 58, 2, 1, 3, 2);
INSERT INTO Victim (VictimMasterID, CaseMasterID, VictimName, AgeYear, GenderID, VictimPolice) VALUES (237, 168, 'Meera Borde', 74, 1, '0');
INSERT INTO Accused (AccusedMasterID, CaseMasterID, AccusedName, AgeYear, GenderID, PersonID) VALUES (405, 168, 'Radhika De', 25, 1, 'A1');
INSERT INTO Accused (AccusedMasterID, CaseMasterID, AccusedName, AgeYear, GenderID, PersonID) VALUES (406, 168, 'Divya Ramaswamy', 52, 1, 'A2');
INSERT INTO Accused (AccusedMasterID, CaseMasterID, AccusedName, AgeYear, GenderID, PersonID) VALUES (407, 168, 'Eesha Sethi', 27, 1, 'A3');
INSERT INTO ActSectionAssociation (CaseMasterID, ActID, SectionID, ActOrderID, SectionOrderID) VALUES (168, 'IPC', '511', 1, 1);
INSERT INTO ActSectionAssociation (CaseMasterID, ActID, SectionID, ActOrderID, SectionOrderID) VALUES (168, 'NDPS', '20', 2, 2);
INSERT INTO ArrestSurrender (ArrestSurrenderID, CaseMasterID, ArrestSurrenderTypeID, ArrestSurrenderDate, ArrestSurrenderStateId, ArrestSurrenderDistrictId, PoliceStationID, IOID, CourtID, AccusedMasterID, IsAccused, IsComplainantAccused) VALUES (127, 168, 1, '2025-01-12', 1, 22, 21, 35, 39, 405, TRUE, FALSE);
INSERT INTO inv_arrestsurrenderaccused (ArrestSurrenderID, AccusedMasterID) VALUES (127, 405);
INSERT INTO Inv_OccuranceTime (CaseMasterID, OccuranceFromDate, OccuranceToDate, PlaceOfOccurance, latitude, longitude) VALUES (168, '2024-11-27T02:04:00', '2024-11-27T05:04:00', 'Manne Ganj, Bagalkot', 12.2743151, 76.7432681);
INSERT INTO ChargesheetDetails (CSID, CaseMasterID, csdate, cstype, PolicePersonID) VALUES (44, 168, '2025-03-07', 'A', 62);

INSERT INTO CaseMaster (CaseMasterID, CrimeNo, CaseNo, CrimeRegisteredDate, PolicePersonID, PoliceStationID, CaseCategoryID, GravityOffenceID, CrimeMajorHeadID, CrimeMinorHeadID, CaseStatusID, CourtID, IncidentFromDate, IncidentToDate, InfoReceivedPSDate, latitude, longitude, BriefFacts) VALUES (169, '200040003202400002', '202400002', '2024-05-07', 45, 3, 2, 3, 5, 30, 3, 32, '2024-05-07T06:43:00', '2024-05-07T08:43:00', '2024-05-07T14:43:00', 15.8832083, 74.4799173, 'The complainant Samaksh Deshpande, a shopkeeper at Sengupta Street, Mangaluru (DK), reported that the accused Nachiket Cherian along with others robbed the shop at knife-point on 2024-05-07 and fled with cash Rs. 1000000 and valuables.');
INSERT INTO ComplainantDetails (ComplainantID, CaseMasterID, ComplainantName, AgeYear, OccupationID, ReligionID, CasteID, GenderID) VALUES (169, 169, 'Samaksh Deshpande', 42, 12, 6, 1, 2);
INSERT INTO Victim (VictimMasterID, CaseMasterID, VictimName, AgeYear, GenderID, VictimPolice) VALUES (238, 169, 'Samaksh Deshpande', 9, 3, '0');
INSERT INTO Accused (AccusedMasterID, CaseMasterID, AccusedName, AgeYear, GenderID, PersonID) VALUES (408, 169, 'Nachiket Cherian', 51, 2, 'A1');
INSERT INTO Accused (AccusedMasterID, CaseMasterID, AccusedName, AgeYear, GenderID, PersonID) VALUES (409, 169, 'Dipta Ray', 25, 1, 'A2');
INSERT INTO ActSectionAssociation (CaseMasterID, ActID, SectionID, ActOrderID, SectionOrderID) VALUES (169, 'ITA', '66C', 1, 1);
INSERT INTO ActSectionAssociation (CaseMasterID, ActID, SectionID, ActOrderID, SectionOrderID) VALUES (169, 'POCSO', '4', 2, 2);
INSERT INTO ArrestSurrender (ArrestSurrenderID, CaseMasterID, ArrestSurrenderTypeID, ArrestSurrenderDate, ArrestSurrenderStateId, ArrestSurrenderDistrictId, PoliceStationID, IOID, CourtID, AccusedMasterID, IsAccused, IsComplainantAccused) VALUES (128, 169, 2, '2024-06-25', 1, 4, 3, 16, 32, 409, TRUE, FALSE);
INSERT INTO inv_arrestsurrenderaccused (ArrestSurrenderID, AccusedMasterID) VALUES (128, 409);
INSERT INTO ArrestSurrender (ArrestSurrenderID, CaseMasterID, ArrestSurrenderTypeID, ArrestSurrenderDate, ArrestSurrenderStateId, ArrestSurrenderDistrictId, PoliceStationID, IOID, CourtID, AccusedMasterID, IsAccused, IsComplainantAccused) VALUES (129, 169, 2, '2024-05-07', 1, 4, 3, 2, 32, 408, TRUE, FALSE);
INSERT INTO inv_arrestsurrenderaccused (ArrestSurrenderID, AccusedMasterID) VALUES (129, 408);
INSERT INTO Inv_OccuranceTime (CaseMasterID, OccuranceFromDate, OccuranceToDate, PlaceOfOccurance, latitude, longitude) VALUES (169, '2024-05-07T06:43:00', '2024-05-07T08:43:00', 'Sengupta Street, Mangaluru (DK)', 15.8832083, 74.4799173);

INSERT INTO CaseMaster (CaseMasterID, CrimeNo, CaseNo, CrimeRegisteredDate, PolicePersonID, PoliceStationID, CaseCategoryID, GravityOffenceID, CrimeMajorHeadID, CrimeMinorHeadID, CaseStatusID, CourtID, IncidentFromDate, IncidentToDate, InfoReceivedPSDate, latitude, longitude, BriefFacts) VALUES (170, '300080007202300001', '202300001', '2023-11-23', 60, 7, 3, 3, 2, 15, 2, 25, '2023-11-23T08:45:00', '2023-11-23T12:45:00', '2023-11-24T00:45:00', 12.2728376, 76.6354277, 'A cyber fraud was reported by Sarthak Seth. The accused posed as a bank official and obtained OTP and banking credentials through a phone call on 2023-11-23. An amount of Rs. 50000 was fraudulently transferred from the complainant''s account.');
INSERT INTO ComplainantDetails (ComplainantID, CaseMasterID, ComplainantName, AgeYear, OccupationID, ReligionID, CasteID, GenderID) VALUES (170, 170, 'Sarthak Seth', 44, 8, 5, 1, 2);
INSERT INTO Victim (VictimMasterID, CaseMasterID, VictimName, AgeYear, GenderID, VictimPolice) VALUES (239, 170, 'Ubika Lanka', 5, 2, '0');
INSERT INTO Accused (AccusedMasterID, CaseMasterID, AccusedName, AgeYear, GenderID, PersonID) VALUES (410, 170, 'Amara Dutta', 43, 1, 'A1');
INSERT INTO Accused (AccusedMasterID, CaseMasterID, AccusedName, AgeYear, GenderID, PersonID) VALUES (411, 170, 'Daksha Baria', 51, 1, 'A2');
INSERT INTO Accused (AccusedMasterID, CaseMasterID, AccusedName, AgeYear, GenderID, PersonID) VALUES (412, 170, 'Falak Divan', 19, 1, 'A3');
INSERT INTO Accused (AccusedMasterID, CaseMasterID, AccusedName, AgeYear, GenderID, PersonID) VALUES (413, 170, 'Yuvraj Parekh', 44, 2, 'A4');
INSERT INTO ActSectionAssociation (CaseMasterID, ActID, SectionID, ActOrderID, SectionOrderID) VALUES (170, 'POCSO', '6', 1, 1);
INSERT INTO ActSectionAssociation (CaseMasterID, ActID, SectionID, ActOrderID, SectionOrderID) VALUES (170, 'ITA', '66', 2, 2);
INSERT INTO ArrestSurrender (ArrestSurrenderID, CaseMasterID, ArrestSurrenderTypeID, ArrestSurrenderDate, ArrestSurrenderStateId, ArrestSurrenderDistrictId, PoliceStationID, IOID, CourtID, AccusedMasterID, IsAccused, IsComplainantAccused) VALUES (130, 170, 2, '2023-11-26', 1, 8, 7, 39, 25, 413, TRUE, FALSE);
INSERT INTO inv_arrestsurrenderaccused (ArrestSurrenderID, AccusedMasterID) VALUES (130, 413);
INSERT INTO ArrestSurrender (ArrestSurrenderID, CaseMasterID, ArrestSurrenderTypeID, ArrestSurrenderDate, ArrestSurrenderStateId, ArrestSurrenderDistrictId, PoliceStationID, IOID, CourtID, AccusedMasterID, IsAccused, IsComplainantAccused) VALUES (131, 170, 2, '2024-01-06', 1, 8, 7, 64, 25, 412, TRUE, FALSE);
INSERT INTO inv_arrestsurrenderaccused (ArrestSurrenderID, AccusedMasterID) VALUES (131, 412);
INSERT INTO Inv_OccuranceTime (CaseMasterID, OccuranceFromDate, OccuranceToDate, PlaceOfOccurance, latitude, longitude) VALUES (170, '2023-11-23T08:45:00', '2023-11-23T12:45:00', 'Chana Zila, Ballari', 12.2728376, 76.6354277);
INSERT INTO ChargesheetDetails (CSID, CaseMasterID, csdate, cstype, PolicePersonID) VALUES (45, 170, '2024-01-23', 'A', 48);

INSERT INTO CaseMaster (CaseMasterID, CrimeNo, CaseNo, CrimeRegisteredDate, PolicePersonID, PoliceStationID, CaseCategoryID, GravityOffenceID, CrimeMajorHeadID, CrimeMinorHeadID, CaseStatusID, CourtID, IncidentFromDate, IncidentToDate, InfoReceivedPSDate, latitude, longitude, BriefFacts) VALUES (171, '800050004202400001', '202400001', '2024-09-20', 4, 4, 8, 2, 1, 4, 4, 9, '2024-09-20T07:10:00', '2024-09-20T07:10:00', '2024-09-20T10:10:00', 15.4163961, 75.0626088, 'On 2024-09-20, the Anti-Narcotics squad conducted a raid at Chaudry Chowk, Hubballi-Dharwad and seized 1000 grams of MDMA from the possession of the accused Zaid Chandra. The accused was found to be part of a supply chain operating across Mangaluru (DK) and Hubballi-Dharwad.');
INSERT INTO ComplainantDetails (ComplainantID, CaseMasterID, ComplainantName, AgeYear, OccupationID, ReligionID, CasteID, GenderID) VALUES (171, 171, 'Chandani Lad', 40, 5, 7, 5, 2);
INSERT INTO Victim (VictimMasterID, CaseMasterID, VictimName, AgeYear, GenderID, VictimPolice) VALUES (240, 171, 'Azaan Ravel', 20, 3, '0');
INSERT INTO Accused (AccusedMasterID, CaseMasterID, AccusedName, AgeYear, GenderID, PersonID) VALUES (414, 171, 'Zaid Chandra', 49, 2, 'A1');
INSERT INTO Accused (AccusedMasterID, CaseMasterID, AccusedName, AgeYear, GenderID, PersonID) VALUES (415, 171, 'Jairaj Arora', 48, 1, 'A2');
INSERT INTO ActSectionAssociation (CaseMasterID, ActID, SectionID, ActOrderID, SectionOrderID) VALUES (171, 'POCSO', '6', 1, 1);
INSERT INTO Inv_OccuranceTime (CaseMasterID, OccuranceFromDate, OccuranceToDate, PlaceOfOccurance, latitude, longitude) VALUES (171, '2024-09-20T07:10:00', '2024-09-20T07:10:00', 'Chaudry Chowk, Hubballi-Dharwad', 15.4163961, 75.0626088);

INSERT INTO CaseMaster (CaseMasterID, CrimeNo, CaseNo, CrimeRegisteredDate, PolicePersonID, PoliceStationID, CaseCategoryID, GravityOffenceID, CrimeMajorHeadID, CrimeMinorHeadID, CaseStatusID, CourtID, IncidentFromDate, IncidentToDate, InfoReceivedPSDate, latitude, longitude, BriefFacts) VALUES (172, '300190018202300001', '202300001', '2023-09-19', 32, 18, 3, 2, 1, 5, 1, 32, '2023-09-19T12:12:00', '2023-09-19T15:12:00', '2023-09-19T16:12:00', 12.9446862, 77.5452784, 'On 2023-09-19, the Anti-Narcotics squad conducted a raid at Hora Zila, Gadag and seized 5000 grams of MDMA from the possession of the accused Falan Bains. The accused was found to be part of a supply chain operating across Kalaburagi and Mysuru.');
INSERT INTO ComplainantDetails (ComplainantID, CaseMasterID, ComplainantName, AgeYear, OccupationID, ReligionID, CasteID, GenderID) VALUES (172, 172, 'Kalpit Hora', 37, 14, 2, 3, 1);
INSERT INTO Victim (VictimMasterID, CaseMasterID, VictimName, AgeYear, GenderID, VictimPolice) VALUES (241, 172, 'Kashish Chad', 18, 3, '0');
INSERT INTO Accused (AccusedMasterID, CaseMasterID, AccusedName, AgeYear, GenderID, PersonID) VALUES (416, 172, 'Falan Bains', 47, 1, 'A1');
INSERT INTO ActSectionAssociation (CaseMasterID, ActID, SectionID, ActOrderID, SectionOrderID) VALUES (172, 'IPC', '509', 1, 1);
INSERT INTO ActSectionAssociation (CaseMasterID, ActID, SectionID, ActOrderID, SectionOrderID) VALUES (172, 'ITA', '66D', 2, 2);
INSERT INTO ArrestSurrender (ArrestSurrenderID, CaseMasterID, ArrestSurrenderTypeID, ArrestSurrenderDate, ArrestSurrenderStateId, ArrestSurrenderDistrictId, PoliceStationID, IOID, CourtID, AccusedMasterID, IsAccused, IsComplainantAccused) VALUES (132, 172, 1, '2023-10-16', 1, 19, 18, 20, 32, 416, TRUE, FALSE);
INSERT INTO inv_arrestsurrenderaccused (ArrestSurrenderID, AccusedMasterID) VALUES (132, 416);
INSERT INTO Inv_OccuranceTime (CaseMasterID, OccuranceFromDate, OccuranceToDate, PlaceOfOccurance, latitude, longitude) VALUES (172, '2023-09-19T12:12:00', '2023-09-19T15:12:00', 'Hora Zila, Gadag', 12.9446862, 77.5452784);

INSERT INTO CaseMaster (CaseMasterID, CrimeNo, CaseNo, CrimeRegisteredDate, PolicePersonID, PoliceStationID, CaseCategoryID, GravityOffenceID, CrimeMajorHeadID, CrimeMinorHeadID, CaseStatusID, CourtID, IncidentFromDate, IncidentToDate, InfoReceivedPSDate, latitude, longitude, BriefFacts) VALUES (173, '400180017202600001', '202600001', '2026-03-29', 56, 17, 4, 3, 1, 4, 2, 24, '2026-03-29T09:12:00', '2026-03-29T12:12:00', '2026-03-29T14:12:00', 15.8437866, 74.4456324, 'The deceased Jason Basak, aged 51, was found dead under suspicious circumstances at Sant, Udupi on 2026-03-29. The investigation revealed that the accused Chandresh Ganguly, who is a relative of the deceased, had a dispute over property worth Rs. 50000.');
INSERT INTO ComplainantDetails (ComplainantID, CaseMasterID, ComplainantName, AgeYear, OccupationID, ReligionID, CasteID, GenderID) VALUES (173, 173, 'Kabir Chanda', 59, 13, 4, 4, 1);
INSERT INTO Victim (VictimMasterID, CaseMasterID, VictimName, AgeYear, GenderID, VictimPolice) VALUES (242, 173, 'Jason Basak', 39, 2, '0');
INSERT INTO Accused (AccusedMasterID, CaseMasterID, AccusedName, AgeYear, GenderID, PersonID) VALUES (417, 173, 'Chandresh Ganguly', 40, 2, 'A1');
INSERT INTO Accused (AccusedMasterID, CaseMasterID, AccusedName, AgeYear, GenderID, PersonID) VALUES (418, 173, 'Watika Balan', 36, 1, 'A2');
INSERT INTO Accused (AccusedMasterID, CaseMasterID, AccusedName, AgeYear, GenderID, PersonID) VALUES (419, 173, 'Aarush Nath', 48, 2, 'A3');
INSERT INTO ActSectionAssociation (CaseMasterID, ActID, SectionID, ActOrderID, SectionOrderID) VALUES (173, 'NDPS', '20', 1, 1);
INSERT INTO ActSectionAssociation (CaseMasterID, ActID, SectionID, ActOrderID, SectionOrderID) VALUES (173, 'POCSO', '8', 2, 2);
INSERT INTO ActSectionAssociation (CaseMasterID, ActID, SectionID, ActOrderID, SectionOrderID) VALUES (173, 'IPC', '354', 3, 3);
INSERT INTO ArrestSurrender (ArrestSurrenderID, CaseMasterID, ArrestSurrenderTypeID, ArrestSurrenderDate, ArrestSurrenderStateId, ArrestSurrenderDistrictId, PoliceStationID, IOID, CourtID, AccusedMasterID, IsAccused, IsComplainantAccused) VALUES (133, 173, 2, '2026-05-10', 1, 18, 17, 55, 24, 417, TRUE, FALSE);
INSERT INTO inv_arrestsurrenderaccused (ArrestSurrenderID, AccusedMasterID) VALUES (133, 417);
INSERT INTO ArrestSurrender (ArrestSurrenderID, CaseMasterID, ArrestSurrenderTypeID, ArrestSurrenderDate, ArrestSurrenderStateId, ArrestSurrenderDistrictId, PoliceStationID, IOID, CourtID, AccusedMasterID, IsAccused, IsComplainantAccused) VALUES (134, 173, 1, '2026-04-19', 1, 18, 17, 23, 24, 419, TRUE, FALSE);
INSERT INTO inv_arrestsurrenderaccused (ArrestSurrenderID, AccusedMasterID) VALUES (134, 419);
INSERT INTO Inv_OccuranceTime (CaseMasterID, OccuranceFromDate, OccuranceToDate, PlaceOfOccurance, latitude, longitude) VALUES (173, '2026-03-29T09:12:00', '2026-03-29T12:12:00', 'Sant, Udupi', 15.8437866, 74.4456324);
INSERT INTO ChargesheetDetails (CSID, CaseMasterID, csdate, cstype, PolicePersonID) VALUES (46, 173, '2026-07-04', 'A', 10);

INSERT INTO CaseMaster (CaseMasterID, CrimeNo, CaseNo, CrimeRegisteredDate, PolicePersonID, PoliceStationID, CaseCategoryID, GravityOffenceID, CrimeMajorHeadID, CrimeMinorHeadID, CaseStatusID, CourtID, IncidentFromDate, IncidentToDate, InfoReceivedPSDate, latitude, longitude, BriefFacts) VALUES (174, '200230022202400001', '202400001', '2024-09-05', 2, 22, 2, 3, 5, 31, 2, 32, '2024-09-05T00:36:00', '2024-09-05T02:36:00', '2024-09-05T05:36:00', 14.8079777, 74.2032943, 'The victim Rachit Maharaj, aged 24, was assaulted by the accused Tara Chaudhry near Sehgal Road, Ramanagara on 2024-09-05 at approximately 5:30 PM. The accused used a sharp weapon causing grievous injuries. The victim was rushed to District Hospital for treatment.');
INSERT INTO ComplainantDetails (ComplainantID, CaseMasterID, ComplainantName, AgeYear, OccupationID, ReligionID, CasteID, GenderID) VALUES (174, 174, 'Orinder Pandya', 62, 16, 1, 3, 1);
INSERT INTO Victim (VictimMasterID, CaseMasterID, VictimName, AgeYear, GenderID, VictimPolice) VALUES (243, 174, 'Rachit Maharaj', 57, 1, '0');
INSERT INTO Accused (AccusedMasterID, CaseMasterID, AccusedName, AgeYear, GenderID, PersonID) VALUES (420, 174, 'Tara Chaudhry', 49, 1, 'A1');
INSERT INTO ActSectionAssociation (CaseMasterID, ActID, SectionID, ActOrderID, SectionOrderID) VALUES (174, 'ITA', '66D', 1, 1);
INSERT INTO ArrestSurrender (ArrestSurrenderID, CaseMasterID, ArrestSurrenderTypeID, ArrestSurrenderDate, ArrestSurrenderStateId, ArrestSurrenderDistrictId, PoliceStationID, IOID, CourtID, AccusedMasterID, IsAccused, IsComplainantAccused) VALUES (135, 174, 2, '2024-11-02', 1, 23, 22, 14, 32, 420, TRUE, FALSE);
INSERT INTO inv_arrestsurrenderaccused (ArrestSurrenderID, AccusedMasterID) VALUES (135, 420);
INSERT INTO Inv_OccuranceTime (CaseMasterID, OccuranceFromDate, OccuranceToDate, PlaceOfOccurance, latitude, longitude) VALUES (174, '2024-09-05T00:36:00', '2024-09-05T02:36:00', 'Sehgal Road, Ramanagara', 14.8079777, 74.2032943);
INSERT INTO ChargesheetDetails (CSID, CaseMasterID, csdate, cstype, PolicePersonID) VALUES (47, 174, '2024-12-14', 'A', 70);

INSERT INTO CaseMaster (CaseMasterID, CrimeNo, CaseNo, CrimeRegisteredDate, PolicePersonID, PoliceStationID, CaseCategoryID, GravityOffenceID, CrimeMajorHeadID, CrimeMinorHeadID, CaseStatusID, CourtID, IncidentFromDate, IncidentToDate, InfoReceivedPSDate, latitude, longitude, BriefFacts) VALUES (175, '400300029202600001', '202600001', '2026-03-08', 68, 29, 4, 2, 3, 17, 6, 23, '2026-03-08T08:19:00', '2026-03-08T09:19:00', '2026-03-08T09:19:00', 14.2371836, 75.8778243, 'The complainant Yatan Merchant, a shopkeeper at Devan Marg, Bidar, reported that the accused Gagan Mammen along with others robbed the shop at knife-point on 2026-03-08 and fled with cash Rs. 250000 and valuables.');
INSERT INTO ComplainantDetails (ComplainantID, CaseMasterID, ComplainantName, AgeYear, OccupationID, ReligionID, CasteID, GenderID) VALUES (175, 175, 'Yatan Merchant', 39, 16, 3, 1, 2);
INSERT INTO Victim (VictimMasterID, CaseMasterID, VictimName, AgeYear, GenderID, VictimPolice) VALUES (244, 175, 'Nisha Srinivas', 10, 1, '0');
INSERT INTO Accused (AccusedMasterID, CaseMasterID, AccusedName, AgeYear, GenderID, PersonID) VALUES (421, 175, 'Gagan Mammen', 21, 2, 'A1');
INSERT INTO Accused (AccusedMasterID, CaseMasterID, AccusedName, AgeYear, GenderID, PersonID) VALUES (422, 175, 'Ryan Vora', 45, 2, 'A2');
INSERT INTO ActSectionAssociation (CaseMasterID, ActID, SectionID, ActOrderID, SectionOrderID) VALUES (175, 'IPC', '307', 1, 1);
INSERT INTO ActSectionAssociation (CaseMasterID, ActID, SectionID, ActOrderID, SectionOrderID) VALUES (175, 'POCSO', '4', 2, 2);
INSERT INTO ActSectionAssociation (CaseMasterID, ActID, SectionID, ActOrderID, SectionOrderID) VALUES (175, 'POCSO', '6', 3, 3);
INSERT INTO Inv_OccuranceTime (CaseMasterID, OccuranceFromDate, OccuranceToDate, PlaceOfOccurance, latitude, longitude) VALUES (175, '2026-03-08T08:19:00', '2026-03-08T09:19:00', 'Devan Marg, Bidar', 14.2371836, 75.8778243);

INSERT INTO CaseMaster (CaseMasterID, CrimeNo, CaseNo, CrimeRegisteredDate, PolicePersonID, PoliceStationID, CaseCategoryID, GravityOffenceID, CrimeMajorHeadID, CrimeMinorHeadID, CaseStatusID, CourtID, IncidentFromDate, IncidentToDate, InfoReceivedPSDate, latitude, longitude, BriefFacts) VALUES (176, '800230022202400002', '202400002', '2024-04-12', 72, 22, 8, 2, 1, 6, 3, 10, '2024-04-12T02:18:00', '2024-04-12T03:18:00', '2024-04-12T03:18:00', 12.8770919, 76.6335118, 'A cyber fraud was reported by Lavanya Parmer. The accused posed as a bank official and obtained OTP and banking credentials through a phone call on 2024-04-12. An amount of Rs. 100000 was fraudulently transferred from the complainant''s account.');
INSERT INTO ComplainantDetails (ComplainantID, CaseMasterID, ComplainantName, AgeYear, OccupationID, ReligionID, CasteID, GenderID) VALUES (176, 176, 'Lavanya Parmer', 39, 3, 3, 5, 2);
INSERT INTO Victim (VictimMasterID, CaseMasterID, VictimName, AgeYear, GenderID, VictimPolice) VALUES (245, 176, 'Vedhika Padmanabhan', 53, 2, '0');
INSERT INTO Accused (AccusedMasterID, CaseMasterID, AccusedName, AgeYear, GenderID, PersonID) VALUES (423, 176, 'Lipika Madan', 38, 2, 'A1');
INSERT INTO Accused (AccusedMasterID, CaseMasterID, AccusedName, AgeYear, GenderID, PersonID) VALUES (424, 176, 'Theodore Balan', 45, 2, 'A2');
INSERT INTO ActSectionAssociation (CaseMasterID, ActID, SectionID, ActOrderID, SectionOrderID) VALUES (176, 'ITA', '67', 1, 1);
INSERT INTO ActSectionAssociation (CaseMasterID, ActID, SectionID, ActOrderID, SectionOrderID) VALUES (176, 'IPC', '120B', 2, 2);
INSERT INTO ArrestSurrender (ArrestSurrenderID, CaseMasterID, ArrestSurrenderTypeID, ArrestSurrenderDate, ArrestSurrenderStateId, ArrestSurrenderDistrictId, PoliceStationID, IOID, CourtID, AccusedMasterID, IsAccused, IsComplainantAccused) VALUES (136, 176, 2, '2024-05-21', 1, 23, 22, 32, 10, 423, TRUE, FALSE);
INSERT INTO inv_arrestsurrenderaccused (ArrestSurrenderID, AccusedMasterID) VALUES (136, 423);
INSERT INTO ArrestSurrender (ArrestSurrenderID, CaseMasterID, ArrestSurrenderTypeID, ArrestSurrenderDate, ArrestSurrenderStateId, ArrestSurrenderDistrictId, PoliceStationID, IOID, CourtID, AccusedMasterID, IsAccused, IsComplainantAccused) VALUES (137, 176, 2, '2024-05-19', 1, 23, 22, 17, 10, 424, TRUE, FALSE);
INSERT INTO inv_arrestsurrenderaccused (ArrestSurrenderID, AccusedMasterID) VALUES (137, 424);
INSERT INTO Inv_OccuranceTime (CaseMasterID, OccuranceFromDate, OccuranceToDate, PlaceOfOccurance, latitude, longitude) VALUES (176, '2024-04-12T02:18:00', '2024-04-12T03:18:00', 'Bal Street, Ramanagara', 12.8770919, 76.6335118);

INSERT INTO CaseMaster (CaseMasterID, CrimeNo, CaseNo, CrimeRegisteredDate, PolicePersonID, PoliceStationID, CaseCategoryID, GravityOffenceID, CrimeMajorHeadID, CrimeMinorHeadID, CaseStatusID, CourtID, IncidentFromDate, IncidentToDate, InfoReceivedPSDate, latitude, longitude, BriefFacts) VALUES (177, '800190018202600001', '202600001', '2026-03-21', 73, 18, 8, 3, 1, 4, 3, 26, '2026-03-21T16:29:00', '2026-03-21T16:29:00', '2026-03-21T17:29:00', 12.8890628, 77.6142467, 'The victim Dalbir Sodhi, aged 39, was assaulted by the accused Viraj Dutta near Kota Zila, Gadag on 2026-03-21 at approximately 10:00 AM. The accused used a sharp weapon causing grievous injuries. The victim was rushed to Manipal Hospital for treatment.');
INSERT INTO ComplainantDetails (ComplainantID, CaseMasterID, ComplainantName, AgeYear, OccupationID, ReligionID, CasteID, GenderID) VALUES (177, 177, 'Dalbir Sodhi', 28, 8, 6, 2, 2);
INSERT INTO Victim (VictimMasterID, CaseMasterID, VictimName, AgeYear, GenderID, VictimPolice) VALUES (246, 177, 'Dalbir Sodhi', 5, 2, '0');
INSERT INTO Accused (AccusedMasterID, CaseMasterID, AccusedName, AgeYear, GenderID, PersonID) VALUES (425, 177, 'Viraj Dutta', 22, 1, 'A1');
INSERT INTO ActSectionAssociation (CaseMasterID, ActID, SectionID, ActOrderID, SectionOrderID) VALUES (177, 'IPC', '34', 1, 1);
INSERT INTO ArrestSurrender (ArrestSurrenderID, CaseMasterID, ArrestSurrenderTypeID, ArrestSurrenderDate, ArrestSurrenderStateId, ArrestSurrenderDistrictId, PoliceStationID, IOID, CourtID, AccusedMasterID, IsAccused, IsComplainantAccused) VALUES (138, 177, 1, '2026-04-20', 1, 19, 18, 65, 26, 425, TRUE, FALSE);
INSERT INTO inv_arrestsurrenderaccused (ArrestSurrenderID, AccusedMasterID) VALUES (138, 425);
INSERT INTO Inv_OccuranceTime (CaseMasterID, OccuranceFromDate, OccuranceToDate, PlaceOfOccurance, latitude, longitude) VALUES (177, '2026-03-21T16:29:00', '2026-03-21T16:29:00', 'Kota Zila, Gadag', 12.8890628, 77.6142467);

INSERT INTO CaseMaster (CaseMasterID, CrimeNo, CaseNo, CrimeRegisteredDate, PolicePersonID, PoliceStationID, CaseCategoryID, GravityOffenceID, CrimeMajorHeadID, CrimeMinorHeadID, CaseStatusID, CourtID, IncidentFromDate, IncidentToDate, InfoReceivedPSDate, latitude, longitude, BriefFacts) VALUES (178, '400140013202500001', '202500001', '2025-07-02', 8, 13, 4, 1, 3, 20, 2, 12, '2025-07-02T19:43:00', '2025-07-02T22:43:00', '2025-07-03T08:43:00', 17.3920456, 76.4602366, 'On 2025-07-02, the complainant Daksh Kanda reported that unknown persons broke into their residence at Bala Path, Hassan and stole cash amounting to Rs. 2500000 and gold ornaments. The accused Warjas Nadkarni was later identified through CCTV footage from a nearby shop.');
INSERT INTO ComplainantDetails (ComplainantID, CaseMasterID, ComplainantName, AgeYear, OccupationID, ReligionID, CasteID, GenderID) VALUES (178, 178, 'Daksh Kanda', 64, 4, 4, 4, 2);
INSERT INTO Victim (VictimMasterID, CaseMasterID, VictimName, AgeYear, GenderID, VictimPolice) VALUES (247, 178, 'Isha Ghose', 41, 2, '0');
INSERT INTO Accused (AccusedMasterID, CaseMasterID, AccusedName, AgeYear, GenderID, PersonID) VALUES (426, 178, 'Warjas Nadkarni', 55, 2, 'A1');
INSERT INTO ActSectionAssociation (CaseMasterID, ActID, SectionID, ActOrderID, SectionOrderID) VALUES (178, 'ITA', '66', 1, 1);
INSERT INTO Inv_OccuranceTime (CaseMasterID, OccuranceFromDate, OccuranceToDate, PlaceOfOccurance, latitude, longitude) VALUES (178, '2025-07-02T19:43:00', '2025-07-02T22:43:00', 'Bala Path, Hassan', 17.3920456, 76.4602366);
INSERT INTO ChargesheetDetails (CSID, CaseMasterID, csdate, cstype, PolicePersonID) VALUES (48, 178, '2025-10-30', 'A', 18);

INSERT INTO CaseMaster (CaseMasterID, CrimeNo, CaseNo, CrimeRegisteredDate, PolicePersonID, PoliceStationID, CaseCategoryID, GravityOffenceID, CrimeMajorHeadID, CrimeMinorHeadID, CaseStatusID, CourtID, IncidentFromDate, IncidentToDate, InfoReceivedPSDate, latitude, longitude, BriefFacts) VALUES (179, '400300029202500002', '202500002', '2025-08-22', 59, 29, 4, 3, 1, 1, 7, 23, '2025-08-22T16:24:00', '2025-08-22T20:24:00', '2025-08-22T21:24:00', 12.8948207, 74.947139, 'The complainant Lucky Guha, a shopkeeper at More Chowk, Bidar, reported that the accused Kala Divan along with others robbed the shop at knife-point on 2025-08-22 and fled with cash Rs. 100000 and valuables.');
INSERT INTO ComplainantDetails (ComplainantID, CaseMasterID, ComplainantName, AgeYear, OccupationID, ReligionID, CasteID, GenderID) VALUES (179, 179, 'Lucky Guha', 57, 12, 5, 5, 2);
INSERT INTO Victim (VictimMasterID, CaseMasterID, VictimName, AgeYear, GenderID, VictimPolice) VALUES (248, 179, 'Lucky Guha', 8, 3, '0');
INSERT INTO Accused (AccusedMasterID, CaseMasterID, AccusedName, AgeYear, GenderID, PersonID) VALUES (427, 179, 'Kala Divan', 24, 2, 'A1');
INSERT INTO ActSectionAssociation (CaseMasterID, ActID, SectionID, ActOrderID, SectionOrderID) VALUES (179, 'ITA', '66D', 1, 1);
INSERT INTO ActSectionAssociation (CaseMasterID, ActID, SectionID, ActOrderID, SectionOrderID) VALUES (179, 'NDPS', '27', 2, 2);
INSERT INTO ActSectionAssociation (CaseMasterID, ActID, SectionID, ActOrderID, SectionOrderID) VALUES (179, 'NDPS', '20', 3, 3);
INSERT INTO Inv_OccuranceTime (CaseMasterID, OccuranceFromDate, OccuranceToDate, PlaceOfOccurance, latitude, longitude) VALUES (179, '2025-08-22T16:24:00', '2025-08-22T20:24:00', 'More Chowk, Bidar', 12.8948207, 74.947139);

INSERT INTO CaseMaster (CaseMasterID, CrimeNo, CaseNo, CrimeRegisteredDate, PolicePersonID, PoliceStationID, CaseCategoryID, GravityOffenceID, CrimeMajorHeadID, CrimeMinorHeadID, CaseStatusID, CourtID, IncidentFromDate, IncidentToDate, InfoReceivedPSDate, latitude, longitude, BriefFacts) VALUES (180, '200250024202400001', '202400001', '2024-01-22', 50, 24, 2, 4, 1, 5, 1, 17, '2024-01-22T20:53:00', '2024-01-22T20:53:00', '2024-01-22T22:53:00', 12.9264101, 77.6119918, 'A cyber fraud was reported by Gautam Bhalla. The accused posed as a bank official and obtained OTP and banking credentials through a phone call on 2024-01-22. An amount of Rs. 1000000 was fraudulently transferred from the complainant''s account.');
INSERT INTO ComplainantDetails (ComplainantID, CaseMasterID, ComplainantName, AgeYear, OccupationID, ReligionID, CasteID, GenderID) VALUES (180, 180, 'Gautam Bhalla', 26, 7, 1, 2, 1);
INSERT INTO Victim (VictimMasterID, CaseMasterID, VictimName, AgeYear, GenderID, VictimPolice) VALUES (249, 180, 'Theodore Bahri', 57, 3, '0');
INSERT INTO Accused (AccusedMasterID, CaseMasterID, AccusedName, AgeYear, GenderID, PersonID) VALUES (428, 180, 'Aadi Narula', 29, 2, 'A1');
INSERT INTO ActSectionAssociation (CaseMasterID, ActID, SectionID, ActOrderID, SectionOrderID) VALUES (180, 'NDPS', '27', 1, 1);
INSERT INTO Inv_OccuranceTime (CaseMasterID, OccuranceFromDate, OccuranceToDate, PlaceOfOccurance, latitude, longitude) VALUES (180, '2024-01-22T20:53:00', '2024-01-22T20:53:00', 'Jaggi, Chikkamagaluru', 12.9264101, 77.6119918);

INSERT INTO CaseMaster (CaseMasterID, CrimeNo, CaseNo, CrimeRegisteredDate, PolicePersonID, PoliceStationID, CaseCategoryID, GravityOffenceID, CrimeMajorHeadID, CrimeMinorHeadID, CaseStatusID, CourtID, IncidentFromDate, IncidentToDate, InfoReceivedPSDate, latitude, longitude, BriefFacts) VALUES (181, '800130012202500002', '202500002', '2025-12-13', 46, 12, 8, 2, 1, 5, 2, 41, '2025-12-13T16:19:00', '2025-12-13T16:19:00', '2025-12-13T17:19:00', 12.9479427, 77.5836212, 'On 2025-12-13, at about 4:30 AM, the accused Adweta Edwin along with 3 associates formed an unlawful assembly near Dhar, Davanagere and attacked the complainant Peter Naik with lethal weapons resulting in injuries.');
INSERT INTO ComplainantDetails (ComplainantID, CaseMasterID, ComplainantName, AgeYear, OccupationID, ReligionID, CasteID, GenderID) VALUES (181, 181, 'Peter Naik', 52, 10, 4, 5, 1);
INSERT INTO Victim (VictimMasterID, CaseMasterID, VictimName, AgeYear, GenderID, VictimPolice) VALUES (250, 181, 'Anthony Divan', 19, 3, '0');
INSERT INTO Accused (AccusedMasterID, CaseMasterID, AccusedName, AgeYear, GenderID, PersonID) VALUES (429, 181, 'Adweta Edwin', 34, 1, 'A1');
INSERT INTO Accused (AccusedMasterID, CaseMasterID, AccusedName, AgeYear, GenderID, PersonID) VALUES (430, 181, 'Samar Lalla', 34, 1, 'A2');
INSERT INTO Accused (AccusedMasterID, CaseMasterID, AccusedName, AgeYear, GenderID, PersonID) VALUES (431, 181, 'Janya Bora', 21, 1, 'A3');
INSERT INTO Accused (AccusedMasterID, CaseMasterID, AccusedName, AgeYear, GenderID, PersonID) VALUES (432, 181, 'Meghana Chaudhuri', 39, 1, 'A4');
INSERT INTO Accused (AccusedMasterID, CaseMasterID, AccusedName, AgeYear, GenderID, PersonID) VALUES (433, 181, 'Chasmum Naidu', 22, 1, 'A5');
INSERT INTO ActSectionAssociation (CaseMasterID, ActID, SectionID, ActOrderID, SectionOrderID) VALUES (181, 'IPC', '498A', 1, 1);
INSERT INTO ActSectionAssociation (CaseMasterID, ActID, SectionID, ActOrderID, SectionOrderID) VALUES (181, 'IPC', '511', 2, 2);
INSERT INTO ArrestSurrender (ArrestSurrenderID, CaseMasterID, ArrestSurrenderTypeID, ArrestSurrenderDate, ArrestSurrenderStateId, ArrestSurrenderDistrictId, PoliceStationID, IOID, CourtID, AccusedMasterID, IsAccused, IsComplainantAccused) VALUES (139, 181, 1, '2026-01-28', 1, 13, 12, 14, 41, 431, TRUE, FALSE);
INSERT INTO inv_arrestsurrenderaccused (ArrestSurrenderID, AccusedMasterID) VALUES (139, 431);
INSERT INTO Inv_OccuranceTime (CaseMasterID, OccuranceFromDate, OccuranceToDate, PlaceOfOccurance, latitude, longitude) VALUES (181, '2025-12-13T16:19:00', '2025-12-13T16:19:00', 'Dhar, Davanagere', 12.9479427, 77.5836212);
INSERT INTO ChargesheetDetails (CSID, CaseMasterID, csdate, cstype, PolicePersonID) VALUES (49, 181, '2026-01-21', 'A', 64);

INSERT INTO CaseMaster (CaseMasterID, CrimeNo, CaseNo, CrimeRegisteredDate, PolicePersonID, PoliceStationID, CaseCategoryID, GravityOffenceID, CrimeMajorHeadID, CrimeMinorHeadID, CaseStatusID, CourtID, IncidentFromDate, IncidentToDate, InfoReceivedPSDate, latitude, longitude, BriefFacts) VALUES (182, '800090008202300001', '202300001', '2023-12-10', 45, 8, 8, 4, 5, 31, 1, 15, '2023-12-10T06:34:00', '2023-12-10T10:34:00', '2023-12-10T16:34:00', 13.0576547, 77.6089811, 'On 2023-12-10, the Anti-Narcotics squad conducted a raid at Menon Road, Tumakuru and seized 100 grams of cocaine from the possession of the accused Parth Radhakrishnan. The accused was found to be part of a supply chain operating across Hassan and Bidar.');
INSERT INTO ComplainantDetails (ComplainantID, CaseMasterID, ComplainantName, AgeYear, OccupationID, ReligionID, CasteID, GenderID) VALUES (182, 182, 'Rajeshri Sur', 23, 8, 2, 1, 1);
INSERT INTO Victim (VictimMasterID, CaseMasterID, VictimName, AgeYear, GenderID, VictimPolice) VALUES (251, 182, 'Owen Parikh', 73, 3, '1');
INSERT INTO Accused (AccusedMasterID, CaseMasterID, AccusedName, AgeYear, GenderID, PersonID) VALUES (434, 182, 'Parth Radhakrishnan', 33, 1, 'A1');
INSERT INTO Accused (AccusedMasterID, CaseMasterID, AccusedName, AgeYear, GenderID, PersonID) VALUES (435, 182, 'Tara Chaudhry', 46, 1, 'A2');
INSERT INTO Accused (AccusedMasterID, CaseMasterID, AccusedName, AgeYear, GenderID, PersonID) VALUES (436, 182, 'Peter Agarwal', 38, 2, 'A3');
INSERT INTO Accused (AccusedMasterID, CaseMasterID, AccusedName, AgeYear, GenderID, PersonID) VALUES (437, 182, 'Bachittar Gopal', 33, 2, 'A4');
INSERT INTO ActSectionAssociation (CaseMasterID, ActID, SectionID, ActOrderID, SectionOrderID) VALUES (182, 'ITA', '67', 1, 1);
INSERT INTO Inv_OccuranceTime (CaseMasterID, OccuranceFromDate, OccuranceToDate, PlaceOfOccurance, latitude, longitude) VALUES (182, '2023-12-10T06:34:00', '2023-12-10T10:34:00', 'Menon Road, Tumakuru', 13.0576547, 77.6089811);

INSERT INTO CaseMaster (CaseMasterID, CrimeNo, CaseNo, CrimeRegisteredDate, PolicePersonID, PoliceStationID, CaseCategoryID, GravityOffenceID, CrimeMajorHeadID, CrimeMinorHeadID, CaseStatusID, CourtID, IncidentFromDate, IncidentToDate, InfoReceivedPSDate, latitude, longitude, BriefFacts) VALUES (183, '100040003202500002', '202500002', '2025-05-04', 33, 3, 1, 2, 6, 32, 3, 23, '2025-05-04T09:23:00', '2025-05-04T13:23:00', '2025-05-04T17:23:00', 17.5113211, 75.9959383, 'The complainant Hemang Taneja reported domestic violence by husband Idika Nagarajan and in-laws. The accused demanded additional dowry of Rs. 500000 and subjected the complainant to physical and mental harassment since 5 years.');
INSERT INTO ComplainantDetails (ComplainantID, CaseMasterID, ComplainantName, AgeYear, OccupationID, ReligionID, CasteID, GenderID) VALUES (183, 183, 'Hemang Taneja', 29, 2, 2, 4, 2);
INSERT INTO Victim (VictimMasterID, CaseMasterID, VictimName, AgeYear, GenderID, VictimPolice) VALUES (252, 183, 'Garima Brahmbhatt', 7, 2, '0');
INSERT INTO Victim (VictimMasterID, CaseMasterID, VictimName, AgeYear, GenderID, VictimPolice) VALUES (253, 183, 'Sanya Apte', 39, 2, '0');
INSERT INTO Victim (VictimMasterID, CaseMasterID, VictimName, AgeYear, GenderID, VictimPolice) VALUES (254, 183, 'Shaurya Krish', 43, 1, '0');
INSERT INTO Accused (AccusedMasterID, CaseMasterID, AccusedName, AgeYear, GenderID, PersonID) VALUES (438, 183, 'Idika Nagarajan', 42, 2, 'A1');
INSERT INTO Accused (AccusedMasterID, CaseMasterID, AccusedName, AgeYear, GenderID, PersonID) VALUES (439, 183, 'Baghyawati Kade', 42, 2, 'A2');
INSERT INTO Accused (AccusedMasterID, CaseMasterID, AccusedName, AgeYear, GenderID, PersonID) VALUES (440, 183, 'Kevin Palla', 42, 1, 'A3');
INSERT INTO Accused (AccusedMasterID, CaseMasterID, AccusedName, AgeYear, GenderID, PersonID) VALUES (441, 183, 'Inaya Kunda', 52, 1, 'A4');
INSERT INTO ActSectionAssociation (CaseMasterID, ActID, SectionID, ActOrderID, SectionOrderID) VALUES (183, 'POCSO', '4', 1, 1);
INSERT INTO ActSectionAssociation (CaseMasterID, ActID, SectionID, ActOrderID, SectionOrderID) VALUES (183, 'POCSO', '6', 3, 3);
INSERT INTO Inv_OccuranceTime (CaseMasterID, OccuranceFromDate, OccuranceToDate, PlaceOfOccurance, latitude, longitude) VALUES (183, '2025-05-04T09:23:00', '2025-05-04T13:23:00', 'Chakrabarti Street, Mangaluru (DK)', 17.5113211, 75.9959383);

INSERT INTO CaseMaster (CaseMasterID, CrimeNo, CaseNo, CrimeRegisteredDate, PolicePersonID, PoliceStationID, CaseCategoryID, GravityOffenceID, CrimeMajorHeadID, CrimeMinorHeadID, CaseStatusID, CourtID, IncidentFromDate, IncidentToDate, InfoReceivedPSDate, latitude, longitude, BriefFacts) VALUES (184, '800080007202500001', '202500001', '2025-11-22', 4, 7, 8, 3, 7, 40, 2, 28, '2025-11-22T03:35:00', '2025-11-22T06:35:00', '2025-11-22T17:35:00', 17.9999653, 77.3858032, 'On 2025-11-22, the Anti-Narcotics squad conducted a raid at Prashad Path, Ballari and seized 250 grams of cocaine from the possession of the accused Waida Radhakrishnan. The accused was found to be part of a supply chain operating across Gadag and Davanagere.');
INSERT INTO ComplainantDetails (ComplainantID, CaseMasterID, ComplainantName, AgeYear, OccupationID, ReligionID, CasteID, GenderID) VALUES (184, 184, 'Chanakya Raju', 22, 9, 3, 3, 2);
INSERT INTO Victim (VictimMasterID, CaseMasterID, VictimName, AgeYear, GenderID, VictimPolice) VALUES (255, 184, 'Oni Ganesan', 6, 1, '0');
INSERT INTO Victim (VictimMasterID, CaseMasterID, VictimName, AgeYear, GenderID, VictimPolice) VALUES (256, 184, 'Varenya Kar', 46, 2, '0');
INSERT INTO Accused (AccusedMasterID, CaseMasterID, AccusedName, AgeYear, GenderID, PersonID) VALUES (442, 184, 'Waida Radhakrishnan', 19, 2, 'A1');
INSERT INTO Accused (AccusedMasterID, CaseMasterID, AccusedName, AgeYear, GenderID, PersonID) VALUES (443, 184, 'William Lanka', 40, 2, 'A2');
INSERT INTO ActSectionAssociation (CaseMasterID, ActID, SectionID, ActOrderID, SectionOrderID) VALUES (184, 'NDPS', '22', 1, 1);
INSERT INTO ActSectionAssociation (CaseMasterID, ActID, SectionID, ActOrderID, SectionOrderID) VALUES (184, 'IPC', '147', 2, 2);
INSERT INTO ActSectionAssociation (CaseMasterID, ActID, SectionID, ActOrderID, SectionOrderID) VALUES (184, 'IPC', '392', 3, 3);
INSERT INTO Inv_OccuranceTime (CaseMasterID, OccuranceFromDate, OccuranceToDate, PlaceOfOccurance, latitude, longitude) VALUES (184, '2025-11-22T03:35:00', '2025-11-22T06:35:00', 'Prashad Path, Ballari', 17.9999653, 77.3858032);
INSERT INTO ChargesheetDetails (CSID, CaseMasterID, csdate, cstype, PolicePersonID) VALUES (50, 184, '2026-05-12', 'A', 41);

INSERT INTO CaseMaster (CaseMasterID, CrimeNo, CaseNo, CrimeRegisteredDate, PolicePersonID, PoliceStationID, CaseCategoryID, GravityOffenceID, CrimeMajorHeadID, CrimeMinorHeadID, CaseStatusID, CourtID, IncidentFromDate, IncidentToDate, InfoReceivedPSDate, latitude, longitude, BriefFacts) VALUES (185, '100160015202400002', '202400002', '2024-01-08', 24, 15, 1, 3, 3, 18, 1, 32, '2024-01-08T01:14:00', '2024-01-08T01:14:00', '2024-01-08T11:14:00', 12.3376542, 76.6947104, 'The deceased Bahadurjit Menon, aged 55, was found dead under suspicious circumstances at Borah Zila, Mandya on 2024-01-08. The investigation revealed that the accused Eiravati Lal, who is a relative of the deceased, had a dispute over property worth Rs. 50000.');
INSERT INTO ComplainantDetails (ComplainantID, CaseMasterID, ComplainantName, AgeYear, OccupationID, ReligionID, CasteID, GenderID) VALUES (185, 185, 'Bahadurjit Menon', 48, 4, 5, 1, 1);
INSERT INTO Victim (VictimMasterID, CaseMasterID, VictimName, AgeYear, GenderID, VictimPolice) VALUES (257, 185, 'Bahadurjit Menon', 52, 3, '0');
INSERT INTO Accused (AccusedMasterID, CaseMasterID, AccusedName, AgeYear, GenderID, PersonID) VALUES (444, 185, 'Eiravati Lal', 36, 1, 'A1');
INSERT INTO Accused (AccusedMasterID, CaseMasterID, AccusedName, AgeYear, GenderID, PersonID) VALUES (445, 185, 'Faqid Dixit', 41, 2, 'A2');
INSERT INTO ActSectionAssociation (CaseMasterID, ActID, SectionID, ActOrderID, SectionOrderID) VALUES (185, 'POCSO', '6', 1, 1);
INSERT INTO ActSectionAssociation (CaseMasterID, ActID, SectionID, ActOrderID, SectionOrderID) VALUES (185, 'POCSO', '8', 2, 2);
INSERT INTO ArrestSurrender (ArrestSurrenderID, CaseMasterID, ArrestSurrenderTypeID, ArrestSurrenderDate, ArrestSurrenderStateId, ArrestSurrenderDistrictId, PoliceStationID, IOID, CourtID, AccusedMasterID, IsAccused, IsComplainantAccused) VALUES (140, 185, 1, '2024-03-07', 1, 16, 15, 76, 32, 444, TRUE, FALSE);
INSERT INTO inv_arrestsurrenderaccused (ArrestSurrenderID, AccusedMasterID) VALUES (140, 444);
INSERT INTO ArrestSurrender (ArrestSurrenderID, CaseMasterID, ArrestSurrenderTypeID, ArrestSurrenderDate, ArrestSurrenderStateId, ArrestSurrenderDistrictId, PoliceStationID, IOID, CourtID, AccusedMasterID, IsAccused, IsComplainantAccused) VALUES (141, 185, 1, '2024-01-09', 1, 16, 15, 78, 32, 445, TRUE, FALSE);
INSERT INTO inv_arrestsurrenderaccused (ArrestSurrenderID, AccusedMasterID) VALUES (141, 445);
INSERT INTO Inv_OccuranceTime (CaseMasterID, OccuranceFromDate, OccuranceToDate, PlaceOfOccurance, latitude, longitude) VALUES (185, '2024-01-08T01:14:00', '2024-01-08T01:14:00', 'Borah Zila, Mandya', 12.3376542, 76.6947104);

INSERT INTO CaseMaster (CaseMasterID, CrimeNo, CaseNo, CrimeRegisteredDate, PolicePersonID, PoliceStationID, CaseCategoryID, GravityOffenceID, CrimeMajorHeadID, CrimeMinorHeadID, CaseStatusID, CourtID, IncidentFromDate, IncidentToDate, InfoReceivedPSDate, latitude, longitude, BriefFacts) VALUES (186, '200270026202400001', '202400001', '2024-07-22', 41, 26, 2, 3, 2, 14, 1, 38, '2024-07-22T02:04:00', '2024-07-22T03:04:00', '2024-07-22T12:04:00', 12.1673733, 76.7583566, 'On 2024-07-22, the Anti-Narcotics squad conducted a raid at Saraf, Chamarajanagara and seized 250 grams of heroin from the possession of the accused Raagini Gala. The accused was found to be part of a supply chain operating across Raichur and Ballari.');
INSERT INTO ComplainantDetails (ComplainantID, CaseMasterID, ComplainantName, AgeYear, OccupationID, ReligionID, CasteID, GenderID) VALUES (186, 186, 'Naveen Borde', 43, 8, 4, 3, 1);
INSERT INTO Victim (VictimMasterID, CaseMasterID, VictimName, AgeYear, GenderID, VictimPolice) VALUES (258, 186, 'Hamsini Subramanian', 61, 3, '0');
INSERT INTO Accused (AccusedMasterID, CaseMasterID, AccusedName, AgeYear, GenderID, PersonID) VALUES (446, 186, 'Raagini Gala', 23, 2, 'A1');
INSERT INTO Accused (AccusedMasterID, CaseMasterID, AccusedName, AgeYear, GenderID, PersonID) VALUES (447, 186, 'Chatresh Chaudhuri', 22, 2, 'A2');
INSERT INTO ActSectionAssociation (CaseMasterID, ActID, SectionID, ActOrderID, SectionOrderID) VALUES (186, 'ITA', '66C', 1, 1);
INSERT INTO ActSectionAssociation (CaseMasterID, ActID, SectionID, ActOrderID, SectionOrderID) VALUES (186, 'ITA', '67', 2, 2);
INSERT INTO ActSectionAssociation (CaseMasterID, ActID, SectionID, ActOrderID, SectionOrderID) VALUES (186, 'NDPS', '27', 3, 3);
INSERT INTO Inv_OccuranceTime (CaseMasterID, OccuranceFromDate, OccuranceToDate, PlaceOfOccurance, latitude, longitude) VALUES (186, '2024-07-22T02:04:00', '2024-07-22T03:04:00', 'Saraf, Chamarajanagara', 12.1673733, 76.7583566);

INSERT INTO CaseMaster (CaseMasterID, CrimeNo, CaseNo, CrimeRegisteredDate, PolicePersonID, PoliceStationID, CaseCategoryID, GravityOffenceID, CrimeMajorHeadID, CrimeMinorHeadID, CaseStatusID, CourtID, IncidentFromDate, IncidentToDate, InfoReceivedPSDate, latitude, longitude, BriefFacts) VALUES (187, '200010030202400001', '202400001', '2024-07-10', 69, 30, 2, 2, 5, 27, 3, 9, '2024-07-10T03:05:00', '2024-07-10T06:05:00', '2024-07-10T12:05:00', 17.0709916, 75.5370731, 'On 2024-07-10, the complainant Nimrat Zachariah reported that their bus bearing registration number KA-07-EB-8068 was stolen from Char Ganj, Bengaluru Urban. The vehicle was parked outside a shopping mall and was found missing when the complainant returned.');
INSERT INTO ComplainantDetails (ComplainantID, CaseMasterID, ComplainantName, AgeYear, OccupationID, ReligionID, CasteID, GenderID) VALUES (187, 187, 'Nimrat Zachariah', 44, 14, 3, 2, 2);
INSERT INTO Victim (VictimMasterID, CaseMasterID, VictimName, AgeYear, GenderID, VictimPolice) VALUES (259, 187, 'Baghyawati Mishra', 35, 3, '0');
INSERT INTO Accused (AccusedMasterID, CaseMasterID, AccusedName, AgeYear, GenderID, PersonID) VALUES (448, 187, 'Pallavi Malhotra', 39, 1, 'A1');
INSERT INTO ActSectionAssociation (CaseMasterID, ActID, SectionID, ActOrderID, SectionOrderID) VALUES (187, 'IPC', '304', 1, 1);
INSERT INTO ActSectionAssociation (CaseMasterID, ActID, SectionID, ActOrderID, SectionOrderID) VALUES (187, 'POCSO', '6', 2, 2);
INSERT INTO ActSectionAssociation (CaseMasterID, ActID, SectionID, ActOrderID, SectionOrderID) VALUES (187, 'ITA', '67', 3, 3);
INSERT INTO Inv_OccuranceTime (CaseMasterID, OccuranceFromDate, OccuranceToDate, PlaceOfOccurance, latitude, longitude) VALUES (187, '2024-07-10T03:05:00', '2024-07-10T06:05:00', 'Char Ganj, Bengaluru Urban', 17.0709916, 75.5370731);

INSERT INTO CaseMaster (CaseMasterID, CrimeNo, CaseNo, CrimeRegisteredDate, PolicePersonID, PoliceStationID, CaseCategoryID, GravityOffenceID, CrimeMajorHeadID, CrimeMinorHeadID, CaseStatusID, CourtID, IncidentFromDate, IncidentToDate, InfoReceivedPSDate, latitude, longitude, BriefFacts) VALUES (188, '400110010202300001', '202300001', '2023-09-06', 62, 10, 4, 2, 2, 12, 3, 38, '2023-09-06T00:37:00', '2023-09-06T04:37:00', '2023-09-06T09:37:00', 18.0563501, 74.3770527, 'On 2023-09-06, at about 3:30 AM, the accused Chaitaly Srinivasan along with 6 associates formed an unlawful assembly near Chatterjee Ganj, Raichur and attacked the complainant Mitesh Bhagat with lethal weapons resulting in injuries.');
INSERT INTO ComplainantDetails (ComplainantID, CaseMasterID, ComplainantName, AgeYear, OccupationID, ReligionID, CasteID, GenderID) VALUES (188, 188, 'Mitesh Bhagat', 44, 11, 7, 2, 1);
INSERT INTO Victim (VictimMasterID, CaseMasterID, VictimName, AgeYear, GenderID, VictimPolice) VALUES (260, 188, 'Aarush Sane', 31, 2, '0');
INSERT INTO Accused (AccusedMasterID, CaseMasterID, AccusedName, AgeYear, GenderID, PersonID) VALUES (449, 188, 'Chaitaly Srinivasan', 38, 1, 'A1');
INSERT INTO Accused (AccusedMasterID, CaseMasterID, AccusedName, AgeYear, GenderID, PersonID) VALUES (450, 188, 'Samuel Garde', 28, 1, 'A2');
INSERT INTO ActSectionAssociation (CaseMasterID, ActID, SectionID, ActOrderID, SectionOrderID) VALUES (188, 'POCSO', '6', 1, 1);
INSERT INTO ActSectionAssociation (CaseMasterID, ActID, SectionID, ActOrderID, SectionOrderID) VALUES (188, 'ITA', '66C', 2, 2);
INSERT INTO Inv_OccuranceTime (CaseMasterID, OccuranceFromDate, OccuranceToDate, PlaceOfOccurance, latitude, longitude) VALUES (188, '2023-09-06T00:37:00', '2023-09-06T04:37:00', 'Chatterjee Ganj, Raichur', 18.0563501, 74.3770527);

INSERT INTO CaseMaster (CaseMasterID, CrimeNo, CaseNo, CrimeRegisteredDate, PolicePersonID, PoliceStationID, CaseCategoryID, GravityOffenceID, CrimeMajorHeadID, CrimeMinorHeadID, CaseStatusID, CourtID, IncidentFromDate, IncidentToDate, InfoReceivedPSDate, latitude, longitude, BriefFacts) VALUES (189, '300010030202500001', '202500001', '2025-06-12', 34, 30, 3, 1, 2, 15, 3, 10, '2025-06-12T00:38:00', '2025-06-12T00:38:00', '2025-06-12T08:38:00', 12.9128861, 74.7713691, 'On 2025-06-12, the complainant Urvashi D’Alia reported that unknown persons broke into their residence at Lanka Chowk, Bengaluru Urban and stole cash amounting to Rs. 500000 and gold ornaments. The accused Pallavi Malhotra was later identified through CCTV footage from a nearby shop.');
INSERT INTO ComplainantDetails (ComplainantID, CaseMasterID, ComplainantName, AgeYear, OccupationID, ReligionID, CasteID, GenderID) VALUES (189, 189, 'Urvashi D’Alia', 28, 9, 6, 1, 2);
INSERT INTO Victim (VictimMasterID, CaseMasterID, VictimName, AgeYear, GenderID, VictimPolice) VALUES (261, 189, 'Mitali Sinha', 33, 3, '0');
INSERT INTO Victim (VictimMasterID, CaseMasterID, VictimName, AgeYear, GenderID, VictimPolice) VALUES (262, 189, 'Lila Goyal', 25, 3, '0');
INSERT INTO Accused (AccusedMasterID, CaseMasterID, AccusedName, AgeYear, GenderID, PersonID) VALUES (451, 189, 'Pallavi Malhotra', 50, 1, 'A1');
INSERT INTO Accused (AccusedMasterID, CaseMasterID, AccusedName, AgeYear, GenderID, PersonID) VALUES (452, 189, 'Lakshmi Pingle', 38, 1, 'A2');
INSERT INTO ActSectionAssociation (CaseMasterID, ActID, SectionID, ActOrderID, SectionOrderID) VALUES (189, 'IPC', '363', 1, 1);
INSERT INTO ActSectionAssociation (CaseMasterID, ActID, SectionID, ActOrderID, SectionOrderID) VALUES (189, 'POCSO', '4', 2, 2);
INSERT INTO Inv_OccuranceTime (CaseMasterID, OccuranceFromDate, OccuranceToDate, PlaceOfOccurance, latitude, longitude) VALUES (189, '2025-06-12T00:38:00', '2025-06-12T00:38:00', 'Lanka Chowk, Bengaluru Urban', 12.9128861, 74.7713691);

INSERT INTO CaseMaster (CaseMasterID, CrimeNo, CaseNo, CrimeRegisteredDate, PolicePersonID, PoliceStationID, CaseCategoryID, GravityOffenceID, CrimeMajorHeadID, CrimeMinorHeadID, CaseStatusID, CourtID, IncidentFromDate, IncidentToDate, InfoReceivedPSDate, latitude, longitude, BriefFacts) VALUES (190, '100220021202400001', '202400001', '2024-02-03', 2, 21, 1, 2, 2, 9, 2, 15, '2024-02-03T05:46:00', '2024-02-03T08:46:00', '2024-02-03T12:46:00', 13.3570023, 74.681449, 'The victim Adya Sarraf, aged 51, was assaulted by the accused Adya Kara near Bhatia Road, Bagalkot on 2024-02-03 at approximately 12:15 PM. The accused used a sharp weapon causing grievous injuries. The victim was rushed to Sapthagiri Hospital for treatment.');
INSERT INTO ComplainantDetails (ComplainantID, CaseMasterID, ComplainantName, AgeYear, OccupationID, ReligionID, CasteID, GenderID) VALUES (190, 190, 'Adya Sarraf', 53, 6, 3, 2, 2);
INSERT INTO Victim (VictimMasterID, CaseMasterID, VictimName, AgeYear, GenderID, VictimPolice) VALUES (263, 190, 'Adya Sarraf', 67, 3, '0');
INSERT INTO Accused (AccusedMasterID, CaseMasterID, AccusedName, AgeYear, GenderID, PersonID) VALUES (453, 190, 'Adya Kara', 48, 2, 'A1');
INSERT INTO ActSectionAssociation (CaseMasterID, ActID, SectionID, ActOrderID, SectionOrderID) VALUES (190, 'NDPS', '20', 1, 1);
INSERT INTO Inv_OccuranceTime (CaseMasterID, OccuranceFromDate, OccuranceToDate, PlaceOfOccurance, latitude, longitude) VALUES (190, '2024-02-03T05:46:00', '2024-02-03T08:46:00', 'Bhatia Road, Bagalkot', 13.3570023, 74.681449);
INSERT INTO ChargesheetDetails (CSID, CaseMasterID, csdate, cstype, PolicePersonID) VALUES (51, 190, '2024-05-16', 'A', 54);

INSERT INTO CaseMaster (CaseMasterID, CrimeNo, CaseNo, CrimeRegisteredDate, PolicePersonID, PoliceStationID, CaseCategoryID, GravityOffenceID, CrimeMajorHeadID, CrimeMinorHeadID, CaseStatusID, CourtID, IncidentFromDate, IncidentToDate, InfoReceivedPSDate, latitude, longitude, BriefFacts) VALUES (191, '400120011202300001', '202300001', '2023-12-26', 32, 11, 4, 4, 1, 8, 1, 21, '2023-12-26T04:49:00', '2023-12-26T07:49:00', '2023-12-26T19:49:00', 13.93305, 75.7914019, 'On 2023-12-26, the complainant Frederick Padmanabhan reported that their auto-rickshaw bearing registration number KA-44-KN-7412 was stolen from Keer Chowk, Vijayapura. The vehicle was parked outside the office and was found missing when the complainant returned.');
INSERT INTO ComplainantDetails (ComplainantID, CaseMasterID, ComplainantName, AgeYear, OccupationID, ReligionID, CasteID, GenderID) VALUES (191, 191, 'Frederick Padmanabhan', 34, 11, 6, 1, 2);
INSERT INTO Victim (VictimMasterID, CaseMasterID, VictimName, AgeYear, GenderID, VictimPolice) VALUES (264, 191, 'Utkarsh Bhat', 33, 3, '0');
INSERT INTO Accused (AccusedMasterID, CaseMasterID, AccusedName, AgeYear, GenderID, PersonID) VALUES (454, 191, 'Omya Wason', 25, 2, 'A1');
INSERT INTO Accused (AccusedMasterID, CaseMasterID, AccusedName, AgeYear, GenderID, PersonID) VALUES (455, 191, 'Adweta Edwin', 19, 1, 'A2');
INSERT INTO ActSectionAssociation (CaseMasterID, ActID, SectionID, ActOrderID, SectionOrderID) VALUES (191, 'IPC', '427', 1, 1);
INSERT INTO ActSectionAssociation (CaseMasterID, ActID, SectionID, ActOrderID, SectionOrderID) VALUES (191, 'POCSO', '6', 2, 2);
INSERT INTO Inv_OccuranceTime (CaseMasterID, OccuranceFromDate, OccuranceToDate, PlaceOfOccurance, latitude, longitude) VALUES (191, '2023-12-26T04:49:00', '2023-12-26T07:49:00', 'Keer Chowk, Vijayapura', 13.93305, 75.7914019);

INSERT INTO CaseMaster (CaseMasterID, CrimeNo, CaseNo, CrimeRegisteredDate, PolicePersonID, PoliceStationID, CaseCategoryID, GravityOffenceID, CrimeMajorHeadID, CrimeMinorHeadID, CaseStatusID, CourtID, IncidentFromDate, IncidentToDate, InfoReceivedPSDate, latitude, longitude, BriefFacts) VALUES (192, '800040003202400002', '202400002', '2024-12-16', 7, 3, 8, 2, 4, 24, 2, 11, '2024-12-16T09:51:00', '2024-12-16T10:51:00', '2024-12-16T15:51:00', 14.268684, 77.2301923, 'On 2024-12-16, the complainant Megha Banerjee reported that their lorry bearing registration number KA-51-PB-3571 was stolen from Date Ganj, Mangaluru (DK). The vehicle was parked outside a commercial complex and was found missing when the complainant returned.');
INSERT INTO ComplainantDetails (ComplainantID, CaseMasterID, ComplainantName, AgeYear, OccupationID, ReligionID, CasteID, GenderID) VALUES (192, 192, 'Megha Banerjee', 35, 2, 3, 1, 2);
INSERT INTO Victim (VictimMasterID, CaseMasterID, VictimName, AgeYear, GenderID, VictimPolice) VALUES (265, 192, 'Jai Sen', 21, 3, '0');
INSERT INTO Accused (AccusedMasterID, CaseMasterID, AccusedName, AgeYear, GenderID, PersonID) VALUES (456, 192, 'Oliver Kakar', 22, 1, 'A1');
INSERT INTO Accused (AccusedMasterID, CaseMasterID, AccusedName, AgeYear, GenderID, PersonID) VALUES (457, 192, 'Pallavi Brar', 44, 1, 'A2');
INSERT INTO Accused (AccusedMasterID, CaseMasterID, AccusedName, AgeYear, GenderID, PersonID) VALUES (458, 192, 'Nitara Bakshi', 52, 1, 'A3');
INSERT INTO Accused (AccusedMasterID, CaseMasterID, AccusedName, AgeYear, GenderID, PersonID) VALUES (459, 192, 'Prisha Andra', 43, 1, 'A4');
INSERT INTO ActSectionAssociation (CaseMasterID, ActID, SectionID, ActOrderID, SectionOrderID) VALUES (192, 'POCSO', '6', 1, 1);
INSERT INTO ActSectionAssociation (CaseMasterID, ActID, SectionID, ActOrderID, SectionOrderID) VALUES (192, 'ITA', '66', 2, 2);
INSERT INTO ArrestSurrender (ArrestSurrenderID, CaseMasterID, ArrestSurrenderTypeID, ArrestSurrenderDate, ArrestSurrenderStateId, ArrestSurrenderDistrictId, PoliceStationID, IOID, CourtID, AccusedMasterID, IsAccused, IsComplainantAccused) VALUES (142, 192, 2, '2025-01-26', 1, 4, 3, 49, 11, 458, TRUE, FALSE);
INSERT INTO inv_arrestsurrenderaccused (ArrestSurrenderID, AccusedMasterID) VALUES (142, 458);
INSERT INTO Inv_OccuranceTime (CaseMasterID, OccuranceFromDate, OccuranceToDate, PlaceOfOccurance, latitude, longitude) VALUES (192, '2024-12-16T09:51:00', '2024-12-16T10:51:00', 'Date Ganj, Mangaluru (DK)', 14.268684, 77.2301923);
INSERT INTO ChargesheetDetails (CSID, CaseMasterID, csdate, cstype, PolicePersonID) VALUES (52, 192, '2025-03-30', 'A', 55);

INSERT INTO CaseMaster (CaseMasterID, CrimeNo, CaseNo, CrimeRegisteredDate, PolicePersonID, PoliceStationID, CaseCategoryID, GravityOffenceID, CrimeMajorHeadID, CrimeMinorHeadID, CaseStatusID, CourtID, IncidentFromDate, IncidentToDate, InfoReceivedPSDate, latitude, longitude, BriefFacts) VALUES (193, '100090008202600001', '202600001', '2026-07-01', 53, 8, 1, 3, 5, 31, 1, 35, '2026-07-01T12:23:00', '2026-07-01T16:23:00', '2026-07-02T03:23:00', 15.9079764, 74.5040273, 'On 2026-07-01, the complainant Saksham Divan reported that unknown persons broke into their residence at Rama Zila, Tumakuru and stole cash amounting to Rs. 10000 and gold ornaments. The accused Ekaja Bhavsar was later identified through CCTV footage from a nearby shop.');
INSERT INTO ComplainantDetails (ComplainantID, CaseMasterID, ComplainantName, AgeYear, OccupationID, ReligionID, CasteID, GenderID) VALUES (193, 193, 'Saksham Divan', 25, 5, 4, 5, 2);
INSERT INTO Victim (VictimMasterID, CaseMasterID, VictimName, AgeYear, GenderID, VictimPolice) VALUES (266, 193, 'Saksham Divan', 34, 1, '0');
INSERT INTO Accused (AccusedMasterID, CaseMasterID, AccusedName, AgeYear, GenderID, PersonID) VALUES (460, 193, 'Ekaja Bhavsar', 37, 2, 'A1');
INSERT INTO ActSectionAssociation (CaseMasterID, ActID, SectionID, ActOrderID, SectionOrderID) VALUES (193, 'IPC', '397', 1, 1);
INSERT INTO Inv_OccuranceTime (CaseMasterID, OccuranceFromDate, OccuranceToDate, PlaceOfOccurance, latitude, longitude) VALUES (193, '2026-07-01T12:23:00', '2026-07-01T16:23:00', 'Rama Zila, Tumakuru', 15.9079764, 74.5040273);

INSERT INTO CaseMaster (CaseMasterID, CrimeNo, CaseNo, CrimeRegisteredDate, PolicePersonID, PoliceStationID, CaseCategoryID, GravityOffenceID, CrimeMajorHeadID, CrimeMinorHeadID, CaseStatusID, CourtID, IncidentFromDate, IncidentToDate, InfoReceivedPSDate, latitude, longitude, BriefFacts) VALUES (194, '800150014202500002', '202500002', '2025-03-14', 1, 14, 8, 3, 2, 14, 3, 32, '2025-03-14T14:45:00', '2025-03-14T17:45:00', '2025-03-15T01:45:00', 15.4001817, 75.1147651, 'The victim Advik Virk, aged 24, was assaulted by the accused Isaiah Sachdeva near Divan Street, Chitradurga on 2025-03-14 at approximately 7:00 PM. The accused used a sharp weapon causing grievous injuries. The victim was rushed to KC General Hospital for treatment.');
INSERT INTO ComplainantDetails (ComplainantID, CaseMasterID, ComplainantName, AgeYear, OccupationID, ReligionID, CasteID, GenderID) VALUES (194, 194, 'Anya Venkatesh', 53, 16, 2, 5, 2);
INSERT INTO Victim (VictimMasterID, CaseMasterID, VictimName, AgeYear, GenderID, VictimPolice) VALUES (267, 194, 'Advik Virk', 42, 1, '0');
INSERT INTO Accused (AccusedMasterID, CaseMasterID, AccusedName, AgeYear, GenderID, PersonID) VALUES (461, 194, 'Isaiah Sachdeva', 35, 2, 'A1');
INSERT INTO ActSectionAssociation (CaseMasterID, ActID, SectionID, ActOrderID, SectionOrderID) VALUES (194, 'POCSO', '8', 1, 1);
INSERT INTO ActSectionAssociation (CaseMasterID, ActID, SectionID, ActOrderID, SectionOrderID) VALUES (194, 'NDPS', '20', 2, 2);
INSERT INTO Inv_OccuranceTime (CaseMasterID, OccuranceFromDate, OccuranceToDate, PlaceOfOccurance, latitude, longitude) VALUES (194, '2025-03-14T14:45:00', '2025-03-14T17:45:00', 'Divan Street, Chitradurga', 15.4001817, 75.1147651);

INSERT INTO CaseMaster (CaseMasterID, CrimeNo, CaseNo, CrimeRegisteredDate, PolicePersonID, PoliceStationID, CaseCategoryID, GravityOffenceID, CrimeMajorHeadID, CrimeMinorHeadID, CaseStatusID, CourtID, IncidentFromDate, IncidentToDate, InfoReceivedPSDate, latitude, longitude, BriefFacts) VALUES (195, '800240023202500001', '202500001', '2025-03-25', 48, 23, 8, 3, 5, 31, 2, 22, '2025-03-25T04:10:00', '2025-03-25T08:10:00', '2025-03-25T19:10:00', 16.5409118, 77.8357828, 'A case of cheating was reported by Hitesh Chaudhuri stating that the accused Samar Lalla fraudulently obtained Rs. 5000 by promising a job in a government department. The accused collected money over a period of 8 months and disappeared.');
INSERT INTO ComplainantDetails (ComplainantID, CaseMasterID, ComplainantName, AgeYear, OccupationID, ReligionID, CasteID, GenderID) VALUES (195, 195, 'Hitesh Chaudhuri', 24, 12, 6, 5, 1);
INSERT INTO Victim (VictimMasterID, CaseMasterID, VictimName, AgeYear, GenderID, VictimPolice) VALUES (268, 195, 'Hemangini Roy', 6, 1, '0');
INSERT INTO Accused (AccusedMasterID, CaseMasterID, AccusedName, AgeYear, GenderID, PersonID) VALUES (462, 195, 'Samar Lalla', 45, 2, 'A1');
INSERT INTO Accused (AccusedMasterID, CaseMasterID, AccusedName, AgeYear, GenderID, PersonID) VALUES (463, 195, 'Urvashi Barad', 43, 2, 'A2');
INSERT INTO Accused (AccusedMasterID, CaseMasterID, AccusedName, AgeYear, GenderID, PersonID) VALUES (464, 195, 'Anya Rau', 30, 1, 'A3');
INSERT INTO Accused (AccusedMasterID, CaseMasterID, AccusedName, AgeYear, GenderID, PersonID) VALUES (465, 195, 'Neelima Barad', 24, 1, 'A4');
INSERT INTO ActSectionAssociation (CaseMasterID, ActID, SectionID, ActOrderID, SectionOrderID) VALUES (195, 'NDPS', '22', 1, 1);
INSERT INTO ActSectionAssociation (CaseMasterID, ActID, SectionID, ActOrderID, SectionOrderID) VALUES (195, 'IPC', '324', 2, 2);
INSERT INTO Inv_OccuranceTime (CaseMasterID, OccuranceFromDate, OccuranceToDate, PlaceOfOccurance, latitude, longitude) VALUES (195, '2025-03-25T04:10:00', '2025-03-25T08:10:00', 'Rajagopal Road, Chikkaballapura', 16.5409118, 77.8357828);
INSERT INTO ChargesheetDetails (CSID, CaseMasterID, csdate, cstype, PolicePersonID) VALUES (53, 195, '2025-09-21', 'A', 50);

INSERT INTO CaseMaster (CaseMasterID, CrimeNo, CaseNo, CrimeRegisteredDate, PolicePersonID, PoliceStationID, CaseCategoryID, GravityOffenceID, CrimeMajorHeadID, CrimeMinorHeadID, CaseStatusID, CourtID, IncidentFromDate, IncidentToDate, InfoReceivedPSDate, latitude, longitude, BriefFacts) VALUES (196, '300200019202400001', '202400001', '2024-09-19', 76, 19, 3, 3, 7, 40, 3, 31, '2024-09-19T02:59:00', '2024-09-19T06:59:00', '2024-09-19T08:59:00', 13.0028776, 77.4475938, 'On 2024-09-19, the complainant Wazir Bawa reported that unknown persons broke into their residence at Nazareth Nagar, Haveri and stole cash amounting to Rs. 1000000 and gold ornaments. The accused Amruta Pradhan was later identified through CCTV footage from a nearby shop.');
INSERT INTO ComplainantDetails (ComplainantID, CaseMasterID, ComplainantName, AgeYear, OccupationID, ReligionID, CasteID, GenderID) VALUES (196, 196, 'Wazir Bawa', 42, 10, 7, 5, 2);
INSERT INTO Victim (VictimMasterID, CaseMasterID, VictimName, AgeYear, GenderID, VictimPolice) VALUES (269, 196, 'Wazir Bawa', 32, 1, '0');
INSERT INTO Accused (AccusedMasterID, CaseMasterID, AccusedName, AgeYear, GenderID, PersonID) VALUES (466, 196, 'Amruta Pradhan', 27, 2, 'A1');
INSERT INTO Accused (AccusedMasterID, CaseMasterID, AccusedName, AgeYear, GenderID, PersonID) VALUES (467, 196, 'Deepa Mand', 49, 2, 'A2');
INSERT INTO Accused (AccusedMasterID, CaseMasterID, AccusedName, AgeYear, GenderID, PersonID) VALUES (468, 196, 'Guneet Kari', 53, 2, 'A3');
INSERT INTO Accused (AccusedMasterID, CaseMasterID, AccusedName, AgeYear, GenderID, PersonID) VALUES (469, 196, 'Charita Savant', 29, 1, 'A4');
INSERT INTO ActSectionAssociation (CaseMasterID, ActID, SectionID, ActOrderID, SectionOrderID) VALUES (196, 'ITA', '66D', 1, 1);
INSERT INTO ActSectionAssociation (CaseMasterID, ActID, SectionID, ActOrderID, SectionOrderID) VALUES (196, 'ITA', '66C', 2, 2);
INSERT INTO Inv_OccuranceTime (CaseMasterID, OccuranceFromDate, OccuranceToDate, PlaceOfOccurance, latitude, longitude) VALUES (196, '2024-09-19T02:59:00', '2024-09-19T06:59:00', 'Nazareth Nagar, Haveri', 13.0028776, 77.4475938);

INSERT INTO CaseMaster (CaseMasterID, CrimeNo, CaseNo, CrimeRegisteredDate, PolicePersonID, PoliceStationID, CaseCategoryID, GravityOffenceID, CrimeMajorHeadID, CrimeMinorHeadID, CaseStatusID, CourtID, IncidentFromDate, IncidentToDate, InfoReceivedPSDate, latitude, longitude, BriefFacts) VALUES (197, '200140013202500001', '202500001', '2025-11-08', 48, 13, 2, 2, 1, 1, 1, 24, '2025-11-08T11:58:00', '2025-11-08T13:58:00', '2025-11-08T21:58:00', 12.9333653, 77.571601, 'On 2025-11-08, the complainant Amruta Saha reported that unknown persons broke into their residence at Prakash Circle, Hassan and stole cash amounting to Rs. 100000 and gold ornaments. The accused Niharika Sundaram was later identified through CCTV footage from a nearby shop.');
INSERT INTO ComplainantDetails (ComplainantID, CaseMasterID, ComplainantName, AgeYear, OccupationID, ReligionID, CasteID, GenderID) VALUES (197, 197, 'Amruta Saha', 61, 4, 1, 3, 1);
INSERT INTO Victim (VictimMasterID, CaseMasterID, VictimName, AgeYear, GenderID, VictimPolice) VALUES (270, 197, 'Raghav Sathe', 24, 3, '0');
INSERT INTO Accused (AccusedMasterID, CaseMasterID, AccusedName, AgeYear, GenderID, PersonID) VALUES (470, 197, 'Niharika Sundaram', 26, 1, 'A1');
INSERT INTO Accused (AccusedMasterID, CaseMasterID, AccusedName, AgeYear, GenderID, PersonID) VALUES (471, 197, 'Yutika Dutt', 25, 1, 'A2');
INSERT INTO Accused (AccusedMasterID, CaseMasterID, AccusedName, AgeYear, GenderID, PersonID) VALUES (472, 197, 'Deepa Toor', 21, 2, 'A3');
INSERT INTO Accused (AccusedMasterID, CaseMasterID, AccusedName, AgeYear, GenderID, PersonID) VALUES (473, 197, 'Adweta Edwin', 35, 1, 'A4');
INSERT INTO ActSectionAssociation (CaseMasterID, ActID, SectionID, ActOrderID, SectionOrderID) VALUES (197, 'IPC', '397', 1, 1);
INSERT INTO ActSectionAssociation (CaseMasterID, ActID, SectionID, ActOrderID, SectionOrderID) VALUES (197, 'POCSO', '8', 2, 2);
INSERT INTO ActSectionAssociation (CaseMasterID, ActID, SectionID, ActOrderID, SectionOrderID) VALUES (197, 'NDPS', '27', 3, 3);
INSERT INTO Inv_OccuranceTime (CaseMasterID, OccuranceFromDate, OccuranceToDate, PlaceOfOccurance, latitude, longitude) VALUES (197, '2025-11-08T11:58:00', '2025-11-08T13:58:00', 'Prakash Circle, Hassan', 12.9333653, 77.571601);

INSERT INTO CaseMaster (CaseMasterID, CrimeNo, CaseNo, CrimeRegisteredDate, PolicePersonID, PoliceStationID, CaseCategoryID, GravityOffenceID, CrimeMajorHeadID, CrimeMinorHeadID, CaseStatusID, CourtID, IncidentFromDate, IncidentToDate, InfoReceivedPSDate, latitude, longitude, BriefFacts) VALUES (198, '300180017202400001', '202400001', '2024-09-28', 2, 17, 3, 4, 5, 27, 4, 4, '2024-09-28T05:28:00', '2024-09-28T05:28:00', '2024-09-28T09:28:00', 12.8921401, 74.8739914, 'A cyber fraud was reported by Oscar Hans. The accused posed as a bank official and obtained OTP and banking credentials through a phone call on 2024-09-28. An amount of Rs. 2500000 was fraudulently transferred from the complainant''s account.');
INSERT INTO ComplainantDetails (ComplainantID, CaseMasterID, ComplainantName, AgeYear, OccupationID, ReligionID, CasteID, GenderID) VALUES (198, 198, 'Oscar Hans', 25, 6, 3, 5, 1);
INSERT INTO Victim (VictimMasterID, CaseMasterID, VictimName, AgeYear, GenderID, VictimPolice) VALUES (271, 198, 'Dalbir Krish', 6, 1, '0');
INSERT INTO Victim (VictimMasterID, CaseMasterID, VictimName, AgeYear, GenderID, VictimPolice) VALUES (272, 198, 'Jyoti Shetty', 63, 1, '0');
INSERT INTO Accused (AccusedMasterID, CaseMasterID, AccusedName, AgeYear, GenderID, PersonID) VALUES (474, 198, 'Tanmayi Bedi', 37, 1, 'A1');
INSERT INTO Accused (AccusedMasterID, CaseMasterID, AccusedName, AgeYear, GenderID, PersonID) VALUES (475, 198, 'Jatin Balasubramanian', 26, 2, 'A2');
INSERT INTO Accused (AccusedMasterID, CaseMasterID, AccusedName, AgeYear, GenderID, PersonID) VALUES (476, 198, 'Janya Baral', 36, 1, 'A3');
INSERT INTO Accused (AccusedMasterID, CaseMasterID, AccusedName, AgeYear, GenderID, PersonID) VALUES (477, 198, 'Kashish Suresh', 54, 2, 'A4');
INSERT INTO Accused (AccusedMasterID, CaseMasterID, AccusedName, AgeYear, GenderID, PersonID) VALUES (478, 198, 'Peter Som', 30, 2, 'A5');
INSERT INTO ActSectionAssociation (CaseMasterID, ActID, SectionID, ActOrderID, SectionOrderID) VALUES (198, 'NDPS', '22', 1, 1);
INSERT INTO ArrestSurrender (ArrestSurrenderID, CaseMasterID, ArrestSurrenderTypeID, ArrestSurrenderDate, ArrestSurrenderStateId, ArrestSurrenderDistrictId, PoliceStationID, IOID, CourtID, AccusedMasterID, IsAccused, IsComplainantAccused) VALUES (143, 198, 2, '2024-10-29', 1, 18, 17, 75, 4, 476, TRUE, FALSE);
INSERT INTO inv_arrestsurrenderaccused (ArrestSurrenderID, AccusedMasterID) VALUES (143, 476);
INSERT INTO ArrestSurrender (ArrestSurrenderID, CaseMasterID, ArrestSurrenderTypeID, ArrestSurrenderDate, ArrestSurrenderStateId, ArrestSurrenderDistrictId, PoliceStationID, IOID, CourtID, AccusedMasterID, IsAccused, IsComplainantAccused) VALUES (144, 198, 2, '2024-10-21', 1, 18, 17, 67, 4, 474, TRUE, FALSE);
INSERT INTO inv_arrestsurrenderaccused (ArrestSurrenderID, AccusedMasterID) VALUES (144, 474);
INSERT INTO Inv_OccuranceTime (CaseMasterID, OccuranceFromDate, OccuranceToDate, PlaceOfOccurance, latitude, longitude) VALUES (198, '2024-09-28T05:28:00', '2024-09-28T05:28:00', 'Issac Path, Udupi', 12.8921401, 74.8739914);

INSERT INTO CaseMaster (CaseMasterID, CrimeNo, CaseNo, CrimeRegisteredDate, PolicePersonID, PoliceStationID, CaseCategoryID, GravityOffenceID, CrimeMajorHeadID, CrimeMinorHeadID, CaseStatusID, CourtID, IncidentFromDate, IncidentToDate, InfoReceivedPSDate, latitude, longitude, BriefFacts) VALUES (199, '400280027202500001', '202500001', '2025-04-17', 22, 27, 4, 1, 7, 38, 1, 35, '2025-04-17T09:13:00', '2025-04-17T11:13:00', '2025-04-17T22:13:00', 15.7974992, 74.5725511, 'The complainant Hemangini Gade reported domestic violence by husband Libni Bawa and in-laws. The accused demanded additional dowry of Rs. 1000000 and subjected the complainant to physical and mental harassment since 2 years.');
INSERT INTO ComplainantDetails (ComplainantID, CaseMasterID, ComplainantName, AgeYear, OccupationID, ReligionID, CasteID, GenderID) VALUES (199, 199, 'Hemangini Gade', 44, 2, 3, 1, 2);
INSERT INTO Victim (VictimMasterID, CaseMasterID, VictimName, AgeYear, GenderID, VictimPolice) VALUES (273, 199, 'Gautam Mane', 6, 1, '0');
INSERT INTO Victim (VictimMasterID, CaseMasterID, VictimName, AgeYear, GenderID, VictimPolice) VALUES (274, 199, 'Umang Jhaveri', 47, 2, '0');
INSERT INTO Accused (AccusedMasterID, CaseMasterID, AccusedName, AgeYear, GenderID, PersonID) VALUES (479, 199, 'Libni Bawa', 40, 2, 'A1');
INSERT INTO ActSectionAssociation (CaseMasterID, ActID, SectionID, ActOrderID, SectionOrderID) VALUES (199, 'ITA', '66C', 1, 1);
INSERT INTO Inv_OccuranceTime (CaseMasterID, OccuranceFromDate, OccuranceToDate, PlaceOfOccurance, latitude, longitude) VALUES (199, '2025-04-17T09:13:00', '2025-04-17T11:13:00', 'Kala Street, Dharwad', 15.7974992, 74.5725511);

INSERT INTO CaseMaster (CaseMasterID, CrimeNo, CaseNo, CrimeRegisteredDate, PolicePersonID, PoliceStationID, CaseCategoryID, GravityOffenceID, CrimeMajorHeadID, CrimeMinorHeadID, CaseStatusID, CourtID, IncidentFromDate, IncidentToDate, InfoReceivedPSDate, latitude, longitude, BriefFacts) VALUES (200, '400270026202400003', '202400003', '2024-05-03', 79, 26, 4, 4, 7, 38, 2, 28, '2024-05-03T23:23:00', '2024-05-04T03:23:00', '2024-05-04T08:23:00', 14.8150045, 75.0961493, 'On 2024-05-03, the complainant Yochana Bahri reported that unknown persons broke into their residence at Mody Road, Chamarajanagara and stole cash amounting to Rs. 100000 and gold ornaments. The accused Abhiram Kapur was later identified through CCTV footage from a nearby shop.');
INSERT INTO ComplainantDetails (ComplainantID, CaseMasterID, ComplainantName, AgeYear, OccupationID, ReligionID, CasteID, GenderID) VALUES (200, 200, 'Yochana Bahri', 23, 3, 3, 2, 2);
INSERT INTO Victim (VictimMasterID, CaseMasterID, VictimName, AgeYear, GenderID, VictimPolice) VALUES (275, 200, 'Urvi Deo', 26, 2, '1');
INSERT INTO Accused (AccusedMasterID, CaseMasterID, AccusedName, AgeYear, GenderID, PersonID) VALUES (480, 200, 'Abhiram Kapur', 29, 2, 'A1');
INSERT INTO ActSectionAssociation (CaseMasterID, ActID, SectionID, ActOrderID, SectionOrderID) VALUES (200, 'IPC', '354', 1, 1);
INSERT INTO ActSectionAssociation (CaseMasterID, ActID, SectionID, ActOrderID, SectionOrderID) VALUES (200, 'NDPS', '20', 2, 2);
INSERT INTO ArrestSurrender (ArrestSurrenderID, CaseMasterID, ArrestSurrenderTypeID, ArrestSurrenderDate, ArrestSurrenderStateId, ArrestSurrenderDistrictId, PoliceStationID, IOID, CourtID, AccusedMasterID, IsAccused, IsComplainantAccused) VALUES (145, 200, 2, '2024-06-15', 1, 27, 26, 1, 28, 480, TRUE, FALSE);
INSERT INTO inv_arrestsurrenderaccused (ArrestSurrenderID, AccusedMasterID) VALUES (145, 480);
INSERT INTO Inv_OccuranceTime (CaseMasterID, OccuranceFromDate, OccuranceToDate, PlaceOfOccurance, latitude, longitude) VALUES (200, '2024-05-03T23:23:00', '2024-05-04T03:23:00', 'Mody Road, Chamarajanagara', 14.8150045, 75.0961493);
INSERT INTO ChargesheetDetails (CSID, CaseMasterID, csdate, cstype, PolicePersonID) VALUES (54, 200, '2024-10-02', 'A', 21);

INSERT INTO CaseMaster (CaseMasterID, CrimeNo, CaseNo, CrimeRegisteredDate, PolicePersonID, PoliceStationID, CaseCategoryID, GravityOffenceID, CrimeMajorHeadID, CrimeMinorHeadID, CaseStatusID, CourtID, IncidentFromDate, IncidentToDate, InfoReceivedPSDate, latitude, longitude, BriefFacts) VALUES (201, '300050004202500001', '202500001', '2025-09-02', 61, 4, 3, 4, 2, 14, 6, 25, '2025-09-02T03:24:00', '2025-09-02T04:24:00', '2025-09-02T09:24:00', 16.4435687, 77.4337528, 'On 2025-09-02, at about 11:45 AM, the accused Irya Ray along with 3 associates formed an unlawful assembly near Shukla Ganj, Hubballi-Dharwad and attacked the complainant Pallavi Puri with lethal weapons resulting in injuries.');
INSERT INTO ComplainantDetails (ComplainantID, CaseMasterID, ComplainantName, AgeYear, OccupationID, ReligionID, CasteID, GenderID) VALUES (201, 201, 'Pallavi Puri', 41, 1, 5, 5, 2);
INSERT INTO Victim (VictimMasterID, CaseMasterID, VictimName, AgeYear, GenderID, VictimPolice) VALUES (276, 201, 'Tripti Krishnan', 34, 1, '0');
INSERT INTO Victim (VictimMasterID, CaseMasterID, VictimName, AgeYear, GenderID, VictimPolice) VALUES (277, 201, 'Mekhala Chaudry', 10, 1, '0');
INSERT INTO Victim (VictimMasterID, CaseMasterID, VictimName, AgeYear, GenderID, VictimPolice) VALUES (278, 201, 'Yasti Prasad', 16, 2, '0');
INSERT INTO Accused (AccusedMasterID, CaseMasterID, AccusedName, AgeYear, GenderID, PersonID) VALUES (481, 201, 'Irya Ray', 27, 2, 'A1');
INSERT INTO ActSectionAssociation (CaseMasterID, ActID, SectionID, ActOrderID, SectionOrderID) VALUES (201, 'ITA', '67', 1, 1);
INSERT INTO ActSectionAssociation (CaseMasterID, ActID, SectionID, ActOrderID, SectionOrderID) VALUES (201, 'IPC', '392', 2, 2);
INSERT INTO Inv_OccuranceTime (CaseMasterID, OccuranceFromDate, OccuranceToDate, PlaceOfOccurance, latitude, longitude) VALUES (201, '2025-09-02T03:24:00', '2025-09-02T04:24:00', 'Shukla Ganj, Hubballi-Dharwad', 16.4435687, 77.4337528);

INSERT INTO CaseMaster (CaseMasterID, CrimeNo, CaseNo, CrimeRegisteredDate, PolicePersonID, PoliceStationID, CaseCategoryID, GravityOffenceID, CrimeMajorHeadID, CrimeMinorHeadID, CaseStatusID, CourtID, IncidentFromDate, IncidentToDate, InfoReceivedPSDate, latitude, longitude, BriefFacts) VALUES (202, '400070006202500001', '202500001', '2025-03-20', 21, 6, 4, 4, 8, 44, 2, 7, '2025-03-20T20:55:00', '2025-03-20T23:55:00', '2025-03-21T11:55:00', 12.925407, 77.6614025, 'The complainant Chanchal Chokshi, a shopkeeper at Nair Road, Kalaburagi, reported that the accused Tara Chaudhry along with others robbed the shop at knife-point on 2025-03-20 and fled with cash Rs. 500000 and valuables.');
INSERT INTO ComplainantDetails (ComplainantID, CaseMasterID, ComplainantName, AgeYear, OccupationID, ReligionID, CasteID, GenderID) VALUES (202, 202, 'Chanchal Chokshi', 54, 12, 1, 2, 2);
INSERT INTO Victim (VictimMasterID, CaseMasterID, VictimName, AgeYear, GenderID, VictimPolice) VALUES (279, 202, 'Devansh Nayar', 54, 3, '0');
INSERT INTO Accused (AccusedMasterID, CaseMasterID, AccusedName, AgeYear, GenderID, PersonID) VALUES (482, 202, 'Tara Chaudhry', 55, 2, 'A1');
INSERT INTO ActSectionAssociation (CaseMasterID, ActID, SectionID, ActOrderID, SectionOrderID) VALUES (202, 'ITA', '67', 1, 1);
INSERT INTO ArrestSurrender (ArrestSurrenderID, CaseMasterID, ArrestSurrenderTypeID, ArrestSurrenderDate, ArrestSurrenderStateId, ArrestSurrenderDistrictId, PoliceStationID, IOID, CourtID, AccusedMasterID, IsAccused, IsComplainantAccused) VALUES (146, 202, 2, '2025-03-27', 1, 7, 6, 59, 7, 482, TRUE, FALSE);
INSERT INTO inv_arrestsurrenderaccused (ArrestSurrenderID, AccusedMasterID) VALUES (146, 482);
INSERT INTO Inv_OccuranceTime (CaseMasterID, OccuranceFromDate, OccuranceToDate, PlaceOfOccurance, latitude, longitude) VALUES (202, '2025-03-20T20:55:00', '2025-03-20T23:55:00', 'Nair Road, Kalaburagi', 12.925407, 77.6614025);
INSERT INTO ChargesheetDetails (CSID, CaseMasterID, csdate, cstype, PolicePersonID) VALUES (55, 202, '2025-07-21', 'A', 7);

INSERT INTO CaseMaster (CaseMasterID, CrimeNo, CaseNo, CrimeRegisteredDate, PolicePersonID, PoliceStationID, CaseCategoryID, GravityOffenceID, CrimeMajorHeadID, CrimeMinorHeadID, CaseStatusID, CourtID, IncidentFromDate, IncidentToDate, InfoReceivedPSDate, latitude, longitude, BriefFacts) VALUES (203, '800230022202600001', '202600001', '2026-02-12', 48, 22, 8, 3, 5, 28, 1, 19, '2026-02-12T09:22:00', '2026-02-12T12:22:00', '2026-02-12T12:22:00', 11.6647124, 75.2025598, 'On 2026-02-12, the complainant Chanchal Guha reported that unknown persons broke into their residence at Bal Street, Ramanagara and stole cash amounting to Rs. 2500000 and gold ornaments. The accused Netra Nagarajan was later identified through CCTV footage from a nearby shop.');
INSERT INTO ComplainantDetails (ComplainantID, CaseMasterID, ComplainantName, AgeYear, OccupationID, ReligionID, CasteID, GenderID) VALUES (203, 203, 'Chanchal Guha', 59, 8, 7, 5, 2);
INSERT INTO Victim (VictimMasterID, CaseMasterID, VictimName, AgeYear, GenderID, VictimPolice) VALUES (280, 203, 'Zansi Khosla', 46, 2, '1');
INSERT INTO Accused (AccusedMasterID, CaseMasterID, AccusedName, AgeYear, GenderID, PersonID) VALUES (483, 203, 'Netra Nagarajan', 24, 2, 'A1');
INSERT INTO Accused (AccusedMasterID, CaseMasterID, AccusedName, AgeYear, GenderID, PersonID) VALUES (484, 203, 'Chakrika Lad', 23, 2, 'A2');
INSERT INTO ActSectionAssociation (CaseMasterID, ActID, SectionID, ActOrderID, SectionOrderID) VALUES (203, 'POCSO', '6', 1, 1);
INSERT INTO ActSectionAssociation (CaseMasterID, ActID, SectionID, ActOrderID, SectionOrderID) VALUES (203, 'ITA', '66', 2, 2);
INSERT INTO ActSectionAssociation (CaseMasterID, ActID, SectionID, ActOrderID, SectionOrderID) VALUES (203, 'NDPS', '27', 3, 3);
INSERT INTO ArrestSurrender (ArrestSurrenderID, CaseMasterID, ArrestSurrenderTypeID, ArrestSurrenderDate, ArrestSurrenderStateId, ArrestSurrenderDistrictId, PoliceStationID, IOID, CourtID, AccusedMasterID, IsAccused, IsComplainantAccused) VALUES (147, 203, 1, '2026-02-19', 1, 23, 22, 74, 19, 484, TRUE, FALSE);
INSERT INTO inv_arrestsurrenderaccused (ArrestSurrenderID, AccusedMasterID) VALUES (147, 484);
INSERT INTO Inv_OccuranceTime (CaseMasterID, OccuranceFromDate, OccuranceToDate, PlaceOfOccurance, latitude, longitude) VALUES (203, '2026-02-12T09:22:00', '2026-02-12T12:22:00', 'Bal Street, Ramanagara', 11.6647124, 75.2025598);

INSERT INTO CaseMaster (CaseMasterID, CrimeNo, CaseNo, CrimeRegisteredDate, PolicePersonID, PoliceStationID, CaseCategoryID, GravityOffenceID, CrimeMajorHeadID, CrimeMinorHeadID, CaseStatusID, CourtID, IncidentFromDate, IncidentToDate, InfoReceivedPSDate, latitude, longitude, BriefFacts) VALUES (204, '300110010202600001', '202600001', '2026-04-02', 79, 10, 3, 2, 1, 4, 1, 31, '2026-04-02T05:17:00', '2026-04-02T09:17:00', '2026-04-02T19:17:00', 15.8378489, 74.5731796, 'A case of cheating was reported by Lipika Banik stating that the accused Hemal Kapadia fraudulently obtained Rs. 50000 by promising a job in a government department. The accused collected money over a period of 15 months and disappeared.');
INSERT INTO ComplainantDetails (ComplainantID, CaseMasterID, ComplainantName, AgeYear, OccupationID, ReligionID, CasteID, GenderID) VALUES (204, 204, 'Lipika Banik', 40, 8, 1, 5, 2);
INSERT INTO Victim (VictimMasterID, CaseMasterID, VictimName, AgeYear, GenderID, VictimPolice) VALUES (281, 204, 'Lipika Banik', 63, 3, '0');
INSERT INTO Victim (VictimMasterID, CaseMasterID, VictimName, AgeYear, GenderID, VictimPolice) VALUES (282, 204, 'Yashica Mital', 47, 3, '0');
INSERT INTO Accused (AccusedMasterID, CaseMasterID, AccusedName, AgeYear, GenderID, PersonID) VALUES (485, 204, 'Hemal Kapadia', 18, 2, 'A1');
INSERT INTO Accused (AccusedMasterID, CaseMasterID, AccusedName, AgeYear, GenderID, PersonID) VALUES (486, 204, 'Pratyush Memon', 40, 2, 'A2');
INSERT INTO Accused (AccusedMasterID, CaseMasterID, AccusedName, AgeYear, GenderID, PersonID) VALUES (487, 204, 'Urishilla Dave', 49, 1, 'A3');
INSERT INTO Accused (AccusedMasterID, CaseMasterID, AccusedName, AgeYear, GenderID, PersonID) VALUES (488, 204, 'Qadim Nayak', 28, 2, 'A4');
INSERT INTO Accused (AccusedMasterID, CaseMasterID, AccusedName, AgeYear, GenderID, PersonID) VALUES (489, 204, 'Tristan Pant', 20, 1, 'A5');
INSERT INTO ActSectionAssociation (CaseMasterID, ActID, SectionID, ActOrderID, SectionOrderID) VALUES (204, 'ITA', '66D', 1, 1);
INSERT INTO ActSectionAssociation (CaseMasterID, ActID, SectionID, ActOrderID, SectionOrderID) VALUES (204, 'IPC', '376', 2, 2);
INSERT INTO ActSectionAssociation (CaseMasterID, ActID, SectionID, ActOrderID, SectionOrderID) VALUES (204, 'POCSO', '6', 3, 3);
INSERT INTO ArrestSurrender (ArrestSurrenderID, CaseMasterID, ArrestSurrenderTypeID, ArrestSurrenderDate, ArrestSurrenderStateId, ArrestSurrenderDistrictId, PoliceStationID, IOID, CourtID, AccusedMasterID, IsAccused, IsComplainantAccused) VALUES (148, 204, 1, '2026-04-03', 1, 11, 10, 80, 31, 488, TRUE, FALSE);
INSERT INTO inv_arrestsurrenderaccused (ArrestSurrenderID, AccusedMasterID) VALUES (148, 488);
INSERT INTO ArrestSurrender (ArrestSurrenderID, CaseMasterID, ArrestSurrenderTypeID, ArrestSurrenderDate, ArrestSurrenderStateId, ArrestSurrenderDistrictId, PoliceStationID, IOID, CourtID, AccusedMasterID, IsAccused, IsComplainantAccused) VALUES (149, 204, 1, '2026-05-09', 1, 11, 10, 80, 31, 489, TRUE, FALSE);
INSERT INTO inv_arrestsurrenderaccused (ArrestSurrenderID, AccusedMasterID) VALUES (149, 489);
INSERT INTO Inv_OccuranceTime (CaseMasterID, OccuranceFromDate, OccuranceToDate, PlaceOfOccurance, latitude, longitude) VALUES (204, '2026-04-02T05:17:00', '2026-04-02T09:17:00', 'Soni Circle, Raichur', 15.8378489, 74.5731796);

INSERT INTO CaseMaster (CaseMasterID, CrimeNo, CaseNo, CrimeRegisteredDate, PolicePersonID, PoliceStationID, CaseCategoryID, GravityOffenceID, CrimeMajorHeadID, CrimeMinorHeadID, CaseStatusID, CourtID, IncidentFromDate, IncidentToDate, InfoReceivedPSDate, latitude, longitude, BriefFacts) VALUES (205, '300200019202400002', '202400002', '2024-03-14', 56, 19, 3, 4, 1, 2, 3, 19, '2024-03-14T17:08:00', '2024-03-14T20:08:00', '2024-03-15T05:08:00', 15.8980985, 74.4945574, 'On 2024-03-14, the complainant Osha Narula reported that their auto-rickshaw bearing registration number KA-49-GN-5569 was stolen from Dalal Chowk, Haveri. The vehicle was parked outside a commercial complex and was found missing when the complainant returned.');
INSERT INTO ComplainantDetails (ComplainantID, CaseMasterID, ComplainantName, AgeYear, OccupationID, ReligionID, CasteID, GenderID) VALUES (205, 205, 'Osha Narula', 60, 11, 5, 5, 2);
INSERT INTO Victim (VictimMasterID, CaseMasterID, VictimName, AgeYear, GenderID, VictimPolice) VALUES (283, 205, 'Abha Menon', 56, 2, '0');
INSERT INTO Accused (AccusedMasterID, CaseMasterID, AccusedName, AgeYear, GenderID, PersonID) VALUES (490, 205, 'Baghyawati Kade', 46, 1, 'A1');
INSERT INTO ActSectionAssociation (CaseMasterID, ActID, SectionID, ActOrderID, SectionOrderID) VALUES (205, 'ITA', '66D', 1, 1);
INSERT INTO ArrestSurrender (ArrestSurrenderID, CaseMasterID, ArrestSurrenderTypeID, ArrestSurrenderDate, ArrestSurrenderStateId, ArrestSurrenderDistrictId, PoliceStationID, IOID, CourtID, AccusedMasterID, IsAccused, IsComplainantAccused) VALUES (150, 205, 1, '2024-04-24', 1, 20, 19, 13, 19, 490, TRUE, FALSE);
INSERT INTO inv_arrestsurrenderaccused (ArrestSurrenderID, AccusedMasterID) VALUES (150, 490);
INSERT INTO Inv_OccuranceTime (CaseMasterID, OccuranceFromDate, OccuranceToDate, PlaceOfOccurance, latitude, longitude) VALUES (205, '2024-03-14T17:08:00', '2024-03-14T20:08:00', 'Dalal Chowk, Haveri', 15.8980985, 74.4945574);

INSERT INTO CaseMaster (CaseMasterID, CrimeNo, CaseNo, CrimeRegisteredDate, PolicePersonID, PoliceStationID, CaseCategoryID, GravityOffenceID, CrimeMajorHeadID, CrimeMinorHeadID, CaseStatusID, CourtID, IncidentFromDate, IncidentToDate, InfoReceivedPSDate, latitude, longitude, BriefFacts) VALUES (206, '400200019202400002', '202400002', '2024-12-10', 54, 19, 4, 4, 5, 27, 1, 2, '2024-12-10T02:38:00', '2024-12-10T06:38:00', '2024-12-10T17:38:00', 12.4700043, 76.7896413, 'On 2024-12-10, the complainant Urmi Hayer reported that their SUV bearing registration number KA-33-GF-8500 was stolen from Sachdev Road, Haveri. The vehicle was parked outside a commercial complex and was found missing when the complainant returned.');
INSERT INTO ComplainantDetails (ComplainantID, CaseMasterID, ComplainantName, AgeYear, OccupationID, ReligionID, CasteID, GenderID) VALUES (206, 206, 'Urmi Hayer', 40, 5, 3, 1, 1);
INSERT INTO Victim (VictimMasterID, CaseMasterID, VictimName, AgeYear, GenderID, VictimPolice) VALUES (284, 206, 'Lakshmi Wagle', 64, 2, '0');
INSERT INTO Accused (AccusedMasterID, CaseMasterID, AccusedName, AgeYear, GenderID, PersonID) VALUES (491, 206, 'Faqid Dixit', 33, 1, 'A1');
INSERT INTO Accused (AccusedMasterID, CaseMasterID, AccusedName, AgeYear, GenderID, PersonID) VALUES (492, 206, 'Matthew Devan', 50, 1, 'A2');
INSERT INTO ActSectionAssociation (CaseMasterID, ActID, SectionID, ActOrderID, SectionOrderID) VALUES (206, 'POCSO', '4', 1, 1);
INSERT INTO ActSectionAssociation (CaseMasterID, ActID, SectionID, ActOrderID, SectionOrderID) VALUES (206, 'NDPS', '22', 2, 2);
INSERT INTO ActSectionAssociation (CaseMasterID, ActID, SectionID, ActOrderID, SectionOrderID) VALUES (206, 'IPC', '302', 3, 3);
INSERT INTO Inv_OccuranceTime (CaseMasterID, OccuranceFromDate, OccuranceToDate, PlaceOfOccurance, latitude, longitude) VALUES (206, '2024-12-10T02:38:00', '2024-12-10T06:38:00', 'Sachdev Road, Haveri', 12.4700043, 76.7896413);

INSERT INTO CaseMaster (CaseMasterID, CrimeNo, CaseNo, CrimeRegisteredDate, PolicePersonID, PoliceStationID, CaseCategoryID, GravityOffenceID, CrimeMajorHeadID, CrimeMinorHeadID, CaseStatusID, CourtID, IncidentFromDate, IncidentToDate, InfoReceivedPSDate, latitude, longitude, BriefFacts) VALUES (207, '400290028202600001', '202600001', '2026-07-05', 67, 28, 4, 4, 4, 25, 1, 27, '2026-07-05T22:49:00', '2026-07-06T02:49:00', '2026-07-06T12:49:00', 17.6834993, 76.4180365, 'The deceased Diya Gole, aged 48, was found dead under suspicious circumstances at Munshi Street, Uttara Kannada on 2026-07-05. The investigation revealed that the accused Vinaya Natarajan, who is a relative of the deceased, had a dispute over property worth Rs. 500000.');
INSERT INTO ComplainantDetails (ComplainantID, CaseMasterID, ComplainantName, AgeYear, OccupationID, ReligionID, CasteID, GenderID) VALUES (207, 207, 'Nimrat Shankar', 57, 4, 6, 2, 2);
INSERT INTO Victim (VictimMasterID, CaseMasterID, VictimName, AgeYear, GenderID, VictimPolice) VALUES (285, 207, 'Diya Gole', 48, 1, '0');
INSERT INTO Accused (AccusedMasterID, CaseMasterID, AccusedName, AgeYear, GenderID, PersonID) VALUES (493, 207, 'Vinaya Natarajan', 31, 2, 'A1');
INSERT INTO Accused (AccusedMasterID, CaseMasterID, AccusedName, AgeYear, GenderID, PersonID) VALUES (494, 207, 'Kala Divan', 22, 2, 'A2');
INSERT INTO Accused (AccusedMasterID, CaseMasterID, AccusedName, AgeYear, GenderID, PersonID) VALUES (495, 207, 'Aayush Seth', 49, 1, 'A3');
INSERT INTO ActSectionAssociation (CaseMasterID, ActID, SectionID, ActOrderID, SectionOrderID) VALUES (207, 'POCSO', '6', 1, 1);
INSERT INTO ActSectionAssociation (CaseMasterID, ActID, SectionID, ActOrderID, SectionOrderID) VALUES (207, 'ITA', '66D', 2, 2);
INSERT INTO Inv_OccuranceTime (CaseMasterID, OccuranceFromDate, OccuranceToDate, PlaceOfOccurance, latitude, longitude) VALUES (207, '2026-07-05T22:49:00', '2026-07-06T02:49:00', 'Munshi Street, Uttara Kannada', 17.6834993, 76.4180365);

INSERT INTO CaseMaster (CaseMasterID, CrimeNo, CaseNo, CrimeRegisteredDate, PolicePersonID, PoliceStationID, CaseCategoryID, GravityOffenceID, CrimeMajorHeadID, CrimeMinorHeadID, CaseStatusID, CourtID, IncidentFromDate, IncidentToDate, InfoReceivedPSDate, latitude, longitude, BriefFacts) VALUES (208, '300200019202400003', '202400003', '2024-05-08', 36, 19, 3, 1, 2, 9, 1, 19, '2024-05-08T09:45:00', '2024-05-08T10:45:00', '2024-05-08T19:45:00', 15.2918287, 75.0932566, 'The deceased Kai Saraf, aged 61, was found dead under suspicious circumstances at Rajagopal Chowk, Haveri on 2024-05-08. The investigation revealed that the accused Netra Sanghvi, who is a relative of the deceased, had a dispute over property worth Rs. 25000.');
INSERT INTO ComplainantDetails (ComplainantID, CaseMasterID, ComplainantName, AgeYear, OccupationID, ReligionID, CasteID, GenderID) VALUES (208, 208, 'Nathan Suri', 43, 13, 4, 5, 1);
INSERT INTO Victim (VictimMasterID, CaseMasterID, VictimName, AgeYear, GenderID, VictimPolice) VALUES (286, 208, 'Kai Saraf', 24, 3, '0');
INSERT INTO Victim (VictimMasterID, CaseMasterID, VictimName, AgeYear, GenderID, VictimPolice) VALUES (287, 208, 'Baljiwan Walla', 45, 3, '0');
INSERT INTO Victim (VictimMasterID, CaseMasterID, VictimName, AgeYear, GenderID, VictimPolice) VALUES (288, 208, 'Kashvi Atwal', 67, 3, '0');
INSERT INTO Accused (AccusedMasterID, CaseMasterID, AccusedName, AgeYear, GenderID, PersonID) VALUES (496, 208, 'Netra Sanghvi', 29, 2, 'A1');
INSERT INTO Accused (AccusedMasterID, CaseMasterID, AccusedName, AgeYear, GenderID, PersonID) VALUES (497, 208, 'Rayaan Badami', 18, 1, 'A2');
INSERT INTO ActSectionAssociation (CaseMasterID, ActID, SectionID, ActOrderID, SectionOrderID) VALUES (208, 'NDPS', '22', 1, 1);
INSERT INTO ActSectionAssociation (CaseMasterID, ActID, SectionID, ActOrderID, SectionOrderID) VALUES (208, 'NDPS', '20', 2, 2);
INSERT INTO ArrestSurrender (ArrestSurrenderID, CaseMasterID, ArrestSurrenderTypeID, ArrestSurrenderDate, ArrestSurrenderStateId, ArrestSurrenderDistrictId, PoliceStationID, IOID, CourtID, AccusedMasterID, IsAccused, IsComplainantAccused) VALUES (151, 208, 2, '2024-05-30', 1, 20, 19, 59, 19, 496, TRUE, FALSE);
INSERT INTO inv_arrestsurrenderaccused (ArrestSurrenderID, AccusedMasterID) VALUES (151, 496);
INSERT INTO Inv_OccuranceTime (CaseMasterID, OccuranceFromDate, OccuranceToDate, PlaceOfOccurance, latitude, longitude) VALUES (208, '2024-05-08T09:45:00', '2024-05-08T10:45:00', 'Rajagopal Chowk, Haveri', 15.2918287, 75.0932566);

INSERT INTO CaseMaster (CaseMasterID, CrimeNo, CaseNo, CrimeRegisteredDate, PolicePersonID, PoliceStationID, CaseCategoryID, GravityOffenceID, CrimeMajorHeadID, CrimeMinorHeadID, CaseStatusID, CourtID, IncidentFromDate, IncidentToDate, InfoReceivedPSDate, latitude, longitude, BriefFacts) VALUES (209, '800010030202500001', '202500001', '2025-07-24', 2, 30, 8, 2, 2, 13, 1, 3, '2025-07-24T08:35:00', '2025-07-24T12:35:00', '2025-07-24T23:35:00', 13.0284192, 77.5769356, 'On 2025-07-24, the complainant Upkaar Padmanabhan reported that unknown persons broke into their residence at Thakur Marg, Bengaluru Urban and stole cash amounting to Rs. 25000 and gold ornaments. The accused Warjas Gaba was later identified through CCTV footage from a nearby shop.');
INSERT INTO ComplainantDetails (ComplainantID, CaseMasterID, ComplainantName, AgeYear, OccupationID, ReligionID, CasteID, GenderID) VALUES (209, 209, 'Upkaar Padmanabhan', 24, 5, 5, 3, 1);
INSERT INTO Victim (VictimMasterID, CaseMasterID, VictimName, AgeYear, GenderID, VictimPolice) VALUES (289, 209, 'Kai Chauhan', 36, 3, '0');
INSERT INTO Accused (AccusedMasterID, CaseMasterID, AccusedName, AgeYear, GenderID, PersonID) VALUES (498, 209, 'Warjas Gaba', 24, 1, 'A1');
INSERT INTO Accused (AccusedMasterID, CaseMasterID, AccusedName, AgeYear, GenderID, PersonID) VALUES (499, 209, 'Oliver Bhattacharyya', 22, 1, 'A2');
INSERT INTO ActSectionAssociation (CaseMasterID, ActID, SectionID, ActOrderID, SectionOrderID) VALUES (209, 'IPC', '506', 1, 1);
INSERT INTO ActSectionAssociation (CaseMasterID, ActID, SectionID, ActOrderID, SectionOrderID) VALUES (209, 'IPC', '509', 2, 2);
INSERT INTO ArrestSurrender (ArrestSurrenderID, CaseMasterID, ArrestSurrenderTypeID, ArrestSurrenderDate, ArrestSurrenderStateId, ArrestSurrenderDistrictId, PoliceStationID, IOID, CourtID, AccusedMasterID, IsAccused, IsComplainantAccused) VALUES (152, 209, 1, '2025-08-12', 1, 1, 30, 75, 3, 499, TRUE, FALSE);
INSERT INTO inv_arrestsurrenderaccused (ArrestSurrenderID, AccusedMasterID) VALUES (152, 499);
INSERT INTO Inv_OccuranceTime (CaseMasterID, OccuranceFromDate, OccuranceToDate, PlaceOfOccurance, latitude, longitude) VALUES (209, '2025-07-24T08:35:00', '2025-07-24T12:35:00', 'Thakur Marg, Bengaluru Urban', 13.0284192, 77.5769356);

INSERT INTO CaseMaster (CaseMasterID, CrimeNo, CaseNo, CrimeRegisteredDate, PolicePersonID, PoliceStationID, CaseCategoryID, GravityOffenceID, CrimeMajorHeadID, CrimeMinorHeadID, CaseStatusID, CourtID, IncidentFromDate, IncidentToDate, InfoReceivedPSDate, latitude, longitude, BriefFacts) VALUES (210, '400290028202600002', '202600002', '2026-01-01', 15, 28, 4, 4, 8, 42, 1, 41, '2026-01-01T13:38:00', '2026-01-01T15:38:00', '2026-01-01T22:38:00', 14.6937811, 74.0022281, 'The deceased Radha Desai, aged 50, was found dead under suspicious circumstances at Gala Ganj, Uttara Kannada on 2026-01-01. The investigation revealed that the accused Vrishti Parmer, who is a relative of the deceased, had a dispute over property worth Rs. 2500000.');
INSERT INTO ComplainantDetails (ComplainantID, CaseMasterID, ComplainantName, AgeYear, OccupationID, ReligionID, CasteID, GenderID) VALUES (210, 210, 'Bina Shah', 52, 16, 4, 2, 1);
INSERT INTO Victim (VictimMasterID, CaseMasterID, VictimName, AgeYear, GenderID, VictimPolice) VALUES (290, 210, 'Radha Desai', 60, 3, '0');
INSERT INTO Accused (AccusedMasterID, CaseMasterID, AccusedName, AgeYear, GenderID, PersonID) VALUES (500, 210, 'Vrishti Parmer', 46, 2, 'A1');
INSERT INTO Accused (AccusedMasterID, CaseMasterID, AccusedName, AgeYear, GenderID, PersonID) VALUES (501, 210, 'Anirudh Kari', 52, 1, 'A2');
INSERT INTO Accused (AccusedMasterID, CaseMasterID, AccusedName, AgeYear, GenderID, PersonID) VALUES (502, 210, 'Karan Kakar', 24, 1, 'A3');
INSERT INTO Accused (AccusedMasterID, CaseMasterID, AccusedName, AgeYear, GenderID, PersonID) VALUES (503, 210, 'Yamini Gara', 50, 2, 'A4');
INSERT INTO Accused (AccusedMasterID, CaseMasterID, AccusedName, AgeYear, GenderID, PersonID) VALUES (504, 210, 'Jeevika Barad', 51, 2, 'A5');
INSERT INTO ActSectionAssociation (CaseMasterID, ActID, SectionID, ActOrderID, SectionOrderID) VALUES (210, 'POCSO', '8', 1, 1);
INSERT INTO ArrestSurrender (ArrestSurrenderID, CaseMasterID, ArrestSurrenderTypeID, ArrestSurrenderDate, ArrestSurrenderStateId, ArrestSurrenderDistrictId, PoliceStationID, IOID, CourtID, AccusedMasterID, IsAccused, IsComplainantAccused) VALUES (153, 210, 1, '2026-01-11', 1, 29, 28, 51, 41, 502, TRUE, FALSE);
INSERT INTO inv_arrestsurrenderaccused (ArrestSurrenderID, AccusedMasterID) VALUES (153, 502);
INSERT INTO Inv_OccuranceTime (CaseMasterID, OccuranceFromDate, OccuranceToDate, PlaceOfOccurance, latitude, longitude) VALUES (210, '2026-01-01T13:38:00', '2026-01-01T15:38:00', 'Gala Ganj, Uttara Kannada', 14.6937811, 74.0022281);

INSERT INTO CaseMaster (CaseMasterID, CrimeNo, CaseNo, CrimeRegisteredDate, PolicePersonID, PoliceStationID, CaseCategoryID, GravityOffenceID, CrimeMajorHeadID, CrimeMinorHeadID, CaseStatusID, CourtID, IncidentFromDate, IncidentToDate, InfoReceivedPSDate, latitude, longitude, BriefFacts) VALUES (211, '200290028202400001', '202400001', '2024-08-28', 21, 28, 2, 2, 3, 21, 7, 31, '2024-08-28T08:14:00', '2024-08-28T10:14:00', '2024-08-28T17:14:00', 17.0212404, 77.5088971, 'On 2024-08-28, at about 5:30 AM, the accused Omaja Sawhney along with 2 associates formed an unlawful assembly near Dasgupta Marg, Uttara Kannada and attacked the complainant Chanakya Bava with lethal weapons resulting in injuries.');
INSERT INTO ComplainantDetails (ComplainantID, CaseMasterID, ComplainantName, AgeYear, OccupationID, ReligionID, CasteID, GenderID) VALUES (211, 211, 'Chanakya Bava', 28, 15, 7, 3, 1);
INSERT INTO Victim (VictimMasterID, CaseMasterID, VictimName, AgeYear, GenderID, VictimPolice) VALUES (291, 211, 'Anmol Bava', 30, 1, '0');
INSERT INTO Victim (VictimMasterID, CaseMasterID, VictimName, AgeYear, GenderID, VictimPolice) VALUES (292, 211, 'Urvi Dua', 37, 2, '0');
INSERT INTO Accused (AccusedMasterID, CaseMasterID, AccusedName, AgeYear, GenderID, PersonID) VALUES (505, 211, 'Omaja Sawhney', 45, 2, 'A1');
INSERT INTO ActSectionAssociation (CaseMasterID, ActID, SectionID, ActOrderID, SectionOrderID) VALUES (211, 'NDPS', '20', 1, 1);
INSERT INTO ActSectionAssociation (CaseMasterID, ActID, SectionID, ActOrderID, SectionOrderID) VALUES (211, 'ITA', '66D', 2, 2);
INSERT INTO ArrestSurrender (ArrestSurrenderID, CaseMasterID, ArrestSurrenderTypeID, ArrestSurrenderDate, ArrestSurrenderStateId, ArrestSurrenderDistrictId, PoliceStationID, IOID, CourtID, AccusedMasterID, IsAccused, IsComplainantAccused) VALUES (154, 211, 2, '2024-09-17', 1, 29, 28, 76, 31, 505, TRUE, FALSE);
INSERT INTO inv_arrestsurrenderaccused (ArrestSurrenderID, AccusedMasterID) VALUES (154, 505);
INSERT INTO Inv_OccuranceTime (CaseMasterID, OccuranceFromDate, OccuranceToDate, PlaceOfOccurance, latitude, longitude) VALUES (211, '2024-08-28T08:14:00', '2024-08-28T10:14:00', 'Dasgupta Marg, Uttara Kannada', 17.0212404, 77.5088971);

INSERT INTO CaseMaster (CaseMasterID, CrimeNo, CaseNo, CrimeRegisteredDate, PolicePersonID, PoliceStationID, CaseCategoryID, GravityOffenceID, CrimeMajorHeadID, CrimeMinorHeadID, CaseStatusID, CourtID, IncidentFromDate, IncidentToDate, InfoReceivedPSDate, latitude, longitude, BriefFacts) VALUES (212, '400030002202400002', '202400002', '2024-02-24', 50, 2, 4, 4, 2, 16, 1, 39, '2024-02-24T08:34:00', '2024-02-24T10:34:00', '2024-02-24T17:34:00', 13.0290107, 77.6371102, 'The victim Zinal Madan, aged 38, was assaulted by the accused Tara Chaudhry near Devan, Mysuru on 2024-02-24 at approximately 12:45 AM. The accused used a sharp weapon causing grievous injuries. The victim was rushed to St. John''s Hospital for treatment.');
INSERT INTO ComplainantDetails (ComplainantID, CaseMasterID, ComplainantName, AgeYear, OccupationID, ReligionID, CasteID, GenderID) VALUES (212, 212, 'Charvi Salvi', 64, 1, 2, 1, 2);
INSERT INTO Victim (VictimMasterID, CaseMasterID, VictimName, AgeYear, GenderID, VictimPolice) VALUES (293, 212, 'Zinal Madan', 51, 2, '0');
INSERT INTO Victim (VictimMasterID, CaseMasterID, VictimName, AgeYear, GenderID, VictimPolice) VALUES (294, 212, 'Henry Vaidya', 32, 1, '0');
INSERT INTO Victim (VictimMasterID, CaseMasterID, VictimName, AgeYear, GenderID, VictimPolice) VALUES (295, 212, 'Barkha Comar', 34, 2, '0');
INSERT INTO Accused (AccusedMasterID, CaseMasterID, AccusedName, AgeYear, GenderID, PersonID) VALUES (506, 212, 'Tara Chaudhry', 34, 2, 'A1');
INSERT INTO ActSectionAssociation (CaseMasterID, ActID, SectionID, ActOrderID, SectionOrderID) VALUES (212, 'IPC', '324', 1, 1);
INSERT INTO ActSectionAssociation (CaseMasterID, ActID, SectionID, ActOrderID, SectionOrderID) VALUES (212, 'IPC', '149', 2, 2);
INSERT INTO ActSectionAssociation (CaseMasterID, ActID, SectionID, ActOrderID, SectionOrderID) VALUES (212, 'ITA', '67', 3, 3);
INSERT INTO ArrestSurrender (ArrestSurrenderID, CaseMasterID, ArrestSurrenderTypeID, ArrestSurrenderDate, ArrestSurrenderStateId, ArrestSurrenderDistrictId, PoliceStationID, IOID, CourtID, AccusedMasterID, IsAccused, IsComplainantAccused) VALUES (155, 212, 1, '2024-04-17', 1, 3, 2, 66, 39, 506, TRUE, FALSE);
INSERT INTO inv_arrestsurrenderaccused (ArrestSurrenderID, AccusedMasterID) VALUES (155, 506);
INSERT INTO Inv_OccuranceTime (CaseMasterID, OccuranceFromDate, OccuranceToDate, PlaceOfOccurance, latitude, longitude) VALUES (212, '2024-02-24T08:34:00', '2024-02-24T10:34:00', 'Devan, Mysuru', 13.0290107, 77.6371102);

INSERT INTO CaseMaster (CaseMasterID, CrimeNo, CaseNo, CrimeRegisteredDate, PolicePersonID, PoliceStationID, CaseCategoryID, GravityOffenceID, CrimeMajorHeadID, CrimeMinorHeadID, CaseStatusID, CourtID, IncidentFromDate, IncidentToDate, InfoReceivedPSDate, latitude, longitude, BriefFacts) VALUES (213, '300020001202500001', '202500001', '2025-11-20', 73, 1, 3, 4, 1, 3, 7, 21, '2025-11-20T20:04:00', '2025-11-20T20:04:00', '2025-11-21T05:04:00', 14.9440663, 76.5866696, 'The victim Rushil Iyengar, aged 52, was assaulted by the accused Saksham Parmar near Merchant Marg, Bengaluru Rural on 2025-11-20 at approximately 3:00 AM. The accused used a sharp weapon causing grievous injuries. The victim was rushed to Jayadeva Hospital for treatment.');
INSERT INTO ComplainantDetails (ComplainantID, CaseMasterID, ComplainantName, AgeYear, OccupationID, ReligionID, CasteID, GenderID) VALUES (213, 213, 'Rushil Iyengar', 49, 14, 1, 4, 2);
INSERT INTO Victim (VictimMasterID, CaseMasterID, VictimName, AgeYear, GenderID, VictimPolice) VALUES (296, 213, 'Rushil Iyengar', 54, 1, '1');
INSERT INTO Accused (AccusedMasterID, CaseMasterID, AccusedName, AgeYear, GenderID, PersonID) VALUES (507, 213, 'Saksham Parmar', 27, 2, 'A1');
INSERT INTO ActSectionAssociation (CaseMasterID, ActID, SectionID, ActOrderID, SectionOrderID) VALUES (213, 'POCSO', '8', 1, 1);
INSERT INTO ArrestSurrender (ArrestSurrenderID, CaseMasterID, ArrestSurrenderTypeID, ArrestSurrenderDate, ArrestSurrenderStateId, ArrestSurrenderDistrictId, PoliceStationID, IOID, CourtID, AccusedMasterID, IsAccused, IsComplainantAccused) VALUES (156, 213, 1, '2026-01-16', 1, 2, 1, 25, 21, 507, TRUE, FALSE);
INSERT INTO inv_arrestsurrenderaccused (ArrestSurrenderID, AccusedMasterID) VALUES (156, 507);
INSERT INTO Inv_OccuranceTime (CaseMasterID, OccuranceFromDate, OccuranceToDate, PlaceOfOccurance, latitude, longitude) VALUES (213, '2025-11-20T20:04:00', '2025-11-20T20:04:00', 'Merchant Marg, Bengaluru Rural', 14.9440663, 76.5866696);

INSERT INTO CaseMaster (CaseMasterID, CrimeNo, CaseNo, CrimeRegisteredDate, PolicePersonID, PoliceStationID, CaseCategoryID, GravityOffenceID, CrimeMajorHeadID, CrimeMinorHeadID, CaseStatusID, CourtID, IncidentFromDate, IncidentToDate, InfoReceivedPSDate, latitude, longitude, BriefFacts) VALUES (214, '200080007202400001', '202400001', '2024-01-05', 40, 7, 2, 2, 1, 7, 1, 39, '2024-01-05T11:04:00', '2024-01-05T13:04:00', '2024-01-05T18:04:00', 11.7761681, 74.5729559, 'On 2024-01-05, the complainant Sarthak Srivastava reported that their two-wheeler bearing registration number KA-09-OD-7145 was stolen from Tak, Ballari. The vehicle was parked outside a shopping mall and was found missing when the complainant returned.');
INSERT INTO ComplainantDetails (ComplainantID, CaseMasterID, ComplainantName, AgeYear, OccupationID, ReligionID, CasteID, GenderID) VALUES (214, 214, 'Sarthak Srivastava', 45, 7, 2, 4, 1);
INSERT INTO Victim (VictimMasterID, CaseMasterID, VictimName, AgeYear, GenderID, VictimPolice) VALUES (297, 214, 'Wahab Agate', 27, 3, '0');
INSERT INTO Accused (AccusedMasterID, CaseMasterID, AccusedName, AgeYear, GenderID, PersonID) VALUES (508, 214, 'Gaurav Choudhry', 25, 1, 'A1');
INSERT INTO Accused (AccusedMasterID, CaseMasterID, AccusedName, AgeYear, GenderID, PersonID) VALUES (509, 214, 'Gautam Vaidya', 25, 2, 'A2');
INSERT INTO Accused (AccusedMasterID, CaseMasterID, AccusedName, AgeYear, GenderID, PersonID) VALUES (510, 214, 'Harrison Kunda', 40, 2, 'A3');
INSERT INTO ActSectionAssociation (CaseMasterID, ActID, SectionID, ActOrderID, SectionOrderID) VALUES (214, 'NDPS', '20', 1, 1);
INSERT INTO ActSectionAssociation (CaseMasterID, ActID, SectionID, ActOrderID, SectionOrderID) VALUES (214, 'IPC', '452', 2, 2);
INSERT INTO ArrestSurrender (ArrestSurrenderID, CaseMasterID, ArrestSurrenderTypeID, ArrestSurrenderDate, ArrestSurrenderStateId, ArrestSurrenderDistrictId, PoliceStationID, IOID, CourtID, AccusedMasterID, IsAccused, IsComplainantAccused) VALUES (157, 214, 2, '2024-03-05', 1, 8, 7, 3, 39, 509, TRUE, FALSE);
INSERT INTO inv_arrestsurrenderaccused (ArrestSurrenderID, AccusedMasterID) VALUES (157, 509);
INSERT INTO ArrestSurrender (ArrestSurrenderID, CaseMasterID, ArrestSurrenderTypeID, ArrestSurrenderDate, ArrestSurrenderStateId, ArrestSurrenderDistrictId, PoliceStationID, IOID, CourtID, AccusedMasterID, IsAccused, IsComplainantAccused) VALUES (158, 214, 2, '2024-01-05', 1, 8, 7, 54, 39, 508, TRUE, FALSE);
INSERT INTO inv_arrestsurrenderaccused (ArrestSurrenderID, AccusedMasterID) VALUES (158, 508);
INSERT INTO Inv_OccuranceTime (CaseMasterID, OccuranceFromDate, OccuranceToDate, PlaceOfOccurance, latitude, longitude) VALUES (214, '2024-01-05T11:04:00', '2024-01-05T13:04:00', 'Tak, Ballari', 11.7761681, 74.5729559);

INSERT INTO CaseMaster (CaseMasterID, CrimeNo, CaseNo, CrimeRegisteredDate, PolicePersonID, PoliceStationID, CaseCategoryID, GravityOffenceID, CrimeMajorHeadID, CrimeMinorHeadID, CaseStatusID, CourtID, IncidentFromDate, IncidentToDate, InfoReceivedPSDate, latitude, longitude, BriefFacts) VALUES (215, '400290028202500001', '202500001', '2025-06-19', 13, 28, 4, 3, 4, 24, 6, 5, '2025-06-19T20:41:00', '2025-06-19T23:41:00', '2025-06-20T06:41:00', 15.3747512, 75.2010656, 'On 2025-06-19, at about 3:15 PM, the accused Chandresh Chaudhry along with 3 associates formed an unlawful assembly near Baral Street, Uttara Kannada and attacked the complainant Chaman Lalla with lethal weapons resulting in injuries.');
INSERT INTO ComplainantDetails (ComplainantID, CaseMasterID, ComplainantName, AgeYear, OccupationID, ReligionID, CasteID, GenderID) VALUES (215, 215, 'Chaman Lalla', 43, 14, 7, 2, 2);
INSERT INTO Victim (VictimMasterID, CaseMasterID, VictimName, AgeYear, GenderID, VictimPolice) VALUES (298, 215, 'Chaman Lalla', 71, 1, '0');
INSERT INTO Accused (AccusedMasterID, CaseMasterID, AccusedName, AgeYear, GenderID, PersonID) VALUES (511, 215, 'Chandresh Chaudhry', 29, 2, 'A1');
INSERT INTO Accused (AccusedMasterID, CaseMasterID, AccusedName, AgeYear, GenderID, PersonID) VALUES (512, 215, 'Jagvi Munshi', 25, 1, 'A2');
INSERT INTO Accused (AccusedMasterID, CaseMasterID, AccusedName, AgeYear, GenderID, PersonID) VALUES (513, 215, 'Kevin Palla', 37, 2, 'A3');
INSERT INTO Accused (AccusedMasterID, CaseMasterID, AccusedName, AgeYear, GenderID, PersonID) VALUES (514, 215, 'Jack Chandran', 34, 2, 'A4');
INSERT INTO ActSectionAssociation (CaseMasterID, ActID, SectionID, ActOrderID, SectionOrderID) VALUES (215, 'IPC', '397', 1, 1);
INSERT INTO ArrestSurrender (ArrestSurrenderID, CaseMasterID, ArrestSurrenderTypeID, ArrestSurrenderDate, ArrestSurrenderStateId, ArrestSurrenderDistrictId, PoliceStationID, IOID, CourtID, AccusedMasterID, IsAccused, IsComplainantAccused) VALUES (159, 215, 1, '2025-08-13', 1, 29, 28, 53, 5, 511, TRUE, FALSE);
INSERT INTO inv_arrestsurrenderaccused (ArrestSurrenderID, AccusedMasterID) VALUES (159, 511);
INSERT INTO ArrestSurrender (ArrestSurrenderID, CaseMasterID, ArrestSurrenderTypeID, ArrestSurrenderDate, ArrestSurrenderStateId, ArrestSurrenderDistrictId, PoliceStationID, IOID, CourtID, AccusedMasterID, IsAccused, IsComplainantAccused) VALUES (160, 215, 2, '2025-06-21', 1, 29, 28, 77, 5, 513, TRUE, FALSE);
INSERT INTO inv_arrestsurrenderaccused (ArrestSurrenderID, AccusedMasterID) VALUES (160, 513);
INSERT INTO Inv_OccuranceTime (CaseMasterID, OccuranceFromDate, OccuranceToDate, PlaceOfOccurance, latitude, longitude) VALUES (215, '2025-06-19T20:41:00', '2025-06-19T23:41:00', 'Baral Street, Uttara Kannada', 15.3747512, 75.2010656);

INSERT INTO CaseMaster (CaseMasterID, CrimeNo, CaseNo, CrimeRegisteredDate, PolicePersonID, PoliceStationID, CaseCategoryID, GravityOffenceID, CrimeMajorHeadID, CrimeMinorHeadID, CaseStatusID, CourtID, IncidentFromDate, IncidentToDate, InfoReceivedPSDate, latitude, longitude, BriefFacts) VALUES (216, '800070006202600001', '202600001', '2026-01-31', 21, 6, 8, 1, 1, 1, 1, 15, '2026-01-31T13:54:00', '2026-01-31T17:54:00', '2026-02-01T00:54:00', 13.0148259, 77.6314765, 'On 2026-01-31, the complainant Aditya Devi reported that unknown persons broke into their residence at Loyal Chowk, Kalaburagi and stole cash amounting to Rs. 100000 and gold ornaments. The accused Falguni Parmar was later identified through CCTV footage from a nearby shop.');
INSERT INTO ComplainantDetails (ComplainantID, CaseMasterID, ComplainantName, AgeYear, OccupationID, ReligionID, CasteID, GenderID) VALUES (216, 216, 'Aditya Devi', 28, 5, 2, 1, 1);
INSERT INTO Victim (VictimMasterID, CaseMasterID, VictimName, AgeYear, GenderID, VictimPolice) VALUES (299, 216, 'Aditya Devi', 41, 3, '0');
INSERT INTO Victim (VictimMasterID, CaseMasterID, VictimName, AgeYear, GenderID, VictimPolice) VALUES (300, 216, 'Kashish Oommen', 33, 2, '0');
INSERT INTO Accused (AccusedMasterID, CaseMasterID, AccusedName, AgeYear, GenderID, PersonID) VALUES (515, 216, 'Falguni Parmar', 39, 2, 'A1');
INSERT INTO Accused (AccusedMasterID, CaseMasterID, AccusedName, AgeYear, GenderID, PersonID) VALUES (516, 216, 'Ishaan Rattan', 51, 2, 'A2');
INSERT INTO Accused (AccusedMasterID, CaseMasterID, AccusedName, AgeYear, GenderID, PersonID) VALUES (517, 216, 'Tanmayi Magar', 26, 2, 'A3');
INSERT INTO ActSectionAssociation (CaseMasterID, ActID, SectionID, ActOrderID, SectionOrderID) VALUES (216, 'POCSO', '8', 1, 1);
INSERT INTO ActSectionAssociation (CaseMasterID, ActID, SectionID, ActOrderID, SectionOrderID) VALUES (216, 'NDPS', '27', 2, 2);
INSERT INTO Inv_OccuranceTime (CaseMasterID, OccuranceFromDate, OccuranceToDate, PlaceOfOccurance, latitude, longitude) VALUES (216, '2026-01-31T13:54:00', '2026-01-31T17:54:00', 'Loyal Chowk, Kalaburagi', 13.0148259, 77.6314765);

INSERT INTO CaseMaster (CaseMasterID, CrimeNo, CaseNo, CrimeRegisteredDate, PolicePersonID, PoliceStationID, CaseCategoryID, GravityOffenceID, CrimeMajorHeadID, CrimeMinorHeadID, CaseStatusID, CourtID, IncidentFromDate, IncidentToDate, InfoReceivedPSDate, latitude, longitude, BriefFacts) VALUES (217, '100250024202600001', '202600001', '2026-01-14', 50, 24, 1, 1, 2, 13, 7, 1, '2026-01-14T12:20:00', '2026-01-14T12:20:00', '2026-01-14T21:20:00', 12.9904337, 77.5629264, 'On 2026-01-14, the complainant Oviya Ganesan reported that their SUV bearing registration number KA-29-DX-5576 was stolen from Subramanian, Chikkamagaluru. The vehicle was parked outside the bus stand and was found missing when the complainant returned.');
INSERT INTO ComplainantDetails (ComplainantID, CaseMasterID, ComplainantName, AgeYear, OccupationID, ReligionID, CasteID, GenderID) VALUES (217, 217, 'Oviya Ganesan', 51, 15, 6, 1, 2);
INSERT INTO Victim (VictimMasterID, CaseMasterID, VictimName, AgeYear, GenderID, VictimPolice) VALUES (301, 217, 'Kevin Bhargava', 38, 1, '0');
INSERT INTO Victim (VictimMasterID, CaseMasterID, VictimName, AgeYear, GenderID, VictimPolice) VALUES (302, 217, 'Pratyush Raghavan', 59, 3, '1');
INSERT INTO Accused (AccusedMasterID, CaseMasterID, AccusedName, AgeYear, GenderID, PersonID) VALUES (518, 217, 'Hemang Saha', 24, 1, 'A1');
INSERT INTO Accused (AccusedMasterID, CaseMasterID, AccusedName, AgeYear, GenderID, PersonID) VALUES (519, 217, 'Ayush De', 25, 1, 'A2');
INSERT INTO ActSectionAssociation (CaseMasterID, ActID, SectionID, ActOrderID, SectionOrderID) VALUES (217, 'POCSO', '4', 1, 1);
INSERT INTO ActSectionAssociation (CaseMasterID, ActID, SectionID, ActOrderID, SectionOrderID) VALUES (217, 'POCSO', '6', 2, 2);
INSERT INTO ActSectionAssociation (CaseMasterID, ActID, SectionID, ActOrderID, SectionOrderID) VALUES (217, 'ITA', '67', 3, 3);
INSERT INTO ArrestSurrender (ArrestSurrenderID, CaseMasterID, ArrestSurrenderTypeID, ArrestSurrenderDate, ArrestSurrenderStateId, ArrestSurrenderDistrictId, PoliceStationID, IOID, CourtID, AccusedMasterID, IsAccused, IsComplainantAccused) VALUES (161, 217, 1, '2026-02-08', 1, 25, 24, 19, 1, 518, TRUE, FALSE);
INSERT INTO inv_arrestsurrenderaccused (ArrestSurrenderID, AccusedMasterID) VALUES (161, 518);
INSERT INTO Inv_OccuranceTime (CaseMasterID, OccuranceFromDate, OccuranceToDate, PlaceOfOccurance, latitude, longitude) VALUES (217, '2026-01-14T12:20:00', '2026-01-14T12:20:00', 'Subramanian, Chikkamagaluru', 12.9904337, 77.5629264);

INSERT INTO CaseMaster (CaseMasterID, CrimeNo, CaseNo, CrimeRegisteredDate, PolicePersonID, PoliceStationID, CaseCategoryID, GravityOffenceID, CrimeMajorHeadID, CrimeMinorHeadID, CaseStatusID, CourtID, IncidentFromDate, IncidentToDate, InfoReceivedPSDate, latitude, longitude, BriefFacts) VALUES (218, '200260025202400002', '202400002', '2024-12-24', 3, 25, 2, 2, 4, 23, 2, 10, '2024-12-24T11:34:00', '2024-12-24T12:34:00', '2024-12-24T23:34:00', 12.7798665, 74.828436, 'On 2024-12-24, at about 2:15 AM, the accused Dipta Arora along with 5 associates formed an unlawful assembly near Kapur Circle, Yadgir and attacked the complainant Isaiah Sabharwal with lethal weapons resulting in injuries.');
INSERT INTO ComplainantDetails (ComplainantID, CaseMasterID, ComplainantName, AgeYear, OccupationID, ReligionID, CasteID, GenderID) VALUES (218, 218, 'Isaiah Sabharwal', 39, 1, 1, 3, 2);
INSERT INTO Victim (VictimMasterID, CaseMasterID, VictimName, AgeYear, GenderID, VictimPolice) VALUES (303, 218, 'Chakradhar Bhatnagar', 13, 1, '0');
INSERT INTO Accused (AccusedMasterID, CaseMasterID, AccusedName, AgeYear, GenderID, PersonID) VALUES (520, 218, 'Dipta Arora', 48, 1, 'A1');
INSERT INTO ActSectionAssociation (CaseMasterID, ActID, SectionID, ActOrderID, SectionOrderID) VALUES (218, 'ITA', '66C', 1, 1);
INSERT INTO Inv_OccuranceTime (CaseMasterID, OccuranceFromDate, OccuranceToDate, PlaceOfOccurance, latitude, longitude) VALUES (218, '2024-12-24T11:34:00', '2024-12-24T12:34:00', 'Kapur Circle, Yadgir', 12.7798665, 74.828436);
INSERT INTO ChargesheetDetails (CSID, CaseMasterID, csdate, cstype, PolicePersonID) VALUES (56, 218, '2025-05-03', 'A', 76);

INSERT INTO CaseMaster (CaseMasterID, CrimeNo, CaseNo, CrimeRegisteredDate, PolicePersonID, PoliceStationID, CaseCategoryID, GravityOffenceID, CrimeMajorHeadID, CrimeMinorHeadID, CaseStatusID, CourtID, IncidentFromDate, IncidentToDate, InfoReceivedPSDate, latitude, longitude, BriefFacts) VALUES (219, '200090008202600001', '202600001', '2026-06-19', 45, 8, 2, 1, 2, 15, 7, 18, '2026-06-19T21:09:00', '2026-06-19T22:09:00', '2026-06-20T05:09:00', 15.9082576, 74.5551434, 'On 2026-06-19, at about 11:00 AM, the accused Rachita Kothari along with 5 associates formed an unlawful assembly near Pal Chowk, Tumakuru and attacked the complainant Zilmil Virk with lethal weapons resulting in injuries.');
INSERT INTO ComplainantDetails (ComplainantID, CaseMasterID, ComplainantName, AgeYear, OccupationID, ReligionID, CasteID, GenderID) VALUES (219, 219, 'Zilmil Virk', 41, 9, 1, 4, 2);
INSERT INTO Victim (VictimMasterID, CaseMasterID, VictimName, AgeYear, GenderID, VictimPolice) VALUES (304, 219, 'Zilmil Virk', 64, 2, '0');
INSERT INTO Accused (AccusedMasterID, CaseMasterID, AccusedName, AgeYear, GenderID, PersonID) VALUES (521, 219, 'Rachita Kothari', 49, 2, 'A1');
INSERT INTO Accused (AccusedMasterID, CaseMasterID, AccusedName, AgeYear, GenderID, PersonID) VALUES (522, 219, 'Manthan Bhagat', 24, 1, 'A2');
INSERT INTO Accused (AccusedMasterID, CaseMasterID, AccusedName, AgeYear, GenderID, PersonID) VALUES (523, 219, 'Naksh Tiwari', 41, 1, 'A3');
INSERT INTO Accused (AccusedMasterID, CaseMasterID, AccusedName, AgeYear, GenderID, PersonID) VALUES (524, 219, 'Warhi Gandhi', 49, 2, 'A4');
INSERT INTO ActSectionAssociation (CaseMasterID, ActID, SectionID, ActOrderID, SectionOrderID) VALUES (219, 'IPC', '149', 1, 1);
INSERT INTO ActSectionAssociation (CaseMasterID, ActID, SectionID, ActOrderID, SectionOrderID) VALUES (219, 'IPC', '504', 2, 2);
INSERT INTO Inv_OccuranceTime (CaseMasterID, OccuranceFromDate, OccuranceToDate, PlaceOfOccurance, latitude, longitude) VALUES (219, '2026-06-19T21:09:00', '2026-06-19T22:09:00', 'Pal Chowk, Tumakuru', 15.9082576, 74.5551434);

INSERT INTO CaseMaster (CaseMasterID, CrimeNo, CaseNo, CrimeRegisteredDate, PolicePersonID, PoliceStationID, CaseCategoryID, GravityOffenceID, CrimeMajorHeadID, CrimeMinorHeadID, CaseStatusID, CourtID, IncidentFromDate, IncidentToDate, InfoReceivedPSDate, latitude, longitude, BriefFacts) VALUES (220, '300300029202300001', '202300001', '2023-10-04', 33, 29, 3, 3, 5, 27, 3, 17, '2023-10-04T15:15:00', '2023-10-04T19:15:00', '2023-10-05T02:15:00', 12.0816535, 74.4550894, 'The complainant Ekani Khosla reported domestic violence by husband Arunima Bedi and in-laws. The accused demanded additional dowry of Rs. 500000 and subjected the complainant to physical and mental harassment since 1 years.');
INSERT INTO ComplainantDetails (ComplainantID, CaseMasterID, ComplainantName, AgeYear, OccupationID, ReligionID, CasteID, GenderID) VALUES (220, 220, 'Ekani Khosla', 63, 14, 7, 4, 1);
INSERT INTO Victim (VictimMasterID, CaseMasterID, VictimName, AgeYear, GenderID, VictimPolice) VALUES (305, 220, 'Ekani Khosla', 61, 2, '0');
INSERT INTO Accused (AccusedMasterID, CaseMasterID, AccusedName, AgeYear, GenderID, PersonID) VALUES (525, 220, 'Arunima Bedi', 43, 2, 'A1');
INSERT INTO Accused (AccusedMasterID, CaseMasterID, AccusedName, AgeYear, GenderID, PersonID) VALUES (526, 220, 'Neha Keer', 19, 1, 'A2');
INSERT INTO ActSectionAssociation (CaseMasterID, ActID, SectionID, ActOrderID, SectionOrderID) VALUES (220, 'NDPS', '20', 1, 1);
INSERT INTO ActSectionAssociation (CaseMasterID, ActID, SectionID, ActOrderID, SectionOrderID) VALUES (220, 'POCSO', '4', 2, 2);
INSERT INTO ActSectionAssociation (CaseMasterID, ActID, SectionID, ActOrderID, SectionOrderID) VALUES (220, 'POCSO', '6', 3, 3);
INSERT INTO Inv_OccuranceTime (CaseMasterID, OccuranceFromDate, OccuranceToDate, PlaceOfOccurance, latitude, longitude) VALUES (220, '2023-10-04T15:15:00', '2023-10-04T19:15:00', 'Kapoor Circle, Bidar', 12.0816535, 74.4550894);

INSERT INTO CaseMaster (CaseMasterID, CrimeNo, CaseNo, CrimeRegisteredDate, PolicePersonID, PoliceStationID, CaseCategoryID, GravityOffenceID, CrimeMajorHeadID, CrimeMinorHeadID, CaseStatusID, CourtID, IncidentFromDate, IncidentToDate, InfoReceivedPSDate, latitude, longitude, BriefFacts) VALUES (221, '400290028202300001', '202300001', '2023-10-08', 33, 28, 4, 3, 8, 44, 1, 16, '2023-10-08T20:16:00', '2023-10-08T21:16:00', '2023-10-09T00:16:00', 12.9366312, 77.663753, 'On 2023-10-08, at about 7:30 AM, the accused Widisha Badami along with 2 associates formed an unlawful assembly near Raval Zila, Uttara Kannada and attacked the complainant Sara Chakrabarti with lethal weapons resulting in injuries.');
INSERT INTO ComplainantDetails (ComplainantID, CaseMasterID, ComplainantName, AgeYear, OccupationID, ReligionID, CasteID, GenderID) VALUES (221, 221, 'Sara Chakrabarti', 40, 16, 6, 2, 2);
INSERT INTO Victim (VictimMasterID, CaseMasterID, VictimName, AgeYear, GenderID, VictimPolice) VALUES (306, 221, 'Sanya Mutti', 67, 2, '0');
INSERT INTO Accused (AccusedMasterID, CaseMasterID, AccusedName, AgeYear, GenderID, PersonID) VALUES (527, 221, 'Widisha Badami', 41, 1, 'A1');
INSERT INTO Accused (AccusedMasterID, CaseMasterID, AccusedName, AgeYear, GenderID, PersonID) VALUES (528, 221, 'Balendra Acharya', 38, 1, 'A2');
INSERT INTO ActSectionAssociation (CaseMasterID, ActID, SectionID, ActOrderID, SectionOrderID) VALUES (221, 'NDPS', '27', 1, 1);
INSERT INTO ArrestSurrender (ArrestSurrenderID, CaseMasterID, ArrestSurrenderTypeID, ArrestSurrenderDate, ArrestSurrenderStateId, ArrestSurrenderDistrictId, PoliceStationID, IOID, CourtID, AccusedMasterID, IsAccused, IsComplainantAccused) VALUES (162, 221, 1, '2023-11-16', 1, 29, 28, 26, 16, 527, TRUE, FALSE);
INSERT INTO inv_arrestsurrenderaccused (ArrestSurrenderID, AccusedMasterID) VALUES (162, 527);
INSERT INTO ArrestSurrender (ArrestSurrenderID, CaseMasterID, ArrestSurrenderTypeID, ArrestSurrenderDate, ArrestSurrenderStateId, ArrestSurrenderDistrictId, PoliceStationID, IOID, CourtID, AccusedMasterID, IsAccused, IsComplainantAccused) VALUES (163, 221, 1, '2023-10-13', 1, 29, 28, 77, 16, 528, TRUE, FALSE);
INSERT INTO inv_arrestsurrenderaccused (ArrestSurrenderID, AccusedMasterID) VALUES (163, 528);
INSERT INTO Inv_OccuranceTime (CaseMasterID, OccuranceFromDate, OccuranceToDate, PlaceOfOccurance, latitude, longitude) VALUES (221, '2023-10-08T20:16:00', '2023-10-08T21:16:00', 'Raval Zila, Uttara Kannada', 12.9366312, 77.663753);

INSERT INTO CaseMaster (CaseMasterID, CrimeNo, CaseNo, CrimeRegisteredDate, PolicePersonID, PoliceStationID, CaseCategoryID, GravityOffenceID, CrimeMajorHeadID, CrimeMinorHeadID, CaseStatusID, CourtID, IncidentFromDate, IncidentToDate, InfoReceivedPSDate, latitude, longitude, BriefFacts) VALUES (222, '400290028202600003', '202600003', '2026-01-04', 34, 28, 4, 2, 3, 22, 2, 26, '2026-01-04T09:39:00', '2026-01-04T13:39:00', '2026-01-04T14:39:00', 15.9491314, 74.5734611, 'On 2026-01-04, the complainant Yashoda Jhaveri reported that unknown persons broke into their residence at Solanki Path, Uttara Kannada and stole cash amounting to Rs. 100000 and gold ornaments. The accused Udant Sha was later identified through CCTV footage from a nearby shop.');
INSERT INTO ComplainantDetails (ComplainantID, CaseMasterID, ComplainantName, AgeYear, OccupationID, ReligionID, CasteID, GenderID) VALUES (222, 222, 'Yashoda Jhaveri', 21, 16, 7, 4, 2);
INSERT INTO Victim (VictimMasterID, CaseMasterID, VictimName, AgeYear, GenderID, VictimPolice) VALUES (307, 222, 'Harita Patla', 29, 2, '0');
INSERT INTO Accused (AccusedMasterID, CaseMasterID, AccusedName, AgeYear, GenderID, PersonID) VALUES (529, 222, 'Udant Sha', 43, 2, 'A1');
INSERT INTO Accused (AccusedMasterID, CaseMasterID, AccusedName, AgeYear, GenderID, PersonID) VALUES (530, 222, 'Sneha Comar', 41, 2, 'A2');
INSERT INTO ActSectionAssociation (CaseMasterID, ActID, SectionID, ActOrderID, SectionOrderID) VALUES (222, 'POCSO', '6', 1, 1);
INSERT INTO ActSectionAssociation (CaseMasterID, ActID, SectionID, ActOrderID, SectionOrderID) VALUES (222, 'NDPS', '22', 2, 2);
INSERT INTO ArrestSurrender (ArrestSurrenderID, CaseMasterID, ArrestSurrenderTypeID, ArrestSurrenderDate, ArrestSurrenderStateId, ArrestSurrenderDistrictId, PoliceStationID, IOID, CourtID, AccusedMasterID, IsAccused, IsComplainantAccused) VALUES (164, 222, 1, '2026-01-24', 1, 29, 28, 69, 26, 529, TRUE, FALSE);
INSERT INTO inv_arrestsurrenderaccused (ArrestSurrenderID, AccusedMasterID) VALUES (164, 529);
INSERT INTO Inv_OccuranceTime (CaseMasterID, OccuranceFromDate, OccuranceToDate, PlaceOfOccurance, latitude, longitude) VALUES (222, '2026-01-04T09:39:00', '2026-01-04T13:39:00', 'Solanki Path, Uttara Kannada', 15.9491314, 74.5734611);
INSERT INTO ChargesheetDetails (CSID, CaseMasterID, csdate, cstype, PolicePersonID) VALUES (57, 222, '2026-07-01', 'A', 17);

INSERT INTO CaseMaster (CaseMasterID, CrimeNo, CaseNo, CrimeRegisteredDate, PolicePersonID, PoliceStationID, CaseCategoryID, GravityOffenceID, CrimeMajorHeadID, CrimeMinorHeadID, CaseStatusID, CourtID, IncidentFromDate, IncidentToDate, InfoReceivedPSDate, latitude, longitude, BriefFacts) VALUES (223, '100010030202300001', '202300001', '2023-10-28', 65, 30, 1, 4, 6, 35, 1, 39, '2023-10-28T17:52:00', '2023-10-28T18:52:00', '2023-10-29T01:52:00', 15.3501368, 75.0535328, 'The deceased Aarnav Om, aged 57, was found dead under suspicious circumstances at Cherian Path, Bengaluru Urban on 2023-10-28. The investigation revealed that the accused Bishakha Vig, who is a relative of the deceased, had a dispute over property worth Rs. 10000.');
INSERT INTO ComplainantDetails (ComplainantID, CaseMasterID, ComplainantName, AgeYear, OccupationID, ReligionID, CasteID, GenderID) VALUES (223, 223, 'Aarnav Om', 37, 9, 6, 1, 2);
INSERT INTO Victim (VictimMasterID, CaseMasterID, VictimName, AgeYear, GenderID, VictimPolice) VALUES (308, 223, 'Aarnav Om', 22, 2, '0');
INSERT INTO Accused (AccusedMasterID, CaseMasterID, AccusedName, AgeYear, GenderID, PersonID) VALUES (531, 223, 'Bishakha Vig', 52, 2, 'A1');
INSERT INTO Accused (AccusedMasterID, CaseMasterID, AccusedName, AgeYear, GenderID, PersonID) VALUES (532, 223, 'Nitesh Tailor', 54, 2, 'A2');
INSERT INTO ActSectionAssociation (CaseMasterID, ActID, SectionID, ActOrderID, SectionOrderID) VALUES (223, 'POCSO', '4', 1, 1);
INSERT INTO Inv_OccuranceTime (CaseMasterID, OccuranceFromDate, OccuranceToDate, PlaceOfOccurance, latitude, longitude) VALUES (223, '2023-10-28T17:52:00', '2023-10-28T18:52:00', 'Cherian Path, Bengaluru Urban', 15.3501368, 75.0535328);

INSERT INTO CaseMaster (CaseMasterID, CrimeNo, CaseNo, CrimeRegisteredDate, PolicePersonID, PoliceStationID, CaseCategoryID, GravityOffenceID, CrimeMajorHeadID, CrimeMinorHeadID, CaseStatusID, CourtID, IncidentFromDate, IncidentToDate, InfoReceivedPSDate, latitude, longitude, BriefFacts) VALUES (224, '100240023202300001', '202300001', '2023-12-14', 46, 23, 1, 1, 1, 5, 2, 34, '2023-12-14T19:49:00', '2023-12-14T20:49:00', '2023-12-14T22:49:00', 12.2916631, 76.6018061, 'The victim Hredhaan Kumar, aged 39, was assaulted by the accused Raghav Dara near Kale Marg, Chikkaballapura on 2023-12-14 at approximately 2:00 AM. The accused used a sharp weapon causing grievous injuries. The victim was rushed to BGS Global Hospital for treatment.');
INSERT INTO ComplainantDetails (ComplainantID, CaseMasterID, ComplainantName, AgeYear, OccupationID, ReligionID, CasteID, GenderID) VALUES (224, 224, 'Hredhaan Kumar', 36, 16, 1, 2, 2);
INSERT INTO Victim (VictimMasterID, CaseMasterID, VictimName, AgeYear, GenderID, VictimPolice) VALUES (309, 224, 'Hredhaan Kumar', 34, 2, '0');
INSERT INTO Accused (AccusedMasterID, CaseMasterID, AccusedName, AgeYear, GenderID, PersonID) VALUES (533, 224, 'Raghav Dara', 39, 2, 'A1');
INSERT INTO Accused (AccusedMasterID, CaseMasterID, AccusedName, AgeYear, GenderID, PersonID) VALUES (534, 224, 'Rayaan Nigam', 51, 2, 'A2');
INSERT INTO ActSectionAssociation (CaseMasterID, ActID, SectionID, ActOrderID, SectionOrderID) VALUES (224, 'IPC', '120B', 1, 1);
INSERT INTO ArrestSurrender (ArrestSurrenderID, CaseMasterID, ArrestSurrenderTypeID, ArrestSurrenderDate, ArrestSurrenderStateId, ArrestSurrenderDistrictId, PoliceStationID, IOID, CourtID, AccusedMasterID, IsAccused, IsComplainantAccused) VALUES (165, 224, 1, '2023-12-14', 1, 24, 23, 1, 34, 533, TRUE, FALSE);
INSERT INTO inv_arrestsurrenderaccused (ArrestSurrenderID, AccusedMasterID) VALUES (165, 533);
INSERT INTO ArrestSurrender (ArrestSurrenderID, CaseMasterID, ArrestSurrenderTypeID, ArrestSurrenderDate, ArrestSurrenderStateId, ArrestSurrenderDistrictId, PoliceStationID, IOID, CourtID, AccusedMasterID, IsAccused, IsComplainantAccused) VALUES (166, 224, 2, '2024-01-03', 1, 24, 23, 40, 34, 534, TRUE, FALSE);
INSERT INTO inv_arrestsurrenderaccused (ArrestSurrenderID, AccusedMasterID) VALUES (166, 534);
INSERT INTO Inv_OccuranceTime (CaseMasterID, OccuranceFromDate, OccuranceToDate, PlaceOfOccurance, latitude, longitude) VALUES (224, '2023-12-14T19:49:00', '2023-12-14T20:49:00', 'Kale Marg, Chikkaballapura', 12.2916631, 76.6018061);
INSERT INTO ChargesheetDetails (CSID, CaseMasterID, csdate, cstype, PolicePersonID) VALUES (58, 224, '2024-01-20', 'A', 73);

INSERT INTO CaseMaster (CaseMasterID, CrimeNo, CaseNo, CrimeRegisteredDate, PolicePersonID, PoliceStationID, CaseCategoryID, GravityOffenceID, CrimeMajorHeadID, CrimeMinorHeadID, CaseStatusID, CourtID, IncidentFromDate, IncidentToDate, InfoReceivedPSDate, latitude, longitude, BriefFacts) VALUES (225, '800130012202300002', '202300002', '2023-11-09', 9, 12, 8, 2, 2, 13, 2, 32, '2023-11-09T21:58:00', '2023-11-09T22:58:00', '2023-11-10T07:58:00', 12.3181215, 76.6359759, 'A case of cheating was reported by Chakradhar Dasgupta stating that the accused Zayan Behl fraudulently obtained Rs. 5000 by promising a job in a government department. The accused collected money over a period of 5 months and disappeared.');
INSERT INTO ComplainantDetails (ComplainantID, CaseMasterID, ComplainantName, AgeYear, OccupationID, ReligionID, CasteID, GenderID) VALUES (225, 225, 'Chakradhar Dasgupta', 29, 11, 4, 5, 2);
INSERT INTO Victim (VictimMasterID, CaseMasterID, VictimName, AgeYear, GenderID, VictimPolice) VALUES (310, 225, 'Tanvi Thaman', 19, 3, '0');
INSERT INTO Victim (VictimMasterID, CaseMasterID, VictimName, AgeYear, GenderID, VictimPolice) VALUES (311, 225, 'Chanakya Sant', 48, 1, '0');
INSERT INTO Accused (AccusedMasterID, CaseMasterID, AccusedName, AgeYear, GenderID, PersonID) VALUES (535, 225, 'Zayan Behl', 49, 1, 'A1');
INSERT INTO ActSectionAssociation (CaseMasterID, ActID, SectionID, ActOrderID, SectionOrderID) VALUES (225, 'IPC', '406', 1, 1);
INSERT INTO ActSectionAssociation (CaseMasterID, ActID, SectionID, ActOrderID, SectionOrderID) VALUES (225, 'IPC', '509', 2, 2);
INSERT INTO Inv_OccuranceTime (CaseMasterID, OccuranceFromDate, OccuranceToDate, PlaceOfOccurance, latitude, longitude) VALUES (225, '2023-11-09T21:58:00', '2023-11-09T22:58:00', 'Tara Street, Davanagere', 12.3181215, 76.6359759);
INSERT INTO ChargesheetDetails (CSID, CaseMasterID, csdate, cstype, PolicePersonID) VALUES (59, 225, '2024-01-03', 'A', 67);

INSERT INTO CaseMaster (CaseMasterID, CrimeNo, CaseNo, CrimeRegisteredDate, PolicePersonID, PoliceStationID, CaseCategoryID, GravityOffenceID, CrimeMajorHeadID, CrimeMinorHeadID, CaseStatusID, CourtID, IncidentFromDate, IncidentToDate, InfoReceivedPSDate, latitude, longitude, BriefFacts) VALUES (226, '100230022202600001', '202600001', '2026-01-18', 42, 22, 1, 4, 6, 35, 2, 19, '2026-01-18T20:27:00', '2026-01-18T23:27:00', '2026-01-19T05:27:00', 15.8532331, 74.4562169, 'The deceased Kabir Chawla, aged 24, was found dead under suspicious circumstances at Sahota Marg, Ramanagara on 2026-01-18. The investigation revealed that the accused Ekanta Thaman, who is a relative of the deceased, had a dispute over property worth Rs. 100000.');
INSERT INTO ComplainantDetails (ComplainantID, CaseMasterID, ComplainantName, AgeYear, OccupationID, ReligionID, CasteID, GenderID) VALUES (226, 226, 'Yashoda Goel', 54, 6, 6, 3, 1);
INSERT INTO Victim (VictimMasterID, CaseMasterID, VictimName, AgeYear, GenderID, VictimPolice) VALUES (312, 226, 'Kabir Chawla', 11, 2, '0');
INSERT INTO Accused (AccusedMasterID, CaseMasterID, AccusedName, AgeYear, GenderID, PersonID) VALUES (536, 226, 'Ekanta Thaman', 52, 1, 'A1');
INSERT INTO ActSectionAssociation (CaseMasterID, ActID, SectionID, ActOrderID, SectionOrderID) VALUES (226, 'ITA', '66C', 1, 1);
INSERT INTO ActSectionAssociation (CaseMasterID, ActID, SectionID, ActOrderID, SectionOrderID) VALUES (226, 'POCSO', '8', 2, 2);
INSERT INTO ActSectionAssociation (CaseMasterID, ActID, SectionID, ActOrderID, SectionOrderID) VALUES (226, 'IPC', '376', 3, 3);
INSERT INTO ArrestSurrender (ArrestSurrenderID, CaseMasterID, ArrestSurrenderTypeID, ArrestSurrenderDate, ArrestSurrenderStateId, ArrestSurrenderDistrictId, PoliceStationID, IOID, CourtID, AccusedMasterID, IsAccused, IsComplainantAccused) VALUES (167, 226, 2, '2026-03-04', 1, 23, 22, 10, 19, 536, TRUE, FALSE);
INSERT INTO inv_arrestsurrenderaccused (ArrestSurrenderID, AccusedMasterID) VALUES (167, 536);
INSERT INTO Inv_OccuranceTime (CaseMasterID, OccuranceFromDate, OccuranceToDate, PlaceOfOccurance, latitude, longitude) VALUES (226, '2026-01-18T20:27:00', '2026-01-18T23:27:00', 'Sahota Marg, Ramanagara', 15.8532331, 74.4562169);
INSERT INTO ChargesheetDetails (CSID, CaseMasterID, csdate, cstype, PolicePersonID) VALUES (60, 226, '2026-04-10', 'A', 64);

INSERT INTO CaseMaster (CaseMasterID, CrimeNo, CaseNo, CrimeRegisteredDate, PolicePersonID, PoliceStationID, CaseCategoryID, GravityOffenceID, CrimeMajorHeadID, CrimeMinorHeadID, CaseStatusID, CourtID, IncidentFromDate, IncidentToDate, InfoReceivedPSDate, latitude, longitude, BriefFacts) VALUES (227, '200200019202600001', '202600001', '2026-06-21', 79, 19, 2, 1, 1, 3, 6, 14, '2026-06-21T07:42:00', '2026-06-21T09:42:00', '2026-06-21T11:42:00', 12.3143172, 75.3069875, 'On 2026-06-21, at about 1:15 PM, the accused Lakshit Sachar along with 5 associates formed an unlawful assembly near Vala, Haveri and attacked the complainant Anusha Rao with lethal weapons resulting in injuries.');
INSERT INTO ComplainantDetails (ComplainantID, CaseMasterID, ComplainantName, AgeYear, OccupationID, ReligionID, CasteID, GenderID) VALUES (227, 227, 'Anusha Rao', 46, 13, 3, 2, 2);
INSERT INTO Victim (VictimMasterID, CaseMasterID, VictimName, AgeYear, GenderID, VictimPolice) VALUES (313, 227, 'Chaitaly Sethi', 6, 3, '0');
INSERT INTO Accused (AccusedMasterID, CaseMasterID, AccusedName, AgeYear, GenderID, PersonID) VALUES (537, 227, 'Lakshit Sachar', 46, 1, 'A1');
INSERT INTO ActSectionAssociation (CaseMasterID, ActID, SectionID, ActOrderID, SectionOrderID) VALUES (227, 'NDPS', '20', 1, 1);
INSERT INTO ActSectionAssociation (CaseMasterID, ActID, SectionID, ActOrderID, SectionOrderID) VALUES (227, 'IPC', '323', 2, 2);
INSERT INTO ActSectionAssociation (CaseMasterID, ActID, SectionID, ActOrderID, SectionOrderID) VALUES (227, 'NDPS', '22', 3, 3);
INSERT INTO ArrestSurrender (ArrestSurrenderID, CaseMasterID, ArrestSurrenderTypeID, ArrestSurrenderDate, ArrestSurrenderStateId, ArrestSurrenderDistrictId, PoliceStationID, IOID, CourtID, AccusedMasterID, IsAccused, IsComplainantAccused) VALUES (168, 227, 2, '2026-08-20', 1, 20, 19, 51, 14, 537, TRUE, FALSE);
INSERT INTO inv_arrestsurrenderaccused (ArrestSurrenderID, AccusedMasterID) VALUES (168, 537);
INSERT INTO Inv_OccuranceTime (CaseMasterID, OccuranceFromDate, OccuranceToDate, PlaceOfOccurance, latitude, longitude) VALUES (227, '2026-06-21T07:42:00', '2026-06-21T09:42:00', 'Vala, Haveri', 12.3143172, 75.3069875);

INSERT INTO CaseMaster (CaseMasterID, CrimeNo, CaseNo, CrimeRegisteredDate, PolicePersonID, PoliceStationID, CaseCategoryID, GravityOffenceID, CrimeMajorHeadID, CrimeMinorHeadID, CaseStatusID, CourtID, IncidentFromDate, IncidentToDate, InfoReceivedPSDate, latitude, longitude, BriefFacts) VALUES (228, '300190018202400002', '202400002', '2024-06-05', 37, 18, 3, 3, 6, 37, 1, 8, '2024-06-05T15:12:00', '2024-06-05T16:12:00', '2024-06-06T00:12:00', 12.3563177, 76.6198245, 'The victim Bina Pai, aged 25, was assaulted by the accused Pranav Thakur near Naidu Circle, Gadag on 2024-06-05 at approximately 4:00 AM. The accused used a sharp weapon causing grievous injuries. The victim was rushed to Bowring Hospital for treatment.');
INSERT INTO ComplainantDetails (ComplainantID, CaseMasterID, ComplainantName, AgeYear, OccupationID, ReligionID, CasteID, GenderID) VALUES (228, 228, 'Teerth Iyer', 52, 7, 7, 2, 2);
INSERT INTO Victim (VictimMasterID, CaseMasterID, VictimName, AgeYear, GenderID, VictimPolice) VALUES (314, 228, 'Bina Pai', 6, 1, '0');
INSERT INTO Accused (AccusedMasterID, CaseMasterID, AccusedName, AgeYear, GenderID, PersonID) VALUES (538, 228, 'Pranav Thakur', 29, 2, 'A1');
INSERT INTO Accused (AccusedMasterID, CaseMasterID, AccusedName, AgeYear, GenderID, PersonID) VALUES (539, 228, 'Indira Srinivasan', 21, 2, 'A2');
INSERT INTO Accused (AccusedMasterID, CaseMasterID, AccusedName, AgeYear, GenderID, PersonID) VALUES (540, 228, 'Bhavika Sami', 36, 1, 'A3');
INSERT INTO Accused (AccusedMasterID, CaseMasterID, AccusedName, AgeYear, GenderID, PersonID) VALUES (541, 228, 'Hredhaan Bakshi', 30, 2, 'A4');
INSERT INTO Accused (AccusedMasterID, CaseMasterID, AccusedName, AgeYear, GenderID, PersonID) VALUES (542, 228, 'Maanav Bera', 46, 1, 'A5');
INSERT INTO ActSectionAssociation (CaseMasterID, ActID, SectionID, ActOrderID, SectionOrderID) VALUES (228, 'IPC', '457', 1, 1);
INSERT INTO ActSectionAssociation (CaseMasterID, ActID, SectionID, ActOrderID, SectionOrderID) VALUES (228, 'NDPS', '27', 2, 2);
INSERT INTO ArrestSurrender (ArrestSurrenderID, CaseMasterID, ArrestSurrenderTypeID, ArrestSurrenderDate, ArrestSurrenderStateId, ArrestSurrenderDistrictId, PoliceStationID, IOID, CourtID, AccusedMasterID, IsAccused, IsComplainantAccused) VALUES (169, 228, 2, '2024-07-10', 1, 19, 18, 8, 8, 539, TRUE, FALSE);
INSERT INTO inv_arrestsurrenderaccused (ArrestSurrenderID, AccusedMasterID) VALUES (169, 539);
INSERT INTO Inv_OccuranceTime (CaseMasterID, OccuranceFromDate, OccuranceToDate, PlaceOfOccurance, latitude, longitude) VALUES (228, '2024-06-05T15:12:00', '2024-06-05T16:12:00', 'Naidu Circle, Gadag', 12.3563177, 76.6198245);

INSERT INTO CaseMaster (CaseMasterID, CrimeNo, CaseNo, CrimeRegisteredDate, PolicePersonID, PoliceStationID, CaseCategoryID, GravityOffenceID, CrimeMajorHeadID, CrimeMinorHeadID, CaseStatusID, CourtID, IncidentFromDate, IncidentToDate, InfoReceivedPSDate, latitude, longitude, BriefFacts) VALUES (229, '100230022202500002', '202500002', '2025-07-17', 9, 22, 1, 4, 6, 34, 2, 40, '2025-07-17T01:09:00', '2025-07-17T01:09:00', '2025-07-17T11:09:00', 16.5685555, 75.4474532, 'The complainant Amara Dyal, a shopkeeper at Merchant Nagar, Ramanagara, reported that the accused Zashil Dhingra along with others robbed the shop at knife-point on 2025-07-17 and fled with cash Rs. 5000 and valuables.');
INSERT INTO ComplainantDetails (ComplainantID, CaseMasterID, ComplainantName, AgeYear, OccupationID, ReligionID, CasteID, GenderID) VALUES (229, 229, 'Amara Dyal', 51, 9, 3, 4, 2);
INSERT INTO Victim (VictimMasterID, CaseMasterID, VictimName, AgeYear, GenderID, VictimPolice) VALUES (315, 229, 'Amara Dyal', 24, 2, '0');
INSERT INTO Victim (VictimMasterID, CaseMasterID, VictimName, AgeYear, GenderID, VictimPolice) VALUES (316, 229, 'Bachittar Parmer', 51, 1, '0');
INSERT INTO Victim (VictimMasterID, CaseMasterID, VictimName, AgeYear, GenderID, VictimPolice) VALUES (317, 229, 'Harsh Kapur', 27, 2, '0');
INSERT INTO Accused (AccusedMasterID, CaseMasterID, AccusedName, AgeYear, GenderID, PersonID) VALUES (543, 229, 'Zashil Dhingra', 41, 1, 'A1');
INSERT INTO Accused (AccusedMasterID, CaseMasterID, AccusedName, AgeYear, GenderID, PersonID) VALUES (544, 229, 'Wazir Vaidya', 37, 1, 'A2');
INSERT INTO Accused (AccusedMasterID, CaseMasterID, AccusedName, AgeYear, GenderID, PersonID) VALUES (545, 229, 'Samar Lalla', 52, 1, 'A3');
INSERT INTO Accused (AccusedMasterID, CaseMasterID, AccusedName, AgeYear, GenderID, PersonID) VALUES (546, 229, 'Champak Raj', 26, 2, 'A4');
INSERT INTO ActSectionAssociation (CaseMasterID, ActID, SectionID, ActOrderID, SectionOrderID) VALUES (229, 'ITA', '67', 1, 1);
INSERT INTO Inv_OccuranceTime (CaseMasterID, OccuranceFromDate, OccuranceToDate, PlaceOfOccurance, latitude, longitude) VALUES (229, '2025-07-17T01:09:00', '2025-07-17T01:09:00', 'Merchant Nagar, Ramanagara', 16.5685555, 75.4474532);
INSERT INTO ChargesheetDetails (CSID, CaseMasterID, csdate, cstype, PolicePersonID) VALUES (61, 229, '2025-12-11', 'A', 58);

INSERT INTO CaseMaster (CaseMasterID, CrimeNo, CaseNo, CrimeRegisteredDate, PolicePersonID, PoliceStationID, CaseCategoryID, GravityOffenceID, CrimeMajorHeadID, CrimeMinorHeadID, CaseStatusID, CourtID, IncidentFromDate, IncidentToDate, InfoReceivedPSDate, latitude, longitude, BriefFacts) VALUES (230, '400140013202400002', '202400002', '2024-09-10', 60, 13, 4, 3, 3, 22, 1, 26, '2024-09-10T06:36:00', '2024-09-10T07:36:00', '2024-09-10T18:36:00', 12.8780629, 74.8761364, 'The deceased Samaksh Savant, aged 53, was found dead under suspicious circumstances at Menon Ganj, Hassan on 2024-09-10. The investigation revealed that the accused Jhalak Hegde, who is a relative of the deceased, had a dispute over property worth Rs. 50000.');
INSERT INTO ComplainantDetails (ComplainantID, CaseMasterID, ComplainantName, AgeYear, OccupationID, ReligionID, CasteID, GenderID) VALUES (230, 230, 'Chatura Arya', 55, 6, 6, 4, 2);
INSERT INTO Victim (VictimMasterID, CaseMasterID, VictimName, AgeYear, GenderID, VictimPolice) VALUES (318, 230, 'Samaksh Savant', 61, 1, '0');
INSERT INTO Accused (AccusedMasterID, CaseMasterID, AccusedName, AgeYear, GenderID, PersonID) VALUES (547, 230, 'Jhalak Hegde', 29, 2, 'A1');
INSERT INTO ActSectionAssociation (CaseMasterID, ActID, SectionID, ActOrderID, SectionOrderID) VALUES (230, 'NDPS', '27', 1, 1);
INSERT INTO ActSectionAssociation (CaseMasterID, ActID, SectionID, ActOrderID, SectionOrderID) VALUES (230, 'ITA', '66C', 2, 2);
INSERT INTO ActSectionAssociation (CaseMasterID, ActID, SectionID, ActOrderID, SectionOrderID) VALUES (230, 'NDPS', '22', 3, 3);
INSERT INTO ArrestSurrender (ArrestSurrenderID, CaseMasterID, ArrestSurrenderTypeID, ArrestSurrenderDate, ArrestSurrenderStateId, ArrestSurrenderDistrictId, PoliceStationID, IOID, CourtID, AccusedMasterID, IsAccused, IsComplainantAccused) VALUES (170, 230, 2, '2024-10-28', 1, 14, 13, 41, 26, 547, TRUE, FALSE);
INSERT INTO inv_arrestsurrenderaccused (ArrestSurrenderID, AccusedMasterID) VALUES (170, 547);
INSERT INTO Inv_OccuranceTime (CaseMasterID, OccuranceFromDate, OccuranceToDate, PlaceOfOccurance, latitude, longitude) VALUES (230, '2024-09-10T06:36:00', '2024-09-10T07:36:00', 'Menon Ganj, Hassan', 12.8780629, 74.8761364);

INSERT INTO CaseMaster (CaseMasterID, CrimeNo, CaseNo, CrimeRegisteredDate, PolicePersonID, PoliceStationID, CaseCategoryID, GravityOffenceID, CrimeMajorHeadID, CrimeMinorHeadID, CaseStatusID, CourtID, IncidentFromDate, IncidentToDate, InfoReceivedPSDate, latitude, longitude, BriefFacts) VALUES (231, '800010030202400001', '202400001', '2024-11-16', 79, 30, 8, 1, 8, 44, 1, 5, '2024-11-16T10:54:00', '2024-11-16T10:54:00', '2024-11-16T15:54:00', 13.0600705, 77.5460872, 'A case of cheating was reported by Rachit Ghose stating that the accused Arya Lalla fraudulently obtained Rs. 250000 by promising a job in a government department. The accused collected money over a period of 17 months and disappeared.');
INSERT INTO ComplainantDetails (ComplainantID, CaseMasterID, ComplainantName, AgeYear, OccupationID, ReligionID, CasteID, GenderID) VALUES (231, 231, 'Rachit Ghose', 54, 14, 2, 5, 2);
INSERT INTO Victim (VictimMasterID, CaseMasterID, VictimName, AgeYear, GenderID, VictimPolice) VALUES (319, 231, 'Krishna Baria', 40, 3, '0');
INSERT INTO Accused (AccusedMasterID, CaseMasterID, AccusedName, AgeYear, GenderID, PersonID) VALUES (548, 231, 'Arya Lalla', 25, 1, 'A1');
INSERT INTO ActSectionAssociation (CaseMasterID, ActID, SectionID, ActOrderID, SectionOrderID) VALUES (231, 'IPC', '427', 1, 1);
INSERT INTO ActSectionAssociation (CaseMasterID, ActID, SectionID, ActOrderID, SectionOrderID) VALUES (231, 'IPC', '324', 2, 2);
INSERT INTO Inv_OccuranceTime (CaseMasterID, OccuranceFromDate, OccuranceToDate, PlaceOfOccurance, latitude, longitude) VALUES (231, '2024-11-16T10:54:00', '2024-11-16T10:54:00', 'Dyal Street, Bengaluru Urban', 13.0600705, 77.5460872);

INSERT INTO CaseMaster (CaseMasterID, CrimeNo, CaseNo, CrimeRegisteredDate, PolicePersonID, PoliceStationID, CaseCategoryID, GravityOffenceID, CrimeMajorHeadID, CrimeMinorHeadID, CaseStatusID, CourtID, IncidentFromDate, IncidentToDate, InfoReceivedPSDate, latitude, longitude, BriefFacts) VALUES (232, '400140013202500002', '202500002', '2025-04-14', 62, 13, 4, 2, 1, 2, 2, 24, '2025-04-14T00:31:00', '2025-04-14T04:31:00', '2025-04-14T09:31:00', 15.5942384, 74.8182515, 'On 2025-04-14, at about 3:15 AM, the accused Ekantika Behl along with 6 associates formed an unlawful assembly near Mitra, Hassan and attacked the complainant Abdul Narayanan with lethal weapons resulting in injuries.');
INSERT INTO ComplainantDetails (ComplainantID, CaseMasterID, ComplainantName, AgeYear, OccupationID, ReligionID, CasteID, GenderID) VALUES (232, 232, 'Abdul Narayanan', 57, 14, 2, 3, 2);
INSERT INTO Victim (VictimMasterID, CaseMasterID, VictimName, AgeYear, GenderID, VictimPolice) VALUES (320, 232, 'Mohammed Baral', 40, 3, '0');
INSERT INTO Accused (AccusedMasterID, CaseMasterID, AccusedName, AgeYear, GenderID, PersonID) VALUES (549, 232, 'Ekantika Behl', 38, 1, 'A1');
INSERT INTO ActSectionAssociation (CaseMasterID, ActID, SectionID, ActOrderID, SectionOrderID) VALUES (232, 'NDPS', '27', 1, 1);
INSERT INTO ArrestSurrender (ArrestSurrenderID, CaseMasterID, ArrestSurrenderTypeID, ArrestSurrenderDate, ArrestSurrenderStateId, ArrestSurrenderDistrictId, PoliceStationID, IOID, CourtID, AccusedMasterID, IsAccused, IsComplainantAccused) VALUES (171, 232, 1, '2025-05-05', 1, 14, 13, 35, 24, 549, TRUE, FALSE);
INSERT INTO inv_arrestsurrenderaccused (ArrestSurrenderID, AccusedMasterID) VALUES (171, 549);
INSERT INTO Inv_OccuranceTime (CaseMasterID, OccuranceFromDate, OccuranceToDate, PlaceOfOccurance, latitude, longitude) VALUES (232, '2025-04-14T00:31:00', '2025-04-14T04:31:00', 'Mitra, Hassan', 15.5942384, 74.8182515);
INSERT INTO ChargesheetDetails (CSID, CaseMasterID, csdate, cstype, PolicePersonID) VALUES (62, 232, '2025-09-08', 'A', 11);

INSERT INTO CaseMaster (CaseMasterID, CrimeNo, CaseNo, CrimeRegisteredDate, PolicePersonID, PoliceStationID, CaseCategoryID, GravityOffenceID, CrimeMajorHeadID, CrimeMinorHeadID, CaseStatusID, CourtID, IncidentFromDate, IncidentToDate, InfoReceivedPSDate, latitude, longitude, BriefFacts) VALUES (233, '300190018202500002', '202500002', '2025-01-01', 5, 18, 3, 2, 7, 40, 1, 37, '2025-01-01T12:02:00', '2025-01-01T14:02:00', '2025-01-02T01:02:00', 15.8672341, 74.5512545, 'On 2025-01-01, the Anti-Narcotics squad conducted a raid at Yadav Marg, Gadag and seized 50 grams of ganja from the possession of the accused Yashasvi Dutta. The accused was found to be part of a supply chain operating across Yadgir and Hubballi-Dharwad.');
INSERT INTO ComplainantDetails (ComplainantID, CaseMasterID, ComplainantName, AgeYear, OccupationID, ReligionID, CasteID, GenderID) VALUES (233, 233, 'Elijah Nadkarni', 26, 8, 1, 2, 2);
INSERT INTO Victim (VictimMasterID, CaseMasterID, VictimName, AgeYear, GenderID, VictimPolice) VALUES (321, 233, 'Qarin Verma', 35, 1, '0');
INSERT INTO Accused (AccusedMasterID, CaseMasterID, AccusedName, AgeYear, GenderID, PersonID) VALUES (550, 233, 'Yashasvi Dutta', 18, 2, 'A1');
INSERT INTO ActSectionAssociation (CaseMasterID, ActID, SectionID, ActOrderID, SectionOrderID) VALUES (233, 'IPC', '324', 1, 1);
INSERT INTO ActSectionAssociation (CaseMasterID, ActID, SectionID, ActOrderID, SectionOrderID) VALUES (233, 'ITA', '66D', 2, 2);
INSERT INTO ActSectionAssociation (CaseMasterID, ActID, SectionID, ActOrderID, SectionOrderID) VALUES (233, 'IPC', '148', 3, 3);
INSERT INTO ArrestSurrender (ArrestSurrenderID, CaseMasterID, ArrestSurrenderTypeID, ArrestSurrenderDate, ArrestSurrenderStateId, ArrestSurrenderDistrictId, PoliceStationID, IOID, CourtID, AccusedMasterID, IsAccused, IsComplainantAccused) VALUES (172, 233, 1, '2025-02-28', 1, 19, 18, 24, 37, 550, TRUE, FALSE);
INSERT INTO inv_arrestsurrenderaccused (ArrestSurrenderID, AccusedMasterID) VALUES (172, 550);
INSERT INTO Inv_OccuranceTime (CaseMasterID, OccuranceFromDate, OccuranceToDate, PlaceOfOccurance, latitude, longitude) VALUES (233, '2025-01-01T12:02:00', '2025-01-01T14:02:00', 'Yadav Marg, Gadag', 15.8672341, 74.5512545);

INSERT INTO CaseMaster (CaseMasterID, CrimeNo, CaseNo, CrimeRegisteredDate, PolicePersonID, PoliceStationID, CaseCategoryID, GravityOffenceID, CrimeMajorHeadID, CrimeMinorHeadID, CaseStatusID, CourtID, IncidentFromDate, IncidentToDate, InfoReceivedPSDate, latitude, longitude, BriefFacts) VALUES (234, '100240023202400002', '202400002', '2024-09-28', 12, 23, 1, 1, 5, 28, 3, 15, '2024-09-28T06:30:00', '2024-09-28T07:30:00', '2024-09-28T18:30:00', 12.918488, 77.6403088, 'A case of cheating was reported by Timothy Kala stating that the accused Tejas Wali fraudulently obtained Rs. 2500000 by promising a job in a government department. The accused collected money over a period of 4 months and disappeared.');
INSERT INTO ComplainantDetails (ComplainantID, CaseMasterID, ComplainantName, AgeYear, OccupationID, ReligionID, CasteID, GenderID) VALUES (234, 234, 'Timothy Kala', 40, 8, 2, 4, 2);
INSERT INTO Victim (VictimMasterID, CaseMasterID, VictimName, AgeYear, GenderID, VictimPolice) VALUES (322, 234, 'Garima Patel', 69, 3, '0');
INSERT INTO Accused (AccusedMasterID, CaseMasterID, AccusedName, AgeYear, GenderID, PersonID) VALUES (551, 234, 'Tejas Wali', 40, 1, 'A1');
INSERT INTO Accused (AccusedMasterID, CaseMasterID, AccusedName, AgeYear, GenderID, PersonID) VALUES (552, 234, 'Hiral Sehgal', 34, 2, 'A2');
INSERT INTO ActSectionAssociation (CaseMasterID, ActID, SectionID, ActOrderID, SectionOrderID) VALUES (234, 'IPC', '307', 1, 1);
INSERT INTO ArrestSurrender (ArrestSurrenderID, CaseMasterID, ArrestSurrenderTypeID, ArrestSurrenderDate, ArrestSurrenderStateId, ArrestSurrenderDistrictId, PoliceStationID, IOID, CourtID, AccusedMasterID, IsAccused, IsComplainantAccused) VALUES (173, 234, 2, '2024-10-03', 1, 24, 23, 2, 15, 551, TRUE, FALSE);
INSERT INTO inv_arrestsurrenderaccused (ArrestSurrenderID, AccusedMasterID) VALUES (173, 551);
INSERT INTO ArrestSurrender (ArrestSurrenderID, CaseMasterID, ArrestSurrenderTypeID, ArrestSurrenderDate, ArrestSurrenderStateId, ArrestSurrenderDistrictId, PoliceStationID, IOID, CourtID, AccusedMasterID, IsAccused, IsComplainantAccused) VALUES (174, 234, 1, '2024-11-14', 1, 24, 23, 41, 15, 552, TRUE, FALSE);
INSERT INTO inv_arrestsurrenderaccused (ArrestSurrenderID, AccusedMasterID) VALUES (174, 552);
INSERT INTO Inv_OccuranceTime (CaseMasterID, OccuranceFromDate, OccuranceToDate, PlaceOfOccurance, latitude, longitude) VALUES (234, '2024-09-28T06:30:00', '2024-09-28T07:30:00', 'Andra Chowk, Chikkaballapura', 12.918488, 77.6403088);

INSERT INTO CaseMaster (CaseMasterID, CrimeNo, CaseNo, CrimeRegisteredDate, PolicePersonID, PoliceStationID, CaseCategoryID, GravityOffenceID, CrimeMajorHeadID, CrimeMinorHeadID, CaseStatusID, CourtID, IncidentFromDate, IncidentToDate, InfoReceivedPSDate, latitude, longitude, BriefFacts) VALUES (235, '800260025202400001', '202400001', '2024-04-02', 47, 25, 8, 1, 6, 37, 1, 21, '2024-04-02T15:20:00', '2024-04-02T19:20:00', '2024-04-03T06:20:00', 15.8206916, 74.5284189, 'On 2024-04-02, the complainant Balveer Nagi reported that unknown persons broke into their residence at Zachariah Road, Yadgir and stole cash amounting to Rs. 1000000 and gold ornaments. The accused Ishaan Raju was later identified through CCTV footage from a nearby shop.');
INSERT INTO ComplainantDetails (ComplainantID, CaseMasterID, ComplainantName, AgeYear, OccupationID, ReligionID, CasteID, GenderID) VALUES (235, 235, 'Balveer Nagi', 44, 5, 4, 3, 1);
INSERT INTO Victim (VictimMasterID, CaseMasterID, VictimName, AgeYear, GenderID, VictimPolice) VALUES (323, 235, 'Balveer Nagi', 27, 1, '0');
INSERT INTO Accused (AccusedMasterID, CaseMasterID, AccusedName, AgeYear, GenderID, PersonID) VALUES (553, 235, 'Ishaan Raju', 24, 1, 'A1');
INSERT INTO ActSectionAssociation (CaseMasterID, ActID, SectionID, ActOrderID, SectionOrderID) VALUES (235, 'ITA', '66C', 1, 1);
INSERT INTO ActSectionAssociation (CaseMasterID, ActID, SectionID, ActOrderID, SectionOrderID) VALUES (235, 'POCSO', '6', 2, 2);
INSERT INTO ArrestSurrender (ArrestSurrenderID, CaseMasterID, ArrestSurrenderTypeID, ArrestSurrenderDate, ArrestSurrenderStateId, ArrestSurrenderDistrictId, PoliceStationID, IOID, CourtID, AccusedMasterID, IsAccused, IsComplainantAccused) VALUES (175, 235, 2, '2024-04-12', 1, 26, 25, 71, 21, 553, TRUE, FALSE);
INSERT INTO inv_arrestsurrenderaccused (ArrestSurrenderID, AccusedMasterID) VALUES (175, 553);
INSERT INTO Inv_OccuranceTime (CaseMasterID, OccuranceFromDate, OccuranceToDate, PlaceOfOccurance, latitude, longitude) VALUES (235, '2024-04-02T15:20:00', '2024-04-02T19:20:00', 'Zachariah Road, Yadgir', 15.8206916, 74.5284189);

INSERT INTO CaseMaster (CaseMasterID, CrimeNo, CaseNo, CrimeRegisteredDate, PolicePersonID, PoliceStationID, CaseCategoryID, GravityOffenceID, CrimeMajorHeadID, CrimeMinorHeadID, CaseStatusID, CourtID, IncidentFromDate, IncidentToDate, InfoReceivedPSDate, latitude, longitude, BriefFacts) VALUES (236, '300090008202500003', '202500003', '2025-09-14', 25, 8, 3, 4, 7, 39, 3, 28, '2025-09-14T11:06:00', '2025-09-14T11:06:00', '2025-09-14T16:06:00', 12.2220075, 76.6452812, 'A case of cheating was reported by Zansi Prasad stating that the accused Reyansh Nagi fraudulently obtained Rs. 500000 by promising a job in a government department. The accused collected money over a period of 2 months and disappeared.');
INSERT INTO ComplainantDetails (ComplainantID, CaseMasterID, ComplainantName, AgeYear, OccupationID, ReligionID, CasteID, GenderID) VALUES (236, 236, 'Zansi Prasad', 38, 11, 6, 3, 1);
INSERT INTO Victim (VictimMasterID, CaseMasterID, VictimName, AgeYear, GenderID, VictimPolice) VALUES (324, 236, 'Vidhi Bassi', 65, 1, '1');
INSERT INTO Accused (AccusedMasterID, CaseMasterID, AccusedName, AgeYear, GenderID, PersonID) VALUES (554, 236, 'Reyansh Nagi', 33, 1, 'A1');
INSERT INTO ActSectionAssociation (CaseMasterID, ActID, SectionID, ActOrderID, SectionOrderID) VALUES (236, 'NDPS', '22', 1, 1);
INSERT INTO ActSectionAssociation (CaseMasterID, ActID, SectionID, ActOrderID, SectionOrderID) VALUES (236, 'ITA', '66D', 2, 2);
INSERT INTO ArrestSurrender (ArrestSurrenderID, CaseMasterID, ArrestSurrenderTypeID, ArrestSurrenderDate, ArrestSurrenderStateId, ArrestSurrenderDistrictId, PoliceStationID, IOID, CourtID, AccusedMasterID, IsAccused, IsComplainantAccused) VALUES (176, 236, 1, '2025-11-10', 1, 9, 8, 42, 28, 554, TRUE, FALSE);
INSERT INTO inv_arrestsurrenderaccused (ArrestSurrenderID, AccusedMasterID) VALUES (176, 554);
INSERT INTO Inv_OccuranceTime (CaseMasterID, OccuranceFromDate, OccuranceToDate, PlaceOfOccurance, latitude, longitude) VALUES (236, '2025-09-14T11:06:00', '2025-09-14T11:06:00', 'Butala Circle, Tumakuru', 12.2220075, 76.6452812);

INSERT INTO CaseMaster (CaseMasterID, CrimeNo, CaseNo, CrimeRegisteredDate, PolicePersonID, PoliceStationID, CaseCategoryID, GravityOffenceID, CrimeMajorHeadID, CrimeMinorHeadID, CaseStatusID, CourtID, IncidentFromDate, IncidentToDate, InfoReceivedPSDate, latitude, longitude, BriefFacts) VALUES (237, '800010030202600001', '202600001', '2026-05-18', 30, 30, 8, 2, 2, 16, 2, 31, '2026-05-18T12:48:00', '2026-05-18T13:48:00', '2026-05-18T22:48:00', 13.6942203, 77.9632767, 'The deceased Tanay Samra, aged 56, was found dead under suspicious circumstances at Bora Marg, Bengaluru Urban on 2026-05-18. The investigation revealed that the accused Samesh Yogi, who is a relative of the deceased, had a dispute over property worth Rs. 500000.');
INSERT INTO ComplainantDetails (ComplainantID, CaseMasterID, ComplainantName, AgeYear, OccupationID, ReligionID, CasteID, GenderID) VALUES (237, 237, 'Abhimanyu Bhatti', 59, 16, 5, 2, 2);
INSERT INTO Victim (VictimMasterID, CaseMasterID, VictimName, AgeYear, GenderID, VictimPolice) VALUES (325, 237, 'Tanay Samra', 67, 2, '0');
INSERT INTO Victim (VictimMasterID, CaseMasterID, VictimName, AgeYear, GenderID, VictimPolice) VALUES (326, 237, 'Arjun Sharaf', 73, 1, '0');
INSERT INTO Victim (VictimMasterID, CaseMasterID, VictimName, AgeYear, GenderID, VictimPolice) VALUES (327, 237, 'Baljiwan Chahal', 29, 3, '0');
INSERT INTO Accused (AccusedMasterID, CaseMasterID, AccusedName, AgeYear, GenderID, PersonID) VALUES (555, 237, 'Samesh Yogi', 21, 1, 'A1');
INSERT INTO ActSectionAssociation (CaseMasterID, ActID, SectionID, ActOrderID, SectionOrderID) VALUES (237, 'POCSO', '4', 1, 1);
INSERT INTO ActSectionAssociation (CaseMasterID, ActID, SectionID, ActOrderID, SectionOrderID) VALUES (237, 'ITA', '67', 2, 2);
INSERT INTO ActSectionAssociation (CaseMasterID, ActID, SectionID, ActOrderID, SectionOrderID) VALUES (237, 'IPC', '395', 3, 3);
INSERT INTO ArrestSurrender (ArrestSurrenderID, CaseMasterID, ArrestSurrenderTypeID, ArrestSurrenderDate, ArrestSurrenderStateId, ArrestSurrenderDistrictId, PoliceStationID, IOID, CourtID, AccusedMasterID, IsAccused, IsComplainantAccused) VALUES (177, 237, 1, '2026-05-19', 1, 1, 30, 54, 31, 555, TRUE, FALSE);
INSERT INTO inv_arrestsurrenderaccused (ArrestSurrenderID, AccusedMasterID) VALUES (177, 555);
INSERT INTO Inv_OccuranceTime (CaseMasterID, OccuranceFromDate, OccuranceToDate, PlaceOfOccurance, latitude, longitude) VALUES (237, '2026-05-18T12:48:00', '2026-05-18T13:48:00', 'Bora Marg, Bengaluru Urban', 13.6942203, 77.9632767);
INSERT INTO ChargesheetDetails (CSID, CaseMasterID, csdate, cstype, PolicePersonID) VALUES (63, 237, '2026-07-07', 'A', 48);

INSERT INTO CaseMaster (CaseMasterID, CrimeNo, CaseNo, CrimeRegisteredDate, PolicePersonID, PoliceStationID, CaseCategoryID, GravityOffenceID, CrimeMajorHeadID, CrimeMinorHeadID, CaseStatusID, CourtID, IncidentFromDate, IncidentToDate, InfoReceivedPSDate, latitude, longitude, BriefFacts) VALUES (238, '400260025202300001', '202300001', '2023-10-02', 19, 25, 4, 4, 8, 41, 1, 11, '2023-10-02T08:12:00', '2023-10-02T12:12:00', '2023-10-02T19:12:00', 15.3958586, 75.1490416, 'On 2023-10-02, at about 2:00 AM, the accused Aarna Reddy along with 5 associates formed an unlawful assembly near Seshadri Marg, Yadgir and attacked the complainant Zayan Bobal with lethal weapons resulting in injuries.');
INSERT INTO ComplainantDetails (ComplainantID, CaseMasterID, ComplainantName, AgeYear, OccupationID, ReligionID, CasteID, GenderID) VALUES (238, 238, 'Zayan Bobal', 22, 10, 3, 5, 1);
INSERT INTO Victim (VictimMasterID, CaseMasterID, VictimName, AgeYear, GenderID, VictimPolice) VALUES (328, 238, 'Zayan Bobal', 12, 3, '0');
INSERT INTO Victim (VictimMasterID, CaseMasterID, VictimName, AgeYear, GenderID, VictimPolice) VALUES (329, 238, 'Rachita Mutti', 21, 2, '0');
INSERT INTO Accused (AccusedMasterID, CaseMasterID, AccusedName, AgeYear, GenderID, PersonID) VALUES (556, 238, 'Aarna Reddy', 27, 1, 'A1');
INSERT INTO ActSectionAssociation (CaseMasterID, ActID, SectionID, ActOrderID, SectionOrderID) VALUES (238, 'NDPS', '27', 1, 1);
INSERT INTO ActSectionAssociation (CaseMasterID, ActID, SectionID, ActOrderID, SectionOrderID) VALUES (238, 'NDPS', '20', 2, 2);
INSERT INTO ActSectionAssociation (CaseMasterID, ActID, SectionID, ActOrderID, SectionOrderID) VALUES (238, 'POCSO', '6', 3, 3);
INSERT INTO ArrestSurrender (ArrestSurrenderID, CaseMasterID, ArrestSurrenderTypeID, ArrestSurrenderDate, ArrestSurrenderStateId, ArrestSurrenderDistrictId, PoliceStationID, IOID, CourtID, AccusedMasterID, IsAccused, IsComplainantAccused) VALUES (178, 238, 1, '2023-11-19', 1, 26, 25, 64, 11, 556, TRUE, FALSE);
INSERT INTO inv_arrestsurrenderaccused (ArrestSurrenderID, AccusedMasterID) VALUES (178, 556);
INSERT INTO Inv_OccuranceTime (CaseMasterID, OccuranceFromDate, OccuranceToDate, PlaceOfOccurance, latitude, longitude) VALUES (238, '2023-10-02T08:12:00', '2023-10-02T12:12:00', 'Seshadri Marg, Yadgir', 15.3958586, 75.1490416);

INSERT INTO CaseMaster (CaseMasterID, CrimeNo, CaseNo, CrimeRegisteredDate, PolicePersonID, PoliceStationID, CaseCategoryID, GravityOffenceID, CrimeMajorHeadID, CrimeMinorHeadID, CaseStatusID, CourtID, IncidentFromDate, IncidentToDate, InfoReceivedPSDate, latitude, longitude, BriefFacts) VALUES (239, '400190018202300001', '202300001', '2023-08-01', 8, 18, 4, 4, 8, 42, 3, 10, '2023-08-01T03:48:00', '2023-08-01T05:48:00', '2023-08-01T08:48:00', 12.9930637, 77.5444516, 'On 2023-08-01, the Anti-Narcotics squad conducted a raid at Cherian Circle, Gadag and seized 50 grams of methamphetamine from the possession of the accused Elijah Parmar. The accused was found to be part of a supply chain operating across Chikkamagaluru and Shivamogga.');
INSERT INTO ComplainantDetails (ComplainantID, CaseMasterID, ComplainantName, AgeYear, OccupationID, ReligionID, CasteID, GenderID) VALUES (239, 239, 'Abeer Bhatnagar', 51, 1, 6, 4, 1);
INSERT INTO Victim (VictimMasterID, CaseMasterID, VictimName, AgeYear, GenderID, VictimPolice) VALUES (330, 239, 'Abeer Bhatnagar', 9, 1, '0');
INSERT INTO Accused (AccusedMasterID, CaseMasterID, AccusedName, AgeYear, GenderID, PersonID) VALUES (557, 239, 'Elijah Parmar', 40, 1, 'A1');
INSERT INTO Accused (AccusedMasterID, CaseMasterID, AccusedName, AgeYear, GenderID, PersonID) VALUES (558, 239, 'Charvi Chadha', 41, 1, 'A2');
INSERT INTO ActSectionAssociation (CaseMasterID, ActID, SectionID, ActOrderID, SectionOrderID) VALUES (239, 'NDPS', '20', 1, 1);
INSERT INTO ActSectionAssociation (CaseMasterID, ActID, SectionID, ActOrderID, SectionOrderID) VALUES (239, 'IPC', '149', 2, 2);
INSERT INTO Inv_OccuranceTime (CaseMasterID, OccuranceFromDate, OccuranceToDate, PlaceOfOccurance, latitude, longitude) VALUES (239, '2023-08-01T03:48:00', '2023-08-01T05:48:00', 'Cherian Circle, Gadag', 12.9930637, 77.5444516);

INSERT INTO CaseMaster (CaseMasterID, CrimeNo, CaseNo, CrimeRegisteredDate, PolicePersonID, PoliceStationID, CaseCategoryID, GravityOffenceID, CrimeMajorHeadID, CrimeMinorHeadID, CaseStatusID, CourtID, IncidentFromDate, IncidentToDate, InfoReceivedPSDate, latitude, longitude, BriefFacts) VALUES (240, '300100009202400001', '202400001', '2024-05-17', 72, 9, 3, 3, 6, 33, 1, 13, '2024-05-17T08:25:00', '2024-05-17T08:25:00', '2024-05-17T18:25:00', 13.2939476, 74.880976, 'On 2024-05-17, the Anti-Narcotics squad conducted a raid at Som Nagar, Shivamogga and seized 250 grams of MDMA from the possession of the accused Faqid Dixit. The accused was found to be part of a supply chain operating across Bengaluru Rural and Koppal.');
INSERT INTO ComplainantDetails (ComplainantID, CaseMasterID, ComplainantName, AgeYear, OccupationID, ReligionID, CasteID, GenderID) VALUES (240, 240, 'Lakshmi Rana', 60, 8, 5, 3, 1);
INSERT INTO Victim (VictimMasterID, CaseMasterID, VictimName, AgeYear, GenderID, VictimPolice) VALUES (331, 240, 'Lakshmi Rana', 44, 1, '0');
INSERT INTO Accused (AccusedMasterID, CaseMasterID, AccusedName, AgeYear, GenderID, PersonID) VALUES (559, 240, 'Faqid Dixit', 39, 1, 'A1');
INSERT INTO ActSectionAssociation (CaseMasterID, ActID, SectionID, ActOrderID, SectionOrderID) VALUES (240, 'ITA', '66D', 1, 1);
INSERT INTO ActSectionAssociation (CaseMasterID, ActID, SectionID, ActOrderID, SectionOrderID) VALUES (240, 'ITA', '67', 2, 2);
INSERT INTO Inv_OccuranceTime (CaseMasterID, OccuranceFromDate, OccuranceToDate, PlaceOfOccurance, latitude, longitude) VALUES (240, '2024-05-17T08:25:00', '2024-05-17T08:25:00', 'Som Nagar, Shivamogga', 13.2939476, 74.880976);

INSERT INTO CaseMaster (CaseMasterID, CrimeNo, CaseNo, CrimeRegisteredDate, PolicePersonID, PoliceStationID, CaseCategoryID, GravityOffenceID, CrimeMajorHeadID, CrimeMinorHeadID, CaseStatusID, CourtID, IncidentFromDate, IncidentToDate, InfoReceivedPSDate, latitude, longitude, BriefFacts) VALUES (241, '200010030202400002', '202400002', '2024-01-01', 63, 30, 2, 4, 6, 36, 2, 16, '2024-01-01T19:03:00', '2024-01-01T19:03:00', '2024-01-01T23:03:00', 13.0447634, 77.5296161, 'A cyber fraud was reported by Laban Raman. The accused posed as a bank official and obtained OTP and banking credentials through a phone call on 2024-01-01. An amount of Rs. 250000 was fraudulently transferred from the complainant''s account.');
INSERT INTO ComplainantDetails (ComplainantID, CaseMasterID, ComplainantName, AgeYear, OccupationID, ReligionID, CasteID, GenderID) VALUES (241, 241, 'Laban Raman', 39, 5, 3, 4, 1);
INSERT INTO Victim (VictimMasterID, CaseMasterID, VictimName, AgeYear, GenderID, VictimPolice) VALUES (332, 241, 'Maanas Misra', 8, 2, '0');
INSERT INTO Accused (AccusedMasterID, CaseMasterID, AccusedName, AgeYear, GenderID, PersonID) VALUES (560, 241, 'Advay Dhaliwal', 33, 2, 'A1');
INSERT INTO ActSectionAssociation (CaseMasterID, ActID, SectionID, ActOrderID, SectionOrderID) VALUES (241, 'POCSO', '6', 1, 1);
INSERT INTO ActSectionAssociation (CaseMasterID, ActID, SectionID, ActOrderID, SectionOrderID) VALUES (241, 'IPC', '363', 2, 2);
INSERT INTO ActSectionAssociation (CaseMasterID, ActID, SectionID, ActOrderID, SectionOrderID) VALUES (241, 'ITA', '66', 3, 3);
INSERT INTO Inv_OccuranceTime (CaseMasterID, OccuranceFromDate, OccuranceToDate, PlaceOfOccurance, latitude, longitude) VALUES (241, '2024-01-01T19:03:00', '2024-01-01T19:03:00', 'Barman Zila, Bengaluru Urban', 13.0447634, 77.5296161);
INSERT INTO ChargesheetDetails (CSID, CaseMasterID, csdate, cstype, PolicePersonID) VALUES (64, 241, '2024-03-10', 'A', 28);

INSERT INTO CaseMaster (CaseMasterID, CrimeNo, CaseNo, CrimeRegisteredDate, PolicePersonID, PoliceStationID, CaseCategoryID, GravityOffenceID, CrimeMajorHeadID, CrimeMinorHeadID, CaseStatusID, CourtID, IncidentFromDate, IncidentToDate, InfoReceivedPSDate, latitude, longitude, BriefFacts) VALUES (242, '100140013202300001', '202300001', '2023-07-19', 49, 13, 1, 1, 1, 3, 2, 30, '2023-07-19T02:49:00', '2023-07-19T04:49:00', '2023-07-19T15:49:00', 12.9583062, 77.5876402, 'The complainant Frederick Mody reported domestic violence by husband Hemangini Kakar and in-laws. The accused demanded additional dowry of Rs. 50000 and subjected the complainant to physical and mental harassment since 4 years.');
INSERT INTO ComplainantDetails (ComplainantID, CaseMasterID, ComplainantName, AgeYear, OccupationID, ReligionID, CasteID, GenderID) VALUES (242, 242, 'Frederick Mody', 43, 3, 5, 3, 2);
INSERT INTO Victim (VictimMasterID, CaseMasterID, VictimName, AgeYear, GenderID, VictimPolice) VALUES (333, 242, 'Frederick Mody', 74, 1, '0');
INSERT INTO Victim (VictimMasterID, CaseMasterID, VictimName, AgeYear, GenderID, VictimPolice) VALUES (334, 242, 'Naveen Gour', 52, 3, '0');
INSERT INTO Accused (AccusedMasterID, CaseMasterID, AccusedName, AgeYear, GenderID, PersonID) VALUES (561, 242, 'Hemangini Kakar', 40, 2, 'A1');
INSERT INTO ActSectionAssociation (CaseMasterID, ActID, SectionID, ActOrderID, SectionOrderID) VALUES (242, 'ITA', '66D', 1, 1);
INSERT INTO ArrestSurrender (ArrestSurrenderID, CaseMasterID, ArrestSurrenderTypeID, ArrestSurrenderDate, ArrestSurrenderStateId, ArrestSurrenderDistrictId, PoliceStationID, IOID, CourtID, AccusedMasterID, IsAccused, IsComplainantAccused) VALUES (179, 242, 2, '2023-07-28', 1, 14, 13, 70, 30, 561, TRUE, FALSE);
INSERT INTO inv_arrestsurrenderaccused (ArrestSurrenderID, AccusedMasterID) VALUES (179, 561);
INSERT INTO Inv_OccuranceTime (CaseMasterID, OccuranceFromDate, OccuranceToDate, PlaceOfOccurance, latitude, longitude) VALUES (242, '2023-07-19T02:49:00', '2023-07-19T04:49:00', 'Vala Marg, Hassan', 12.9583062, 77.5876402);
INSERT INTO ChargesheetDetails (CSID, CaseMasterID, csdate, cstype, PolicePersonID) VALUES (65, 242, '2023-11-30', 'A', 47);

INSERT INTO CaseMaster (CaseMasterID, CrimeNo, CaseNo, CrimeRegisteredDate, PolicePersonID, PoliceStationID, CaseCategoryID, GravityOffenceID, CrimeMajorHeadID, CrimeMinorHeadID, CaseStatusID, CourtID, IncidentFromDate, IncidentToDate, InfoReceivedPSDate, latitude, longitude, BriefFacts) VALUES (243, '400040003202400001', '202400001', '2024-03-11', 78, 3, 4, 3, 2, 9, 1, 23, '2024-03-11T21:10:00', '2024-03-11T21:10:00', '2024-03-12T02:10:00', 14.6553812, 76.4264531, 'A case of cheating was reported by Rishi Contractor stating that the accused Bina Bhavsar fraudulently obtained Rs. 25000 by promising a job in a government department. The accused collected money over a period of 14 months and disappeared.');
INSERT INTO ComplainantDetails (ComplainantID, CaseMasterID, ComplainantName, AgeYear, OccupationID, ReligionID, CasteID, GenderID) VALUES (243, 243, 'Rishi Contractor', 55, 6, 6, 2, 2);
INSERT INTO Victim (VictimMasterID, CaseMasterID, VictimName, AgeYear, GenderID, VictimPolice) VALUES (335, 243, 'Chatura Shenoy', 46, 3, '0');
INSERT INTO Accused (AccusedMasterID, CaseMasterID, AccusedName, AgeYear, GenderID, PersonID) VALUES (562, 243, 'Bina Bhavsar', 43, 2, 'A1');
INSERT INTO ActSectionAssociation (CaseMasterID, ActID, SectionID, ActOrderID, SectionOrderID) VALUES (243, 'POCSO', '8', 1, 1);
INSERT INTO ArrestSurrender (ArrestSurrenderID, CaseMasterID, ArrestSurrenderTypeID, ArrestSurrenderDate, ArrestSurrenderStateId, ArrestSurrenderDistrictId, PoliceStationID, IOID, CourtID, AccusedMasterID, IsAccused, IsComplainantAccused) VALUES (180, 243, 2, '2024-04-20', 1, 4, 3, 20, 23, 562, TRUE, FALSE);
INSERT INTO inv_arrestsurrenderaccused (ArrestSurrenderID, AccusedMasterID) VALUES (180, 562);
INSERT INTO Inv_OccuranceTime (CaseMasterID, OccuranceFromDate, OccuranceToDate, PlaceOfOccurance, latitude, longitude) VALUES (243, '2024-03-11T21:10:00', '2024-03-11T21:10:00', 'Chaudhari Road, Mangaluru (DK)', 14.6553812, 76.4264531);

INSERT INTO CaseMaster (CaseMasterID, CrimeNo, CaseNo, CrimeRegisteredDate, PolicePersonID, PoliceStationID, CaseCategoryID, GravityOffenceID, CrimeMajorHeadID, CrimeMinorHeadID, CaseStatusID, CourtID, IncidentFromDate, IncidentToDate, InfoReceivedPSDate, latitude, longitude, BriefFacts) VALUES (244, '200240023202400001', '202400001', '2024-02-15', 1, 23, 2, 1, 6, 32, 1, 5, '2024-02-15T09:52:00', '2024-02-15T10:52:00', '2024-02-15T18:52:00', 13.6458915, 77.4011026, 'On 2024-02-15, the complainant Ganga Parikh reported that their two-wheeler bearing registration number KA-17-OD-7912 was stolen from Sunder Path, Chikkaballapura. The vehicle was parked outside a commercial complex and was found missing when the complainant returned.');
INSERT INTO ComplainantDetails (ComplainantID, CaseMasterID, ComplainantName, AgeYear, OccupationID, ReligionID, CasteID, GenderID) VALUES (244, 244, 'Ganga Parikh', 44, 12, 2, 3, 2);
INSERT INTO Victim (VictimMasterID, CaseMasterID, VictimName, AgeYear, GenderID, VictimPolice) VALUES (336, 244, 'Wahab Chaudhry', 66, 3, '0');
INSERT INTO Accused (AccusedMasterID, CaseMasterID, AccusedName, AgeYear, GenderID, PersonID) VALUES (563, 244, 'Ekaraj Hari', 49, 1, 'A1');
INSERT INTO ActSectionAssociation (CaseMasterID, ActID, SectionID, ActOrderID, SectionOrderID) VALUES (244, 'POCSO', '6', 1, 1);
INSERT INTO ActSectionAssociation (CaseMasterID, ActID, SectionID, ActOrderID, SectionOrderID) VALUES (244, 'IPC', '392', 2, 2);
INSERT INTO Inv_OccuranceTime (CaseMasterID, OccuranceFromDate, OccuranceToDate, PlaceOfOccurance, latitude, longitude) VALUES (244, '2024-02-15T09:52:00', '2024-02-15T10:52:00', 'Sunder Path, Chikkaballapura', 13.6458915, 77.4011026);

INSERT INTO CaseMaster (CaseMasterID, CrimeNo, CaseNo, CrimeRegisteredDate, PolicePersonID, PoliceStationID, CaseCategoryID, GravityOffenceID, CrimeMajorHeadID, CrimeMinorHeadID, CaseStatusID, CourtID, IncidentFromDate, IncidentToDate, InfoReceivedPSDate, latitude, longitude, BriefFacts) VALUES (245, '400260025202400002', '202400002', '2024-11-18', 69, 25, 4, 1, 5, 28, 3, 40, '2024-11-18T00:24:00', '2024-11-18T00:24:00', '2024-11-18T07:24:00', 18.1438562, 77.0818168, 'On 2024-11-18, the Anti-Narcotics squad conducted a raid at Munshi Nagar, Yadgir and seized 1000 grams of hashish from the possession of the accused Nakul Sarma. The accused was found to be part of a supply chain operating across Dharwad and Chitradurga.');
INSERT INTO ComplainantDetails (ComplainantID, CaseMasterID, ComplainantName, AgeYear, OccupationID, ReligionID, CasteID, GenderID) VALUES (245, 245, 'Michael Patla', 33, 14, 1, 1, 1);
INSERT INTO Victim (VictimMasterID, CaseMasterID, VictimName, AgeYear, GenderID, VictimPolice) VALUES (337, 245, 'Priya Ganguly', 8, 3, '0');
INSERT INTO Accused (AccusedMasterID, CaseMasterID, AccusedName, AgeYear, GenderID, PersonID) VALUES (564, 245, 'Nakul Sarma', 47, 2, 'A1');
INSERT INTO Accused (AccusedMasterID, CaseMasterID, AccusedName, AgeYear, GenderID, PersonID) VALUES (565, 245, 'Timothy Sarin', 42, 1, 'A2');
INSERT INTO ActSectionAssociation (CaseMasterID, ActID, SectionID, ActOrderID, SectionOrderID) VALUES (245, 'IPC', '363', 1, 1);
INSERT INTO ActSectionAssociation (CaseMasterID, ActID, SectionID, ActOrderID, SectionOrderID) VALUES (245, 'ITA', '66C', 2, 2);
INSERT INTO Inv_OccuranceTime (CaseMasterID, OccuranceFromDate, OccuranceToDate, PlaceOfOccurance, latitude, longitude) VALUES (245, '2024-11-18T00:24:00', '2024-11-18T00:24:00', 'Munshi Nagar, Yadgir', 18.1438562, 77.0818168);

INSERT INTO CaseMaster (CaseMasterID, CrimeNo, CaseNo, CrimeRegisteredDate, PolicePersonID, PoliceStationID, CaseCategoryID, GravityOffenceID, CrimeMajorHeadID, CrimeMinorHeadID, CaseStatusID, CourtID, IncidentFromDate, IncidentToDate, InfoReceivedPSDate, latitude, longitude, BriefFacts) VALUES (246, '300290028202400001', '202400001', '2024-05-12', 21, 28, 3, 1, 3, 19, 2, 28, '2024-05-12T15:31:00', '2024-05-12T16:31:00', '2024-05-12T16:31:00', 12.3154028, 76.635477, 'A case of cheating was reported by Krish Narula stating that the accused Dalaja Sur fraudulently obtained Rs. 250000 by promising a job in a government department. The accused collected money over a period of 9 months and disappeared.');
INSERT INTO ComplainantDetails (ComplainantID, CaseMasterID, ComplainantName, AgeYear, OccupationID, ReligionID, CasteID, GenderID) VALUES (246, 246, 'Krish Narula', 21, 15, 4, 3, 2);
INSERT INTO Victim (VictimMasterID, CaseMasterID, VictimName, AgeYear, GenderID, VictimPolice) VALUES (338, 246, 'Turvi Sehgal', 72, 3, '0');
INSERT INTO Accused (AccusedMasterID, CaseMasterID, AccusedName, AgeYear, GenderID, PersonID) VALUES (566, 246, 'Dalaja Sur', 44, 2, 'A1');
INSERT INTO Accused (AccusedMasterID, CaseMasterID, AccusedName, AgeYear, GenderID, PersonID) VALUES (567, 246, 'Samar Lalla', 53, 2, 'A2');
INSERT INTO ActSectionAssociation (CaseMasterID, ActID, SectionID, ActOrderID, SectionOrderID) VALUES (246, 'IPC', '304', 1, 1);
INSERT INTO ArrestSurrender (ArrestSurrenderID, CaseMasterID, ArrestSurrenderTypeID, ArrestSurrenderDate, ArrestSurrenderStateId, ArrestSurrenderDistrictId, PoliceStationID, IOID, CourtID, AccusedMasterID, IsAccused, IsComplainantAccused) VALUES (181, 246, 1, '2024-06-13', 1, 29, 28, 18, 28, 567, TRUE, FALSE);
INSERT INTO inv_arrestsurrenderaccused (ArrestSurrenderID, AccusedMasterID) VALUES (181, 567);
INSERT INTO ArrestSurrender (ArrestSurrenderID, CaseMasterID, ArrestSurrenderTypeID, ArrestSurrenderDate, ArrestSurrenderStateId, ArrestSurrenderDistrictId, PoliceStationID, IOID, CourtID, AccusedMasterID, IsAccused, IsComplainantAccused) VALUES (182, 246, 1, '2024-05-19', 1, 29, 28, 21, 28, 566, TRUE, FALSE);
INSERT INTO inv_arrestsurrenderaccused (ArrestSurrenderID, AccusedMasterID) VALUES (182, 566);
INSERT INTO Inv_OccuranceTime (CaseMasterID, OccuranceFromDate, OccuranceToDate, PlaceOfOccurance, latitude, longitude) VALUES (246, '2024-05-12T15:31:00', '2024-05-12T16:31:00', 'Chopra Circle, Uttara Kannada', 12.3154028, 76.635477);
INSERT INTO ChargesheetDetails (CSID, CaseMasterID, csdate, cstype, PolicePersonID) VALUES (66, 246, '2024-07-03', 'A', 74);

INSERT INTO CaseMaster (CaseMasterID, CrimeNo, CaseNo, CrimeRegisteredDate, PolicePersonID, PoliceStationID, CaseCategoryID, GravityOffenceID, CrimeMajorHeadID, CrimeMinorHeadID, CaseStatusID, CourtID, IncidentFromDate, IncidentToDate, InfoReceivedPSDate, latitude, longitude, BriefFacts) VALUES (247, '200230022202400002', '202400002', '2024-01-22', 26, 22, 2, 4, 8, 43, 7, 24, '2024-01-22T05:37:00', '2024-01-22T08:37:00', '2024-01-22T09:37:00', 15.9303643, 74.5337065, 'A case of cheating was reported by Avni Dey stating that the accused Anirudh Tripathi fraudulently obtained Rs. 5000 by promising a job in a government department. The accused collected money over a period of 2 months and disappeared.');
INSERT INTO ComplainantDetails (ComplainantID, CaseMasterID, ComplainantName, AgeYear, OccupationID, ReligionID, CasteID, GenderID) VALUES (247, 247, 'Avni Dey', 33, 7, 6, 4, 2);
INSERT INTO Victim (VictimMasterID, CaseMasterID, VictimName, AgeYear, GenderID, VictimPolice) VALUES (339, 247, 'Adya Bose', 17, 1, '0');
INSERT INTO Accused (AccusedMasterID, CaseMasterID, AccusedName, AgeYear, GenderID, PersonID) VALUES (568, 247, 'Anirudh Tripathi', 52, 1, 'A1');
INSERT INTO Accused (AccusedMasterID, CaseMasterID, AccusedName, AgeYear, GenderID, PersonID) VALUES (569, 247, 'Tara Chaudhry', 50, 1, 'A2');
INSERT INTO ActSectionAssociation (CaseMasterID, ActID, SectionID, ActOrderID, SectionOrderID) VALUES (247, 'ITA', '66', 1, 1);
INSERT INTO ArrestSurrender (ArrestSurrenderID, CaseMasterID, ArrestSurrenderTypeID, ArrestSurrenderDate, ArrestSurrenderStateId, ArrestSurrenderDistrictId, PoliceStationID, IOID, CourtID, AccusedMasterID, IsAccused, IsComplainantAccused) VALUES (183, 247, 2, '2024-03-15', 1, 23, 22, 29, 24, 569, TRUE, FALSE);
INSERT INTO inv_arrestsurrenderaccused (ArrestSurrenderID, AccusedMasterID) VALUES (183, 569);
INSERT INTO Inv_OccuranceTime (CaseMasterID, OccuranceFromDate, OccuranceToDate, PlaceOfOccurance, latitude, longitude) VALUES (247, '2024-01-22T05:37:00', '2024-01-22T08:37:00', 'Ravel Nagar, Ramanagara', 15.9303643, 74.5337065);

INSERT INTO CaseMaster (CaseMasterID, CrimeNo, CaseNo, CrimeRegisteredDate, PolicePersonID, PoliceStationID, CaseCategoryID, GravityOffenceID, CrimeMajorHeadID, CrimeMinorHeadID, CaseStatusID, CourtID, IncidentFromDate, IncidentToDate, InfoReceivedPSDate, latitude, longitude, BriefFacts) VALUES (248, '300150014202500002', '202500002', '2025-11-03', 8, 14, 3, 4, 1, 3, 5, 26, '2025-11-03T07:47:00', '2025-11-03T08:47:00', '2025-11-03T15:47:00', 15.3118754, 75.1672681, 'A cyber fraud was reported by Balhaar Lad. The accused posed as a bank official and obtained OTP and banking credentials through a phone call on 2025-11-03. An amount of Rs. 2500000 was fraudulently transferred from the complainant''s account.');
INSERT INTO ComplainantDetails (ComplainantID, CaseMasterID, ComplainantName, AgeYear, OccupationID, ReligionID, CasteID, GenderID) VALUES (248, 248, 'Balhaar Lad', 22, 12, 3, 4, 2);
INSERT INTO Victim (VictimMasterID, CaseMasterID, VictimName, AgeYear, GenderID, VictimPolice) VALUES (340, 248, 'Manthan Pau', 48, 2, '0');
INSERT INTO Accused (AccusedMasterID, CaseMasterID, AccusedName, AgeYear, GenderID, PersonID) VALUES (570, 248, 'Udant Mannan', 37, 2, 'A1');
INSERT INTO Accused (AccusedMasterID, CaseMasterID, AccusedName, AgeYear, GenderID, PersonID) VALUES (571, 248, 'Mekhala Patla', 42, 1, 'A2');
INSERT INTO ActSectionAssociation (CaseMasterID, ActID, SectionID, ActOrderID, SectionOrderID) VALUES (248, 'POCSO', '4', 1, 1);
INSERT INTO ActSectionAssociation (CaseMasterID, ActID, SectionID, ActOrderID, SectionOrderID) VALUES (248, 'ITA', '66D', 2, 2);
INSERT INTO ArrestSurrender (ArrestSurrenderID, CaseMasterID, ArrestSurrenderTypeID, ArrestSurrenderDate, ArrestSurrenderStateId, ArrestSurrenderDistrictId, PoliceStationID, IOID, CourtID, AccusedMasterID, IsAccused, IsComplainantAccused) VALUES (184, 248, 2, '2025-12-13', 1, 15, 14, 35, 26, 571, TRUE, FALSE);
INSERT INTO inv_arrestsurrenderaccused (ArrestSurrenderID, AccusedMasterID) VALUES (184, 571);
INSERT INTO Inv_OccuranceTime (CaseMasterID, OccuranceFromDate, OccuranceToDate, PlaceOfOccurance, latitude, longitude) VALUES (248, '2025-11-03T07:47:00', '2025-11-03T08:47:00', 'Shetty Street, Chitradurga', 15.3118754, 75.1672681);

INSERT INTO CaseMaster (CaseMasterID, CrimeNo, CaseNo, CrimeRegisteredDate, PolicePersonID, PoliceStationID, CaseCategoryID, GravityOffenceID, CrimeMajorHeadID, CrimeMinorHeadID, CaseStatusID, CourtID, IncidentFromDate, IncidentToDate, InfoReceivedPSDate, latitude, longitude, BriefFacts) VALUES (249, '300210020202500001', '202500001', '2025-01-14', 66, 20, 3, 2, 3, 21, 6, 21, '2025-01-14T09:12:00', '2025-01-14T11:12:00', '2025-01-14T19:12:00', 15.4621045, 75.5683095, 'The complainant Noah Varkey, a shopkeeper at Baria Path, Koppal, reported that the accused Madhav Sule along with others robbed the shop at knife-point on 2025-01-14 and fled with cash Rs. 25000 and valuables.');
INSERT INTO ComplainantDetails (ComplainantID, CaseMasterID, ComplainantName, AgeYear, OccupationID, ReligionID, CasteID, GenderID) VALUES (249, 249, 'Noah Varkey', 31, 4, 6, 3, 1);
INSERT INTO Victim (VictimMasterID, CaseMasterID, VictimName, AgeYear, GenderID, VictimPolice) VALUES (341, 249, 'Sanaya Dutta', 48, 1, '0');
INSERT INTO Accused (AccusedMasterID, CaseMasterID, AccusedName, AgeYear, GenderID, PersonID) VALUES (572, 249, 'Madhav Sule', 41, 1, 'A1');
INSERT INTO Accused (AccusedMasterID, CaseMasterID, AccusedName, AgeYear, GenderID, PersonID) VALUES (573, 249, 'Vinaya Kata', 35, 2, 'A2');
INSERT INTO Accused (AccusedMasterID, CaseMasterID, AccusedName, AgeYear, GenderID, PersonID) VALUES (574, 249, 'Aishani Pingle', 27, 2, 'A3');
INSERT INTO Accused (AccusedMasterID, CaseMasterID, AccusedName, AgeYear, GenderID, PersonID) VALUES (575, 249, 'Brijesh Jhaveri', 34, 1, 'A4');
INSERT INTO ActSectionAssociation (CaseMasterID, ActID, SectionID, ActOrderID, SectionOrderID) VALUES (249, 'ITA', '66', 1, 1);
INSERT INTO ActSectionAssociation (CaseMasterID, ActID, SectionID, ActOrderID, SectionOrderID) VALUES (249, 'IPC', '376', 2, 2);
INSERT INTO Inv_OccuranceTime (CaseMasterID, OccuranceFromDate, OccuranceToDate, PlaceOfOccurance, latitude, longitude) VALUES (249, '2025-01-14T09:12:00', '2025-01-14T11:12:00', 'Baria Path, Koppal', 15.4621045, 75.5683095);

INSERT INTO CaseMaster (CaseMasterID, CrimeNo, CaseNo, CrimeRegisteredDate, PolicePersonID, PoliceStationID, CaseCategoryID, GravityOffenceID, CrimeMajorHeadID, CrimeMinorHeadID, CaseStatusID, CourtID, IncidentFromDate, IncidentToDate, InfoReceivedPSDate, latitude, longitude, BriefFacts) VALUES (250, '300010030202500002', '202500002', '2025-01-31', 64, 30, 3, 4, 6, 36, 2, 18, '2025-01-31T13:40:00', '2025-01-31T16:40:00', '2025-02-01T01:40:00', 15.8547772, 74.5130596, 'On 2025-01-31, at about 3:15 PM, the accused Chakradhar Baral along with 5 associates formed an unlawful assembly near Chauhan Path, Bengaluru Urban and attacked the complainant Lipika Singh with lethal weapons resulting in injuries.');
INSERT INTO ComplainantDetails (ComplainantID, CaseMasterID, ComplainantName, AgeYear, OccupationID, ReligionID, CasteID, GenderID) VALUES (250, 250, 'Lipika Singh', 56, 2, 1, 1, 2);
INSERT INTO Victim (VictimMasterID, CaseMasterID, VictimName, AgeYear, GenderID, VictimPolice) VALUES (342, 250, 'Lipika Singh', 40, 2, '0');
INSERT INTO Victim (VictimMasterID, CaseMasterID, VictimName, AgeYear, GenderID, VictimPolice) VALUES (343, 250, 'Adya Ghosh', 34, 1, '0');
INSERT INTO Victim (VictimMasterID, CaseMasterID, VictimName, AgeYear, GenderID, VictimPolice) VALUES (344, 250, 'Kritika Pau', 39, 3, '0');
INSERT INTO Accused (AccusedMasterID, CaseMasterID, AccusedName, AgeYear, GenderID, PersonID) VALUES (576, 250, 'Chakradhar Baral', 19, 2, 'A1');
INSERT INTO ActSectionAssociation (CaseMasterID, ActID, SectionID, ActOrderID, SectionOrderID) VALUES (250, 'NDPS', '22', 1, 1);
INSERT INTO ArrestSurrender (ArrestSurrenderID, CaseMasterID, ArrestSurrenderTypeID, ArrestSurrenderDate, ArrestSurrenderStateId, ArrestSurrenderDistrictId, PoliceStationID, IOID, CourtID, AccusedMasterID, IsAccused, IsComplainantAccused) VALUES (185, 250, 2, '2025-02-05', 1, 1, 30, 63, 18, 576, TRUE, FALSE);
INSERT INTO inv_arrestsurrenderaccused (ArrestSurrenderID, AccusedMasterID) VALUES (185, 576);
INSERT INTO Inv_OccuranceTime (CaseMasterID, OccuranceFromDate, OccuranceToDate, PlaceOfOccurance, latitude, longitude) VALUES (250, '2025-01-31T13:40:00', '2025-01-31T16:40:00', 'Chauhan Path, Bengaluru Urban', 15.8547772, 74.5130596);
INSERT INTO ChargesheetDetails (CSID, CaseMasterID, csdate, cstype, PolicePersonID) VALUES (67, 250, '2025-04-02', 'A', 13);

INSERT INTO CaseMaster (CaseMasterID, CrimeNo, CaseNo, CrimeRegisteredDate, PolicePersonID, PoliceStationID, CaseCategoryID, GravityOffenceID, CrimeMajorHeadID, CrimeMinorHeadID, CaseStatusID, CourtID, IncidentFromDate, IncidentToDate, InfoReceivedPSDate, latitude, longitude, BriefFacts) VALUES (251, '200290028202500002', '202500002', '2025-04-18', 53, 28, 2, 2, 2, 16, 2, 11, '2025-04-18T00:15:00', '2025-04-18T02:15:00', '2025-04-18T08:15:00', 17.9233787, 75.2576181, 'A cyber fraud was reported by Zansi Krishnamurthy. The accused posed as a bank official and obtained OTP and banking credentials through a phone call on 2025-04-18. An amount of Rs. 10000 was fraudulently transferred from the complainant''s account.');
INSERT INTO ComplainantDetails (ComplainantID, CaseMasterID, ComplainantName, AgeYear, OccupationID, ReligionID, CasteID, GenderID) VALUES (251, 251, 'Zansi Krishnamurthy', 53, 11, 3, 1, 2);
INSERT INTO Victim (VictimMasterID, CaseMasterID, VictimName, AgeYear, GenderID, VictimPolice) VALUES (345, 251, 'Udant Varty', 54, 2, '0');
INSERT INTO Accused (AccusedMasterID, CaseMasterID, AccusedName, AgeYear, GenderID, PersonID) VALUES (577, 251, 'Ira Pai', 22, 2, 'A1');
INSERT INTO ActSectionAssociation (CaseMasterID, ActID, SectionID, ActOrderID, SectionOrderID) VALUES (251, 'ITA', '66C', 1, 1);
INSERT INTO ArrestSurrender (ArrestSurrenderID, CaseMasterID, ArrestSurrenderTypeID, ArrestSurrenderDate, ArrestSurrenderStateId, ArrestSurrenderDistrictId, PoliceStationID, IOID, CourtID, AccusedMasterID, IsAccused, IsComplainantAccused) VALUES (186, 251, 1, '2025-05-05', 1, 29, 28, 38, 11, 577, TRUE, FALSE);
INSERT INTO inv_arrestsurrenderaccused (ArrestSurrenderID, AccusedMasterID) VALUES (186, 577);
INSERT INTO Inv_OccuranceTime (CaseMasterID, OccuranceFromDate, OccuranceToDate, PlaceOfOccurance, latitude, longitude) VALUES (251, '2025-04-18T00:15:00', '2025-04-18T02:15:00', 'Subramaniam Chowk, Uttara Kannada', 17.9233787, 75.2576181);
INSERT INTO ChargesheetDetails (CSID, CaseMasterID, csdate, cstype, PolicePersonID) VALUES (68, 251, '2025-07-16', 'A', 49);

INSERT INTO CaseMaster (CaseMasterID, CrimeNo, CaseNo, CrimeRegisteredDate, PolicePersonID, PoliceStationID, CaseCategoryID, GravityOffenceID, CrimeMajorHeadID, CrimeMinorHeadID, CaseStatusID, CourtID, IncidentFromDate, IncidentToDate, InfoReceivedPSDate, latitude, longitude, BriefFacts) VALUES (252, '800300029202600001', '202600001', '2026-03-12', 61, 29, 8, 1, 8, 44, 6, 16, '2026-03-12T00:24:00', '2026-03-12T04:24:00', '2026-03-12T09:24:00', 11.9528647, 77.2088135, 'The deceased Noah Karpe, aged 45, was found dead under suspicious circumstances at Varkey Zila, Bidar on 2026-03-12. The investigation revealed that the accused Samar Lalla, who is a relative of the deceased, had a dispute over property worth Rs. 50000.');
INSERT INTO ComplainantDetails (ComplainantID, CaseMasterID, ComplainantName, AgeYear, OccupationID, ReligionID, CasteID, GenderID) VALUES (252, 252, 'Yachana Dewan', 44, 12, 1, 2, 1);
INSERT INTO Victim (VictimMasterID, CaseMasterID, VictimName, AgeYear, GenderID, VictimPolice) VALUES (346, 252, 'Noah Karpe', 25, 1, '0');
INSERT INTO Victim (VictimMasterID, CaseMasterID, VictimName, AgeYear, GenderID, VictimPolice) VALUES (347, 252, 'Siddharth Doctor', 75, 1, '0');
INSERT INTO Accused (AccusedMasterID, CaseMasterID, AccusedName, AgeYear, GenderID, PersonID) VALUES (578, 252, 'Samar Lalla', 34, 2, 'A1');
INSERT INTO Accused (AccusedMasterID, CaseMasterID, AccusedName, AgeYear, GenderID, PersonID) VALUES (579, 252, 'Tara Chaudhry', 45, 2, 'A2');
INSERT INTO ActSectionAssociation (CaseMasterID, ActID, SectionID, ActOrderID, SectionOrderID) VALUES (252, 'NDPS', '22', 1, 1);
INSERT INTO ArrestSurrender (ArrestSurrenderID, CaseMasterID, ArrestSurrenderTypeID, ArrestSurrenderDate, ArrestSurrenderStateId, ArrestSurrenderDistrictId, PoliceStationID, IOID, CourtID, AccusedMasterID, IsAccused, IsComplainantAccused) VALUES (187, 252, 1, '2026-05-06', 1, 30, 29, 80, 16, 578, TRUE, FALSE);
INSERT INTO inv_arrestsurrenderaccused (ArrestSurrenderID, AccusedMasterID) VALUES (187, 578);
INSERT INTO Inv_OccuranceTime (CaseMasterID, OccuranceFromDate, OccuranceToDate, PlaceOfOccurance, latitude, longitude) VALUES (252, '2026-03-12T00:24:00', '2026-03-12T04:24:00', 'Varkey Zila, Bidar', 11.9528647, 77.2088135);

INSERT INTO CaseMaster (CaseMasterID, CrimeNo, CaseNo, CrimeRegisteredDate, PolicePersonID, PoliceStationID, CaseCategoryID, GravityOffenceID, CrimeMajorHeadID, CrimeMinorHeadID, CaseStatusID, CourtID, IncidentFromDate, IncidentToDate, InfoReceivedPSDate, latitude, longitude, BriefFacts) VALUES (253, '100200019202400002', '202400002', '2024-02-03', 23, 19, 1, 3, 6, 36, 2, 28, '2024-02-03T06:38:00', '2024-02-03T06:38:00', '2024-02-03T07:38:00', 13.1537166, 77.6347793, 'A case of cheating was reported by Jagat Karpe stating that the accused Varenya Srinivas fraudulently obtained Rs. 250000 by promising a job in a government department. The accused collected money over a period of 6 months and disappeared.');
INSERT INTO ComplainantDetails (ComplainantID, CaseMasterID, ComplainantName, AgeYear, OccupationID, ReligionID, CasteID, GenderID) VALUES (253, 253, 'Jagat Karpe', 23, 13, 2, 2, 1);
INSERT INTO Victim (VictimMasterID, CaseMasterID, VictimName, AgeYear, GenderID, VictimPolice) VALUES (348, 253, 'Ganga Comar', 21, 1, '0');
INSERT INTO Accused (AccusedMasterID, CaseMasterID, AccusedName, AgeYear, GenderID, PersonID) VALUES (580, 253, 'Varenya Srinivas', 54, 2, 'A1');
INSERT INTO Accused (AccusedMasterID, CaseMasterID, AccusedName, AgeYear, GenderID, PersonID) VALUES (581, 253, 'Anthony Kohli', 47, 1, 'A2');
INSERT INTO Accused (AccusedMasterID, CaseMasterID, AccusedName, AgeYear, GenderID, PersonID) VALUES (582, 253, 'Joshua Dyal', 33, 1, 'A3');
INSERT INTO Accused (AccusedMasterID, CaseMasterID, AccusedName, AgeYear, GenderID, PersonID) VALUES (583, 253, 'Yauvani Baral', 20, 1, 'A4');
INSERT INTO ActSectionAssociation (CaseMasterID, ActID, SectionID, ActOrderID, SectionOrderID) VALUES (253, 'NDPS', '20', 1, 1);
INSERT INTO ActSectionAssociation (CaseMasterID, ActID, SectionID, ActOrderID, SectionOrderID) VALUES (253, 'POCSO', '6', 2, 2);
INSERT INTO ArrestSurrender (ArrestSurrenderID, CaseMasterID, ArrestSurrenderTypeID, ArrestSurrenderDate, ArrestSurrenderStateId, ArrestSurrenderDistrictId, PoliceStationID, IOID, CourtID, AccusedMasterID, IsAccused, IsComplainantAccused) VALUES (188, 253, 2, '2024-03-08', 1, 20, 19, 68, 28, 583, TRUE, FALSE);
INSERT INTO inv_arrestsurrenderaccused (ArrestSurrenderID, AccusedMasterID) VALUES (188, 583);
INSERT INTO ArrestSurrender (ArrestSurrenderID, CaseMasterID, ArrestSurrenderTypeID, ArrestSurrenderDate, ArrestSurrenderStateId, ArrestSurrenderDistrictId, PoliceStationID, IOID, CourtID, AccusedMasterID, IsAccused, IsComplainantAccused) VALUES (189, 253, 2, '2024-03-03', 1, 20, 19, 78, 28, 582, TRUE, FALSE);
INSERT INTO inv_arrestsurrenderaccused (ArrestSurrenderID, AccusedMasterID) VALUES (189, 582);
INSERT INTO Inv_OccuranceTime (CaseMasterID, OccuranceFromDate, OccuranceToDate, PlaceOfOccurance, latitude, longitude) VALUES (253, '2024-02-03T06:38:00', '2024-02-03T06:38:00', 'Edwin Ganj, Haveri', 13.1537166, 77.6347793);
INSERT INTO ChargesheetDetails (CSID, CaseMasterID, csdate, cstype, PolicePersonID) VALUES (69, 253, '2024-07-29', 'A', 52);

INSERT INTO CaseMaster (CaseMasterID, CrimeNo, CaseNo, CrimeRegisteredDate, PolicePersonID, PoliceStationID, CaseCategoryID, GravityOffenceID, CrimeMajorHeadID, CrimeMinorHeadID, CaseStatusID, CourtID, IncidentFromDate, IncidentToDate, InfoReceivedPSDate, latitude, longitude, BriefFacts) VALUES (254, '300180017202600001', '202600001', '2026-03-16', 53, 17, 3, 2, 6, 33, 5, 9, '2026-03-16T11:53:00', '2026-03-16T13:53:00', '2026-03-16T14:53:00', 12.9482511, 76.699092, 'A cyber fraud was reported by Daksh Ganesan. The accused posed as a bank official and obtained OTP and banking credentials through a phone call on 2026-03-16. An amount of Rs. 50000 was fraudulently transferred from the complainant''s account.');
INSERT INTO ComplainantDetails (ComplainantID, CaseMasterID, ComplainantName, AgeYear, OccupationID, ReligionID, CasteID, GenderID) VALUES (254, 254, 'Daksh Ganesan', 29, 1, 2, 4, 2);
INSERT INTO Victim (VictimMasterID, CaseMasterID, VictimName, AgeYear, GenderID, VictimPolice) VALUES (349, 254, 'Pranit Varughese', 64, 3, '0');
INSERT INTO Accused (AccusedMasterID, CaseMasterID, AccusedName, AgeYear, GenderID, PersonID) VALUES (584, 254, 'Anirudh Mander', 47, 1, 'A1');
INSERT INTO Accused (AccusedMasterID, CaseMasterID, AccusedName, AgeYear, GenderID, PersonID) VALUES (585, 254, 'Urishilla Subramaniam', 21, 1, 'A2');
INSERT INTO Accused (AccusedMasterID, CaseMasterID, AccusedName, AgeYear, GenderID, PersonID) VALUES (586, 254, 'Theodore Roy', 24, 2, 'A3');
INSERT INTO Accused (AccusedMasterID, CaseMasterID, AccusedName, AgeYear, GenderID, PersonID) VALUES (587, 254, 'Qabil Vaidya', 40, 2, 'A4');
INSERT INTO ActSectionAssociation (CaseMasterID, ActID, SectionID, ActOrderID, SectionOrderID) VALUES (254, 'ITA', '66', 1, 1);
INSERT INTO ActSectionAssociation (CaseMasterID, ActID, SectionID, ActOrderID, SectionOrderID) VALUES (254, 'POCSO', '6', 2, 2);
INSERT INTO Inv_OccuranceTime (CaseMasterID, OccuranceFromDate, OccuranceToDate, PlaceOfOccurance, latitude, longitude) VALUES (254, '2026-03-16T11:53:00', '2026-03-16T13:53:00', 'Kalita Zila, Udupi', 12.9482511, 76.699092);

INSERT INTO CaseMaster (CaseMasterID, CrimeNo, CaseNo, CrimeRegisteredDate, PolicePersonID, PoliceStationID, CaseCategoryID, GravityOffenceID, CrimeMajorHeadID, CrimeMinorHeadID, CaseStatusID, CourtID, IncidentFromDate, IncidentToDate, InfoReceivedPSDate, latitude, longitude, BriefFacts) VALUES (255, '800170016202400001', '202400001', '2024-04-28', 6, 16, 8, 4, 1, 5, 1, 13, '2024-04-28T04:47:00', '2024-04-28T08:47:00', '2024-04-28T12:47:00', 12.9468983, 74.9768797, 'On 2024-04-28, the Anti-Narcotics squad conducted a raid at Chopra Street, Kodagu and seized 5000 grams of MDMA from the possession of the accused Kritika Rajan. The accused was found to be part of a supply chain operating across Hassan and Chikkamagaluru.');
INSERT INTO ComplainantDetails (ComplainantID, CaseMasterID, ComplainantName, AgeYear, OccupationID, ReligionID, CasteID, GenderID) VALUES (255, 255, 'Sudiksha Biswas', 52, 2, 6, 5, 1);
INSERT INTO Victim (VictimMasterID, CaseMasterID, VictimName, AgeYear, GenderID, VictimPolice) VALUES (350, 255, 'Sudiksha Biswas', 24, 2, '0');
INSERT INTO Victim (VictimMasterID, CaseMasterID, VictimName, AgeYear, GenderID, VictimPolice) VALUES (351, 255, 'Samaksh Virk', 61, 3, '0');
INSERT INTO Victim (VictimMasterID, CaseMasterID, VictimName, AgeYear, GenderID, VictimPolice) VALUES (352, 255, 'Mason Char', 39, 1, '0');
INSERT INTO Accused (AccusedMasterID, CaseMasterID, AccusedName, AgeYear, GenderID, PersonID) VALUES (588, 255, 'Kritika Rajan', 23, 2, 'A1');
INSERT INTO Accused (AccusedMasterID, CaseMasterID, AccusedName, AgeYear, GenderID, PersonID) VALUES (589, 255, 'Vamakshi Barad', 32, 1, 'A2');
INSERT INTO Accused (AccusedMasterID, CaseMasterID, AccusedName, AgeYear, GenderID, PersonID) VALUES (590, 255, 'Advika Jayaraman', 26, 1, 'A3');
INSERT INTO Accused (AccusedMasterID, CaseMasterID, AccusedName, AgeYear, GenderID, PersonID) VALUES (591, 255, 'Girik Subramaniam', 30, 2, 'A4');
INSERT INTO Accused (AccusedMasterID, CaseMasterID, AccusedName, AgeYear, GenderID, PersonID) VALUES (592, 255, 'Aarav Sankar', 27, 2, 'A5');
INSERT INTO ActSectionAssociation (CaseMasterID, ActID, SectionID, ActOrderID, SectionOrderID) VALUES (255, 'POCSO', '4', 1, 1);
INSERT INTO ActSectionAssociation (CaseMasterID, ActID, SectionID, ActOrderID, SectionOrderID) VALUES (255, 'IPC', '304', 2, 2);
INSERT INTO ActSectionAssociation (CaseMasterID, ActID, SectionID, ActOrderID, SectionOrderID) VALUES (255, 'NDPS', '20', 3, 3);
INSERT INTO ArrestSurrender (ArrestSurrenderID, CaseMasterID, ArrestSurrenderTypeID, ArrestSurrenderDate, ArrestSurrenderStateId, ArrestSurrenderDistrictId, PoliceStationID, IOID, CourtID, AccusedMasterID, IsAccused, IsComplainantAccused) VALUES (190, 255, 1, '2024-05-27', 1, 17, 16, 64, 13, 588, TRUE, FALSE);
INSERT INTO inv_arrestsurrenderaccused (ArrestSurrenderID, AccusedMasterID) VALUES (190, 588);
INSERT INTO ArrestSurrender (ArrestSurrenderID, CaseMasterID, ArrestSurrenderTypeID, ArrestSurrenderDate, ArrestSurrenderStateId, ArrestSurrenderDistrictId, PoliceStationID, IOID, CourtID, AccusedMasterID, IsAccused, IsComplainantAccused) VALUES (191, 255, 1, '2024-05-05', 1, 17, 16, 59, 13, 589, TRUE, FALSE);
INSERT INTO inv_arrestsurrenderaccused (ArrestSurrenderID, AccusedMasterID) VALUES (191, 589);
INSERT INTO Inv_OccuranceTime (CaseMasterID, OccuranceFromDate, OccuranceToDate, PlaceOfOccurance, latitude, longitude) VALUES (255, '2024-04-28T04:47:00', '2024-04-28T08:47:00', 'Chopra Street, Kodagu', 12.9468983, 74.9768797);

INSERT INTO CaseMaster (CaseMasterID, CrimeNo, CaseNo, CrimeRegisteredDate, PolicePersonID, PoliceStationID, CaseCategoryID, GravityOffenceID, CrimeMajorHeadID, CrimeMinorHeadID, CaseStatusID, CourtID, IncidentFromDate, IncidentToDate, InfoReceivedPSDate, latitude, longitude, BriefFacts) VALUES (256, '300210020202500002', '202500002', '2025-02-05', 48, 20, 3, 4, 3, 17, 2, 36, '2025-02-05T21:20:00', '2025-02-06T01:20:00', '2025-02-06T03:20:00', 17.200663, 75.4876994, 'The complainant Caleb Wagle, a shopkeeper at Desai Marg, Koppal, reported that the accused Inaya Chaudhari along with others robbed the shop at knife-point on 2025-02-05 and fled with cash Rs. 50000 and valuables.');
INSERT INTO ComplainantDetails (ComplainantID, CaseMasterID, ComplainantName, AgeYear, OccupationID, ReligionID, CasteID, GenderID) VALUES (256, 256, 'Caleb Wagle', 36, 4, 7, 2, 1);
INSERT INTO Victim (VictimMasterID, CaseMasterID, VictimName, AgeYear, GenderID, VictimPolice) VALUES (353, 256, 'Veer Subramaniam', 33, 1, '0');
INSERT INTO Victim (VictimMasterID, CaseMasterID, VictimName, AgeYear, GenderID, VictimPolice) VALUES (354, 256, 'Vansha Kaul', 24, 1, '0');
INSERT INTO Accused (AccusedMasterID, CaseMasterID, AccusedName, AgeYear, GenderID, PersonID) VALUES (593, 256, 'Inaya Chaudhari', 44, 2, 'A1');
INSERT INTO Accused (AccusedMasterID, CaseMasterID, AccusedName, AgeYear, GenderID, PersonID) VALUES (594, 256, 'Bhanumati Rege', 39, 2, 'A2');
INSERT INTO ActSectionAssociation (CaseMasterID, ActID, SectionID, ActOrderID, SectionOrderID) VALUES (256, 'NDPS', '20', 1, 1);
INSERT INTO Inv_OccuranceTime (CaseMasterID, OccuranceFromDate, OccuranceToDate, PlaceOfOccurance, latitude, longitude) VALUES (256, '2025-02-05T21:20:00', '2025-02-06T01:20:00', 'Desai Marg, Koppal', 17.200663, 75.4876994);
INSERT INTO ChargesheetDetails (CSID, CaseMasterID, csdate, cstype, PolicePersonID) VALUES (70, 256, '2025-03-23', 'A', 41);

INSERT INTO CaseMaster (CaseMasterID, CrimeNo, CaseNo, CrimeRegisteredDate, PolicePersonID, PoliceStationID, CaseCategoryID, GravityOffenceID, CrimeMajorHeadID, CrimeMinorHeadID, CaseStatusID, CourtID, IncidentFromDate, IncidentToDate, InfoReceivedPSDate, latitude, longitude, BriefFacts) VALUES (257, '100150014202400001', '202400001', '2024-04-21', 52, 14, 1, 4, 2, 10, 2, 2, '2024-04-21T15:59:00', '2024-04-21T18:59:00', '2024-04-22T03:59:00', 15.391701, 75.1487952, 'On 2024-04-21, the complainant Abhimanyu Virk reported that their two-wheeler bearing registration number KA-06-CZ-1139 was stolen from Jha Marg, Chitradurga. The vehicle was parked outside a residential apartment and was found missing when the complainant returned.');
INSERT INTO ComplainantDetails (ComplainantID, CaseMasterID, ComplainantName, AgeYear, OccupationID, ReligionID, CasteID, GenderID) VALUES (257, 257, 'Abhimanyu Virk', 64, 5, 1, 1, 2);
INSERT INTO Victim (VictimMasterID, CaseMasterID, VictimName, AgeYear, GenderID, VictimPolice) VALUES (355, 257, 'Abhimanyu Virk', 22, 2, '0');
INSERT INTO Accused (AccusedMasterID, CaseMasterID, AccusedName, AgeYear, GenderID, PersonID) VALUES (595, 257, 'Zinal Amble', 40, 1, 'A1');
INSERT INTO ActSectionAssociation (CaseMasterID, ActID, SectionID, ActOrderID, SectionOrderID) VALUES (257, 'NDPS', '22', 1, 1);
INSERT INTO ArrestSurrender (ArrestSurrenderID, CaseMasterID, ArrestSurrenderTypeID, ArrestSurrenderDate, ArrestSurrenderStateId, ArrestSurrenderDistrictId, PoliceStationID, IOID, CourtID, AccusedMasterID, IsAccused, IsComplainantAccused) VALUES (192, 257, 1, '2024-04-23', 1, 15, 14, 25, 2, 595, TRUE, FALSE);
INSERT INTO inv_arrestsurrenderaccused (ArrestSurrenderID, AccusedMasterID) VALUES (192, 595);
INSERT INTO Inv_OccuranceTime (CaseMasterID, OccuranceFromDate, OccuranceToDate, PlaceOfOccurance, latitude, longitude) VALUES (257, '2024-04-21T15:59:00', '2024-04-21T18:59:00', 'Jha Marg, Chitradurga', 15.391701, 75.1487952);
INSERT INTO ChargesheetDetails (CSID, CaseMasterID, csdate, cstype, PolicePersonID) VALUES (71, 257, '2024-07-03', 'A', 51);

INSERT INTO CaseMaster (CaseMasterID, CrimeNo, CaseNo, CrimeRegisteredDate, PolicePersonID, PoliceStationID, CaseCategoryID, GravityOffenceID, CrimeMajorHeadID, CrimeMinorHeadID, CaseStatusID, CourtID, IncidentFromDate, IncidentToDate, InfoReceivedPSDate, latitude, longitude, BriefFacts) VALUES (258, '400050004202500001', '202500001', '2025-08-05', 35, 4, 4, 3, 7, 40, 4, 5, '2025-08-05T19:54:00', '2025-08-05T21:54:00', '2025-08-05T23:54:00', 13.491114, 74.2922413, 'The victim Mohammed Sandhu, aged 49, was assaulted by the accused Advika Wason near Pau Marg, Hubballi-Dharwad on 2025-08-05 at approximately 10:15 AM. The accused used a sharp weapon causing grievous injuries. The victim was rushed to BGS Global Hospital for treatment.');
INSERT INTO ComplainantDetails (ComplainantID, CaseMasterID, ComplainantName, AgeYear, OccupationID, ReligionID, CasteID, GenderID) VALUES (258, 258, 'Nilima Pathak', 45, 14, 7, 2, 2);
INSERT INTO Victim (VictimMasterID, CaseMasterID, VictimName, AgeYear, GenderID, VictimPolice) VALUES (356, 258, 'Mohammed Sandhu', 31, 1, '0');
INSERT INTO Accused (AccusedMasterID, CaseMasterID, AccusedName, AgeYear, GenderID, PersonID) VALUES (596, 258, 'Advika Wason', 20, 1, 'A1');
INSERT INTO Accused (AccusedMasterID, CaseMasterID, AccusedName, AgeYear, GenderID, PersonID) VALUES (597, 258, 'Amara Dutta', 25, 1, 'A2');
INSERT INTO Accused (AccusedMasterID, CaseMasterID, AccusedName, AgeYear, GenderID, PersonID) VALUES (598, 258, 'Zayan Behl', 26, 1, 'A3');
INSERT INTO ActSectionAssociation (CaseMasterID, ActID, SectionID, ActOrderID, SectionOrderID) VALUES (258, 'IPC', '395', 1, 1);
INSERT INTO ActSectionAssociation (CaseMasterID, ActID, SectionID, ActOrderID, SectionOrderID) VALUES (258, 'POCSO', '8', 2, 2);
INSERT INTO ArrestSurrender (ArrestSurrenderID, CaseMasterID, ArrestSurrenderTypeID, ArrestSurrenderDate, ArrestSurrenderStateId, ArrestSurrenderDistrictId, PoliceStationID, IOID, CourtID, AccusedMasterID, IsAccused, IsComplainantAccused) VALUES (193, 258, 2, '2025-08-12', 1, 5, 4, 27, 5, 597, TRUE, FALSE);
INSERT INTO inv_arrestsurrenderaccused (ArrestSurrenderID, AccusedMasterID) VALUES (193, 597);
INSERT INTO ArrestSurrender (ArrestSurrenderID, CaseMasterID, ArrestSurrenderTypeID, ArrestSurrenderDate, ArrestSurrenderStateId, ArrestSurrenderDistrictId, PoliceStationID, IOID, CourtID, AccusedMasterID, IsAccused, IsComplainantAccused) VALUES (194, 258, 2, '2025-10-01', 1, 5, 4, 5, 5, 598, TRUE, FALSE);
INSERT INTO inv_arrestsurrenderaccused (ArrestSurrenderID, AccusedMasterID) VALUES (194, 598);
INSERT INTO Inv_OccuranceTime (CaseMasterID, OccuranceFromDate, OccuranceToDate, PlaceOfOccurance, latitude, longitude) VALUES (258, '2025-08-05T19:54:00', '2025-08-05T21:54:00', 'Pau Marg, Hubballi-Dharwad', 13.491114, 74.2922413);

INSERT INTO CaseMaster (CaseMasterID, CrimeNo, CaseNo, CrimeRegisteredDate, PolicePersonID, PoliceStationID, CaseCategoryID, GravityOffenceID, CrimeMajorHeadID, CrimeMinorHeadID, CaseStatusID, CourtID, IncidentFromDate, IncidentToDate, InfoReceivedPSDate, latitude, longitude, BriefFacts) VALUES (259, '300070006202500002', '202500002', '2025-05-14', 51, 6, 3, 2, 4, 23, 1, 3, '2025-05-14T15:29:00', '2025-05-14T18:29:00', '2025-05-15T06:29:00', 17.1253917, 75.7530158, 'A case of cheating was reported by Samar Sachdev stating that the accused Zehaan Mohanty fraudulently obtained Rs. 25000 by promising a job in a government department. The accused collected money over a period of 7 months and disappeared.');
INSERT INTO ComplainantDetails (ComplainantID, CaseMasterID, ComplainantName, AgeYear, OccupationID, ReligionID, CasteID, GenderID) VALUES (259, 259, 'Samar Sachdev', 37, 7, 6, 2, 2);
INSERT INTO Victim (VictimMasterID, CaseMasterID, VictimName, AgeYear, GenderID, VictimPolice) VALUES (357, 259, 'Praneel Prabhakar', 6, 3, '0');
INSERT INTO Accused (AccusedMasterID, CaseMasterID, AccusedName, AgeYear, GenderID, PersonID) VALUES (599, 259, 'Zehaan Mohanty', 41, 2, 'A1');
INSERT INTO ActSectionAssociation (CaseMasterID, ActID, SectionID, ActOrderID, SectionOrderID) VALUES (259, 'IPC', '509', 1, 1);
INSERT INTO Inv_OccuranceTime (CaseMasterID, OccuranceFromDate, OccuranceToDate, PlaceOfOccurance, latitude, longitude) VALUES (259, '2025-05-14T15:29:00', '2025-05-14T18:29:00', 'Padmanabhan, Kalaburagi', 17.1253917, 75.7530158);

INSERT INTO CaseMaster (CaseMasterID, CrimeNo, CaseNo, CrimeRegisteredDate, PolicePersonID, PoliceStationID, CaseCategoryID, GravityOffenceID, CrimeMajorHeadID, CrimeMinorHeadID, CaseStatusID, CourtID, IncidentFromDate, IncidentToDate, InfoReceivedPSDate, latitude, longitude, BriefFacts) VALUES (260, '800080007202500002', '202500002', '2025-11-08', 28, 7, 8, 2, 3, 22, 3, 33, '2025-11-08T19:59:00', '2025-11-08T23:59:00', '2025-11-09T02:59:00', 15.9719493, 74.3960303, 'On 2025-11-08, the complainant Lakshit Dani reported that unknown persons broke into their residence at Nigam Marg, Ballari and stole cash amounting to Rs. 1000000 and gold ornaments. The accused Tanish Trivedi was later identified through CCTV footage from a nearby shop.');
INSERT INTO ComplainantDetails (ComplainantID, CaseMasterID, ComplainantName, AgeYear, OccupationID, ReligionID, CasteID, GenderID) VALUES (260, 260, 'Lakshit Dani', 40, 8, 4, 3, 2);
INSERT INTO Victim (VictimMasterID, CaseMasterID, VictimName, AgeYear, GenderID, VictimPolice) VALUES (358, 260, 'Sanya Edwin', 9, 1, '0');
INSERT INTO Victim (VictimMasterID, CaseMasterID, VictimName, AgeYear, GenderID, VictimPolice) VALUES (359, 260, 'Naveen Ramachandran', 37, 2, '0');
INSERT INTO Accused (AccusedMasterID, CaseMasterID, AccusedName, AgeYear, GenderID, PersonID) VALUES (600, 260, 'Tanish Trivedi', 20, 1, 'A1');
INSERT INTO Accused (AccusedMasterID, CaseMasterID, AccusedName, AgeYear, GenderID, PersonID) VALUES (601, 260, 'Gavin Dhillon', 46, 1, 'A2');
INSERT INTO ActSectionAssociation (CaseMasterID, ActID, SectionID, ActOrderID, SectionOrderID) VALUES (260, 'IPC', '498A', 1, 1);
INSERT INTO ActSectionAssociation (CaseMasterID, ActID, SectionID, ActOrderID, SectionOrderID) VALUES (260, 'IPC', '304', 2, 2);
INSERT INTO Inv_OccuranceTime (CaseMasterID, OccuranceFromDate, OccuranceToDate, PlaceOfOccurance, latitude, longitude) VALUES (260, '2025-11-08T19:59:00', '2025-11-08T23:59:00', 'Nigam Marg, Ballari', 15.9719493, 74.3960303);

INSERT INTO CaseMaster (CaseMasterID, CrimeNo, CaseNo, CrimeRegisteredDate, PolicePersonID, PoliceStationID, CaseCategoryID, GravityOffenceID, CrimeMajorHeadID, CrimeMinorHeadID, CaseStatusID, CourtID, IncidentFromDate, IncidentToDate, InfoReceivedPSDate, latitude, longitude, BriefFacts) VALUES (261, '300190018202400003', '202400003', '2024-12-11', 70, 18, 3, 4, 1, 2, 2, 41, '2024-12-11T15:37:00', '2024-12-11T16:37:00', '2024-12-12T00:37:00', 16.882306, 76.9849139, 'The victim Tristan Prabhakar, aged 33, was assaulted by the accused Baljiwan Rajagopalan near Verma Marg, Gadag on 2024-12-11 at approximately 7:30 PM. The accused used a sharp weapon causing grievous injuries. The victim was rushed to Victoria Hospital for treatment.');
INSERT INTO ComplainantDetails (ComplainantID, CaseMasterID, ComplainantName, AgeYear, OccupationID, ReligionID, CasteID, GenderID) VALUES (261, 261, 'Gaurang Bhatt', 62, 10, 6, 3, 2);
INSERT INTO Victim (VictimMasterID, CaseMasterID, VictimName, AgeYear, GenderID, VictimPolice) VALUES (360, 261, 'Tristan Prabhakar', 59, 1, '0');
INSERT INTO Accused (AccusedMasterID, CaseMasterID, AccusedName, AgeYear, GenderID, PersonID) VALUES (602, 261, 'Baljiwan Rajagopalan', 36, 2, 'A1');
INSERT INTO ActSectionAssociation (CaseMasterID, ActID, SectionID, ActOrderID, SectionOrderID) VALUES (261, 'IPC', '304', 1, 1);
INSERT INTO ActSectionAssociation (CaseMasterID, ActID, SectionID, ActOrderID, SectionOrderID) VALUES (261, 'NDPS', '20', 2, 2);
INSERT INTO ActSectionAssociation (CaseMasterID, ActID, SectionID, ActOrderID, SectionOrderID) VALUES (261, 'IPC', '379', 3, 3);
INSERT INTO ArrestSurrender (ArrestSurrenderID, CaseMasterID, ArrestSurrenderTypeID, ArrestSurrenderDate, ArrestSurrenderStateId, ArrestSurrenderDistrictId, PoliceStationID, IOID, CourtID, AccusedMasterID, IsAccused, IsComplainantAccused) VALUES (195, 261, 2, '2024-12-18', 1, 19, 18, 44, 41, 602, TRUE, FALSE);
INSERT INTO inv_arrestsurrenderaccused (ArrestSurrenderID, AccusedMasterID) VALUES (195, 602);
INSERT INTO Inv_OccuranceTime (CaseMasterID, OccuranceFromDate, OccuranceToDate, PlaceOfOccurance, latitude, longitude) VALUES (261, '2024-12-11T15:37:00', '2024-12-11T16:37:00', 'Verma Marg, Gadag', 16.882306, 76.9849139);
INSERT INTO ChargesheetDetails (CSID, CaseMasterID, csdate, cstype, PolicePersonID) VALUES (72, 261, '2025-02-10', 'A', 65);

INSERT INTO CaseMaster (CaseMasterID, CrimeNo, CaseNo, CrimeRegisteredDate, PolicePersonID, PoliceStationID, CaseCategoryID, GravityOffenceID, CrimeMajorHeadID, CrimeMinorHeadID, CaseStatusID, CourtID, IncidentFromDate, IncidentToDate, InfoReceivedPSDate, latitude, longitude, BriefFacts) VALUES (262, '800160015202400001', '202400001', '2024-05-22', 66, 15, 8, 1, 5, 31, 3, 18, '2024-05-22T05:24:00', '2024-05-22T06:24:00', '2024-05-22T14:24:00', 13.9938134, 74.4141355, 'The complainant Parth Talwar, a shopkeeper at Uppal, Mandya, reported that the accused Robert Bandi along with others robbed the shop at knife-point on 2024-05-22 and fled with cash Rs. 25000 and valuables.');
INSERT INTO ComplainantDetails (ComplainantID, CaseMasterID, ComplainantName, AgeYear, OccupationID, ReligionID, CasteID, GenderID) VALUES (262, 262, 'Parth Talwar', 45, 7, 2, 2, 2);
INSERT INTO Victim (VictimMasterID, CaseMasterID, VictimName, AgeYear, GenderID, VictimPolice) VALUES (361, 262, 'Advaith Jaggi', 13, 3, '0');
INSERT INTO Victim (VictimMasterID, CaseMasterID, VictimName, AgeYear, GenderID, VictimPolice) VALUES (362, 262, 'Omkaar Banik', 68, 3, '0');
INSERT INTO Accused (AccusedMasterID, CaseMasterID, AccusedName, AgeYear, GenderID, PersonID) VALUES (603, 262, 'Robert Bandi', 41, 1, 'A1');
INSERT INTO ActSectionAssociation (CaseMasterID, ActID, SectionID, ActOrderID, SectionOrderID) VALUES (262, 'IPC', '506', 1, 1);
INSERT INTO ArrestSurrender (ArrestSurrenderID, CaseMasterID, ArrestSurrenderTypeID, ArrestSurrenderDate, ArrestSurrenderStateId, ArrestSurrenderDistrictId, PoliceStationID, IOID, CourtID, AccusedMasterID, IsAccused, IsComplainantAccused) VALUES (196, 262, 2, '2024-07-03', 1, 16, 15, 44, 18, 603, TRUE, FALSE);
INSERT INTO inv_arrestsurrenderaccused (ArrestSurrenderID, AccusedMasterID) VALUES (196, 603);
INSERT INTO Inv_OccuranceTime (CaseMasterID, OccuranceFromDate, OccuranceToDate, PlaceOfOccurance, latitude, longitude) VALUES (262, '2024-05-22T05:24:00', '2024-05-22T06:24:00', 'Uppal, Mandya', 13.9938134, 74.4141355);

INSERT INTO CaseMaster (CaseMasterID, CrimeNo, CaseNo, CrimeRegisteredDate, PolicePersonID, PoliceStationID, CaseCategoryID, GravityOffenceID, CrimeMajorHeadID, CrimeMinorHeadID, CaseStatusID, CourtID, IncidentFromDate, IncidentToDate, InfoReceivedPSDate, latitude, longitude, BriefFacts) VALUES (263, '400250024202400002', '202400002', '2024-08-11', 1, 24, 4, 3, 5, 30, 1, 7, '2024-08-11T15:31:00', '2024-08-11T19:31:00', '2024-08-12T03:31:00', 12.8752799, 74.7758116, 'The complainant Nakul Chadha, a shopkeeper at Aurora Circle, Chikkamagaluru, reported that the accused Nidra Iyer along with others robbed the shop at knife-point on 2024-08-11 and fled with cash Rs. 2500000 and valuables.');
INSERT INTO ComplainantDetails (ComplainantID, CaseMasterID, ComplainantName, AgeYear, OccupationID, ReligionID, CasteID, GenderID) VALUES (263, 263, 'Nakul Chadha', 46, 3, 5, 3, 1);
INSERT INTO Victim (VictimMasterID, CaseMasterID, VictimName, AgeYear, GenderID, VictimPolice) VALUES (363, 263, 'Mugdha Pandit', 43, 2, '1');
INSERT INTO Accused (AccusedMasterID, CaseMasterID, AccusedName, AgeYear, GenderID, PersonID) VALUES (604, 263, 'Nidra Iyer', 38, 1, 'A1');
INSERT INTO Accused (AccusedMasterID, CaseMasterID, AccusedName, AgeYear, GenderID, PersonID) VALUES (605, 263, 'Gautam Mane', 26, 1, 'A2');
INSERT INTO Accused (AccusedMasterID, CaseMasterID, AccusedName, AgeYear, GenderID, PersonID) VALUES (606, 263, 'Idika Malhotra', 24, 2, 'A3');
INSERT INTO Accused (AccusedMasterID, CaseMasterID, AccusedName, AgeYear, GenderID, PersonID) VALUES (607, 263, 'Robert Sha', 38, 1, 'A4');
INSERT INTO Accused (AccusedMasterID, CaseMasterID, AccusedName, AgeYear, GenderID, PersonID) VALUES (608, 263, 'Aayush Lal', 31, 1, 'A5');
INSERT INTO ActSectionAssociation (CaseMasterID, ActID, SectionID, ActOrderID, SectionOrderID) VALUES (263, 'IPC', '392', 1, 1);
INSERT INTO ArrestSurrender (ArrestSurrenderID, CaseMasterID, ArrestSurrenderTypeID, ArrestSurrenderDate, ArrestSurrenderStateId, ArrestSurrenderDistrictId, PoliceStationID, IOID, CourtID, AccusedMasterID, IsAccused, IsComplainantAccused) VALUES (197, 263, 2, '2024-10-09', 1, 25, 24, 71, 7, 608, TRUE, FALSE);
INSERT INTO inv_arrestsurrenderaccused (ArrestSurrenderID, AccusedMasterID) VALUES (197, 608);
INSERT INTO Inv_OccuranceTime (CaseMasterID, OccuranceFromDate, OccuranceToDate, PlaceOfOccurance, latitude, longitude) VALUES (263, '2024-08-11T15:31:00', '2024-08-11T19:31:00', 'Aurora Circle, Chikkamagaluru', 12.8752799, 74.7758116);

INSERT INTO CaseMaster (CaseMasterID, CrimeNo, CaseNo, CrimeRegisteredDate, PolicePersonID, PoliceStationID, CaseCategoryID, GravityOffenceID, CrimeMajorHeadID, CrimeMinorHeadID, CaseStatusID, CourtID, IncidentFromDate, IncidentToDate, InfoReceivedPSDate, latitude, longitude, BriefFacts) VALUES (264, '300050004202400001', '202400001', '2024-01-21', 52, 4, 3, 1, 3, 20, 6, 27, '2024-01-21T02:06:00', '2024-01-21T06:06:00', '2024-01-21T06:06:00', 15.362748, 75.1402319, 'The deceased Elijah Thakur, aged 41, was found dead under suspicious circumstances at Kurian Circle, Hubballi-Dharwad on 2024-01-21. The investigation revealed that the accused Harini Dada, who is a relative of the deceased, had a dispute over property worth Rs. 2500000.');
INSERT INTO ComplainantDetails (ComplainantID, CaseMasterID, ComplainantName, AgeYear, OccupationID, ReligionID, CasteID, GenderID) VALUES (264, 264, 'Elijah Thakur', 63, 8, 4, 1, 2);
INSERT INTO Victim (VictimMasterID, CaseMasterID, VictimName, AgeYear, GenderID, VictimPolice) VALUES (364, 264, 'Elijah Thakur', 29, 2, '0');
INSERT INTO Accused (AccusedMasterID, CaseMasterID, AccusedName, AgeYear, GenderID, PersonID) VALUES (609, 264, 'Harini Dada', 31, 2, 'A1');
INSERT INTO ActSectionAssociation (CaseMasterID, ActID, SectionID, ActOrderID, SectionOrderID) VALUES (264, 'POCSO', '6', 1, 1);
INSERT INTO ArrestSurrender (ArrestSurrenderID, CaseMasterID, ArrestSurrenderTypeID, ArrestSurrenderDate, ArrestSurrenderStateId, ArrestSurrenderDistrictId, PoliceStationID, IOID, CourtID, AccusedMasterID, IsAccused, IsComplainantAccused) VALUES (198, 264, 1, '2024-02-07', 1, 5, 4, 79, 27, 609, TRUE, FALSE);
INSERT INTO inv_arrestsurrenderaccused (ArrestSurrenderID, AccusedMasterID) VALUES (198, 609);
INSERT INTO Inv_OccuranceTime (CaseMasterID, OccuranceFromDate, OccuranceToDate, PlaceOfOccurance, latitude, longitude) VALUES (264, '2024-01-21T02:06:00', '2024-01-21T06:06:00', 'Kurian Circle, Hubballi-Dharwad', 15.362748, 75.1402319);

INSERT INTO CaseMaster (CaseMasterID, CrimeNo, CaseNo, CrimeRegisteredDate, PolicePersonID, PoliceStationID, CaseCategoryID, GravityOffenceID, CrimeMajorHeadID, CrimeMinorHeadID, CaseStatusID, CourtID, IncidentFromDate, IncidentToDate, InfoReceivedPSDate, latitude, longitude, BriefFacts) VALUES (265, '100240023202600001', '202600001', '2026-02-28', 54, 23, 1, 3, 8, 42, 2, 1, '2026-02-28T08:44:00', '2026-02-28T09:44:00', '2026-02-28T18:44:00', 14.3388147, 74.8602422, 'The victim Saanvi Purohit, aged 60, was assaulted by the accused Yagnesh Nori near Sharma Chowk, Chikkaballapura on 2026-02-28 at approximately 4:15 AM. The accused used a sharp weapon causing grievous injuries. The victim was rushed to Jayadeva Hospital for treatment.');
INSERT INTO ComplainantDetails (ComplainantID, CaseMasterID, ComplainantName, AgeYear, OccupationID, ReligionID, CasteID, GenderID) VALUES (265, 265, 'Saanvi Purohit', 65, 4, 7, 1, 2);
INSERT INTO Victim (VictimMasterID, CaseMasterID, VictimName, AgeYear, GenderID, VictimPolice) VALUES (365, 265, 'Saanvi Purohit', 31, 2, '0');
INSERT INTO Accused (AccusedMasterID, CaseMasterID, AccusedName, AgeYear, GenderID, PersonID) VALUES (610, 265, 'Yagnesh Nori', 25, 2, 'A1');
INSERT INTO Accused (AccusedMasterID, CaseMasterID, AccusedName, AgeYear, GenderID, PersonID) VALUES (611, 265, 'Vasatika Dada', 44, 2, 'A2');
INSERT INTO Accused (AccusedMasterID, CaseMasterID, AccusedName, AgeYear, GenderID, PersonID) VALUES (612, 265, 'Ekansh Raja', 35, 2, 'A3');
INSERT INTO ActSectionAssociation (CaseMasterID, ActID, SectionID, ActOrderID, SectionOrderID) VALUES (265, 'NDPS', '27', 1, 1);
INSERT INTO ActSectionAssociation (CaseMasterID, ActID, SectionID, ActOrderID, SectionOrderID) VALUES (265, 'NDPS', '20', 2, 2);
INSERT INTO ActSectionAssociation (CaseMasterID, ActID, SectionID, ActOrderID, SectionOrderID) VALUES (265, 'ITA', '66D', 3, 3);
INSERT INTO ArrestSurrender (ArrestSurrenderID, CaseMasterID, ArrestSurrenderTypeID, ArrestSurrenderDate, ArrestSurrenderStateId, ArrestSurrenderDistrictId, PoliceStationID, IOID, CourtID, AccusedMasterID, IsAccused, IsComplainantAccused) VALUES (199, 265, 2, '2026-03-31', 1, 24, 23, 56, 1, 611, TRUE, FALSE);
INSERT INTO inv_arrestsurrenderaccused (ArrestSurrenderID, AccusedMasterID) VALUES (199, 611);
INSERT INTO Inv_OccuranceTime (CaseMasterID, OccuranceFromDate, OccuranceToDate, PlaceOfOccurance, latitude, longitude) VALUES (265, '2026-02-28T08:44:00', '2026-02-28T09:44:00', 'Sharma Chowk, Chikkaballapura', 14.3388147, 74.8602422);
INSERT INTO ChargesheetDetails (CSID, CaseMasterID, csdate, cstype, PolicePersonID) VALUES (73, 265, '2026-04-11', 'A', 33);

INSERT INTO CaseMaster (CaseMasterID, CrimeNo, CaseNo, CrimeRegisteredDate, PolicePersonID, PoliceStationID, CaseCategoryID, GravityOffenceID, CrimeMajorHeadID, CrimeMinorHeadID, CaseStatusID, CourtID, IncidentFromDate, IncidentToDate, InfoReceivedPSDate, latitude, longitude, BriefFacts) VALUES (266, '100150014202500001', '202500001', '2025-06-07', 60, 14, 1, 2, 1, 4, 3, 4, '2025-06-07T03:56:00', '2025-06-07T05:56:00', '2025-06-07T07:56:00', 15.169974, 74.9172795, 'On 2025-06-07, the complainant Victor Mutti reported that unknown persons broke into their residence at Pandit Marg, Chitradurga and stole cash amounting to Rs. 250000 and gold ornaments. The accused Irya Ray was later identified through CCTV footage from a nearby shop.');
INSERT INTO ComplainantDetails (ComplainantID, CaseMasterID, ComplainantName, AgeYear, OccupationID, ReligionID, CasteID, GenderID) VALUES (266, 266, 'Victor Mutti', 28, 1, 7, 2, 2);
INSERT INTO Victim (VictimMasterID, CaseMasterID, VictimName, AgeYear, GenderID, VictimPolice) VALUES (366, 266, 'Victor Mutti', 75, 3, '0');
INSERT INTO Accused (AccusedMasterID, CaseMasterID, AccusedName, AgeYear, GenderID, PersonID) VALUES (613, 266, 'Irya Ray', 35, 2, 'A1');
INSERT INTO ActSectionAssociation (CaseMasterID, ActID, SectionID, ActOrderID, SectionOrderID) VALUES (266, 'POCSO', '8', 1, 1);
INSERT INTO ActSectionAssociation (CaseMasterID, ActID, SectionID, ActOrderID, SectionOrderID) VALUES (266, 'IPC', '392', 2, 2);
INSERT INTO ArrestSurrender (ArrestSurrenderID, CaseMasterID, ArrestSurrenderTypeID, ArrestSurrenderDate, ArrestSurrenderStateId, ArrestSurrenderDistrictId, PoliceStationID, IOID, CourtID, AccusedMasterID, IsAccused, IsComplainantAccused) VALUES (200, 266, 2, '2025-06-22', 1, 15, 14, 33, 4, 613, TRUE, FALSE);
INSERT INTO inv_arrestsurrenderaccused (ArrestSurrenderID, AccusedMasterID) VALUES (200, 613);
INSERT INTO Inv_OccuranceTime (CaseMasterID, OccuranceFromDate, OccuranceToDate, PlaceOfOccurance, latitude, longitude) VALUES (266, '2025-06-07T03:56:00', '2025-06-07T05:56:00', 'Pandit Marg, Chitradurga', 15.169974, 74.9172795);

INSERT INTO CaseMaster (CaseMasterID, CrimeNo, CaseNo, CrimeRegisteredDate, PolicePersonID, PoliceStationID, CaseCategoryID, GravityOffenceID, CrimeMajorHeadID, CrimeMinorHeadID, CaseStatusID, CourtID, IncidentFromDate, IncidentToDate, InfoReceivedPSDate, latitude, longitude, BriefFacts) VALUES (267, '200260025202500001', '202500001', '2025-01-30', 72, 25, 2, 2, 8, 41, 2, 34, '2025-01-30T17:26:00', '2025-01-30T21:26:00', '2025-01-31T02:26:00', 12.9358624, 77.6622232, 'The complainant Adya Kothari reported domestic violence by husband Diya Bora and in-laws. The accused demanded additional dowry of Rs. 100000 and subjected the complainant to physical and mental harassment since 4 years.');
INSERT INTO ComplainantDetails (ComplainantID, CaseMasterID, ComplainantName, AgeYear, OccupationID, ReligionID, CasteID, GenderID) VALUES (267, 267, 'Adya Kothari', 40, 2, 7, 3, 2);
INSERT INTO Victim (VictimMasterID, CaseMasterID, VictimName, AgeYear, GenderID, VictimPolice) VALUES (367, 267, 'Adya Kothari', 35, 3, '0');
INSERT INTO Accused (AccusedMasterID, CaseMasterID, AccusedName, AgeYear, GenderID, PersonID) VALUES (614, 267, 'Diya Bora', 53, 1, 'A1');
INSERT INTO ActSectionAssociation (CaseMasterID, ActID, SectionID, ActOrderID, SectionOrderID) VALUES (267, 'IPC', '323', 1, 1);
INSERT INTO ActSectionAssociation (CaseMasterID, ActID, SectionID, ActOrderID, SectionOrderID) VALUES (267, 'NDPS', '20', 2, 2);
INSERT INTO ActSectionAssociation (CaseMasterID, ActID, SectionID, ActOrderID, SectionOrderID) VALUES (267, 'ITA', '66', 3, 3);
INSERT INTO ArrestSurrender (ArrestSurrenderID, CaseMasterID, ArrestSurrenderTypeID, ArrestSurrenderDate, ArrestSurrenderStateId, ArrestSurrenderDistrictId, PoliceStationID, IOID, CourtID, AccusedMasterID, IsAccused, IsComplainantAccused) VALUES (201, 267, 2, '2025-02-05', 1, 26, 25, 18, 34, 614, TRUE, FALSE);
INSERT INTO inv_arrestsurrenderaccused (ArrestSurrenderID, AccusedMasterID) VALUES (201, 614);
INSERT INTO Inv_OccuranceTime (CaseMasterID, OccuranceFromDate, OccuranceToDate, PlaceOfOccurance, latitude, longitude) VALUES (267, '2025-01-30T17:26:00', '2025-01-30T21:26:00', 'Chander Road, Yadgir', 12.9358624, 77.6622232);
INSERT INTO ChargesheetDetails (CSID, CaseMasterID, csdate, cstype, PolicePersonID) VALUES (74, 267, '2025-04-26', 'A', 28);

INSERT INTO CaseMaster (CaseMasterID, CrimeNo, CaseNo, CrimeRegisteredDate, PolicePersonID, PoliceStationID, CaseCategoryID, GravityOffenceID, CrimeMajorHeadID, CrimeMinorHeadID, CaseStatusID, CourtID, IncidentFromDate, IncidentToDate, InfoReceivedPSDate, latitude, longitude, BriefFacts) VALUES (268, '200130012202400001', '202400001', '2024-09-23', 13, 12, 2, 1, 3, 17, 1, 38, '2024-09-23T06:05:00', '2024-09-23T08:05:00', '2024-09-23T11:05:00', 15.2993102, 75.0418323, 'The complainant Faqid Gokhale, a shopkeeper at Luthra Ganj, Davanagere, reported that the accused Nakul Sarma along with others robbed the shop at knife-point on 2024-09-23 and fled with cash Rs. 100000 and valuables.');
INSERT INTO ComplainantDetails (ComplainantID, CaseMasterID, ComplainantName, AgeYear, OccupationID, ReligionID, CasteID, GenderID) VALUES (268, 268, 'Faqid Gokhale', 57, 8, 5, 3, 1);
INSERT INTO Victim (VictimMasterID, CaseMasterID, VictimName, AgeYear, GenderID, VictimPolice) VALUES (368, 268, 'Dipta Pandya', 49, 2, '0');
INSERT INTO Accused (AccusedMasterID, CaseMasterID, AccusedName, AgeYear, GenderID, PersonID) VALUES (615, 268, 'Nakul Sarma', 28, 1, 'A1');
INSERT INTO Accused (AccusedMasterID, CaseMasterID, AccusedName, AgeYear, GenderID, PersonID) VALUES (616, 268, 'Ranveer Tara', 54, 1, 'A2');
INSERT INTO ActSectionAssociation (CaseMasterID, ActID, SectionID, ActOrderID, SectionOrderID) VALUES (268, 'POCSO', '4', 1, 1);
INSERT INTO ActSectionAssociation (CaseMasterID, ActID, SectionID, ActOrderID, SectionOrderID) VALUES (268, 'NDPS', '20', 2, 2);
INSERT INTO ActSectionAssociation (CaseMasterID, ActID, SectionID, ActOrderID, SectionOrderID) VALUES (268, 'NDPS', '27', 3, 3);
INSERT INTO ArrestSurrender (ArrestSurrenderID, CaseMasterID, ArrestSurrenderTypeID, ArrestSurrenderDate, ArrestSurrenderStateId, ArrestSurrenderDistrictId, PoliceStationID, IOID, CourtID, AccusedMasterID, IsAccused, IsComplainantAccused) VALUES (202, 268, 1, '2024-11-14', 1, 13, 12, 26, 38, 615, TRUE, FALSE);
INSERT INTO inv_arrestsurrenderaccused (ArrestSurrenderID, AccusedMasterID) VALUES (202, 615);
INSERT INTO Inv_OccuranceTime (CaseMasterID, OccuranceFromDate, OccuranceToDate, PlaceOfOccurance, latitude, longitude) VALUES (268, '2024-09-23T06:05:00', '2024-09-23T08:05:00', 'Luthra Ganj, Davanagere', 15.2993102, 75.0418323);

INSERT INTO CaseMaster (CaseMasterID, CrimeNo, CaseNo, CrimeRegisteredDate, PolicePersonID, PoliceStationID, CaseCategoryID, GravityOffenceID, CrimeMajorHeadID, CrimeMinorHeadID, CaseStatusID, CourtID, IncidentFromDate, IncidentToDate, InfoReceivedPSDate, latitude, longitude, BriefFacts) VALUES (269, '200110010202500002', '202500002', '2025-09-28', 59, 10, 2, 1, 8, 43, 2, 40, '2025-09-28T11:40:00', '2025-09-28T13:40:00', '2025-09-28T23:40:00', 12.9594188, 77.5152936, 'A case of cheating was reported by Wyatt Lanka stating that the accused Ishani Dugal fraudulently obtained Rs. 5000 by promising a job in a government department. The accused collected money over a period of 7 months and disappeared.');
INSERT INTO ComplainantDetails (ComplainantID, CaseMasterID, ComplainantName, AgeYear, OccupationID, ReligionID, CasteID, GenderID) VALUES (269, 269, 'Wyatt Lanka', 34, 6, 3, 5, 2);
INSERT INTO Victim (VictimMasterID, CaseMasterID, VictimName, AgeYear, GenderID, VictimPolice) VALUES (369, 269, 'Veer Jain', 25, 3, '0');
INSERT INTO Victim (VictimMasterID, CaseMasterID, VictimName, AgeYear, GenderID, VictimPolice) VALUES (370, 269, 'Waida Ahuja', 32, 2, '0');
INSERT INTO Accused (AccusedMasterID, CaseMasterID, AccusedName, AgeYear, GenderID, PersonID) VALUES (617, 269, 'Ishani Dugal', 46, 2, 'A1');
INSERT INTO Accused (AccusedMasterID, CaseMasterID, AccusedName, AgeYear, GenderID, PersonID) VALUES (618, 269, 'Vasatika Prabhu', 31, 1, 'A2');
INSERT INTO ActSectionAssociation (CaseMasterID, ActID, SectionID, ActOrderID, SectionOrderID) VALUES (269, 'ITA', '66D', 1, 1);
INSERT INTO ArrestSurrender (ArrestSurrenderID, CaseMasterID, ArrestSurrenderTypeID, ArrestSurrenderDate, ArrestSurrenderStateId, ArrestSurrenderDistrictId, PoliceStationID, IOID, CourtID, AccusedMasterID, IsAccused, IsComplainantAccused) VALUES (203, 269, 1, '2025-11-17', 1, 11, 10, 7, 40, 617, TRUE, FALSE);
INSERT INTO inv_arrestsurrenderaccused (ArrestSurrenderID, AccusedMasterID) VALUES (203, 617);
INSERT INTO ArrestSurrender (ArrestSurrenderID, CaseMasterID, ArrestSurrenderTypeID, ArrestSurrenderDate, ArrestSurrenderStateId, ArrestSurrenderDistrictId, PoliceStationID, IOID, CourtID, AccusedMasterID, IsAccused, IsComplainantAccused) VALUES (204, 269, 1, '2025-10-12', 1, 11, 10, 72, 40, 618, TRUE, FALSE);
INSERT INTO inv_arrestsurrenderaccused (ArrestSurrenderID, AccusedMasterID) VALUES (204, 618);
INSERT INTO Inv_OccuranceTime (CaseMasterID, OccuranceFromDate, OccuranceToDate, PlaceOfOccurance, latitude, longitude) VALUES (269, '2025-09-28T11:40:00', '2025-09-28T13:40:00', 'Dar Zila, Raichur', 12.9594188, 77.5152936);
INSERT INTO ChargesheetDetails (CSID, CaseMasterID, csdate, cstype, PolicePersonID) VALUES (75, 269, '2026-02-27', 'A', 51);

INSERT INTO CaseMaster (CaseMasterID, CrimeNo, CaseNo, CrimeRegisteredDate, PolicePersonID, PoliceStationID, CaseCategoryID, GravityOffenceID, CrimeMajorHeadID, CrimeMinorHeadID, CaseStatusID, CourtID, IncidentFromDate, IncidentToDate, InfoReceivedPSDate, latitude, longitude, BriefFacts) VALUES (270, '800240023202500002', '202500002', '2025-05-24', 18, 23, 8, 1, 6, 34, 1, 15, '2025-05-24T19:34:00', '2025-05-24T19:34:00', '2025-05-24T22:34:00', 13.1833804, 74.2284118, 'On 2025-05-24, the Anti-Narcotics squad conducted a raid at Kapadia Marg, Chikkaballapura and seized 1000 grams of MDMA from the possession of the accused Aarush Nath. The accused was found to be part of a supply chain operating across Mysuru and Hassan.');
INSERT INTO ComplainantDetails (ComplainantID, CaseMasterID, ComplainantName, AgeYear, OccupationID, ReligionID, CasteID, GenderID) VALUES (270, 270, 'Anvi Swaminathan', 60, 3, 6, 3, 2);
INSERT INTO Victim (VictimMasterID, CaseMasterID, VictimName, AgeYear, GenderID, VictimPolice) VALUES (371, 270, 'Yasti Mammen', 40, 2, '1');
INSERT INTO Accused (AccusedMasterID, CaseMasterID, AccusedName, AgeYear, GenderID, PersonID) VALUES (619, 270, 'Aarush Nath', 19, 1, 'A1');
INSERT INTO Accused (AccusedMasterID, CaseMasterID, AccusedName, AgeYear, GenderID, PersonID) VALUES (620, 270, 'Chatura Vora', 19, 1, 'A2');
INSERT INTO Accused (AccusedMasterID, CaseMasterID, AccusedName, AgeYear, GenderID, PersonID) VALUES (621, 270, 'Vanya Zachariah', 55, 1, 'A3');
INSERT INTO ActSectionAssociation (CaseMasterID, ActID, SectionID, ActOrderID, SectionOrderID) VALUES (270, 'NDPS', '22', 1, 1);
INSERT INTO Inv_OccuranceTime (CaseMasterID, OccuranceFromDate, OccuranceToDate, PlaceOfOccurance, latitude, longitude) VALUES (270, '2025-05-24T19:34:00', '2025-05-24T19:34:00', 'Kapadia Marg, Chikkaballapura', 13.1833804, 74.2284118);

INSERT INTO CaseMaster (CaseMasterID, CrimeNo, CaseNo, CrimeRegisteredDate, PolicePersonID, PoliceStationID, CaseCategoryID, GravityOffenceID, CrimeMajorHeadID, CrimeMinorHeadID, CaseStatusID, CourtID, IncidentFromDate, IncidentToDate, InfoReceivedPSDate, latitude, longitude, BriefFacts) VALUES (271, '100160015202300001', '202300001', '2023-08-18', 69, 15, 1, 3, 1, 4, 3, 39, '2023-08-18T21:07:00', '2023-08-19T01:07:00', '2023-08-19T11:07:00', 12.3389975, 76.6362468, 'A case of cheating was reported by Meera Ghosh stating that the accused Jai Vasa fraudulently obtained Rs. 2500000 by promising a job in a government department. The accused collected money over a period of 11 months and disappeared.');
INSERT INTO ComplainantDetails (ComplainantID, CaseMasterID, ComplainantName, AgeYear, OccupationID, ReligionID, CasteID, GenderID) VALUES (271, 271, 'Meera Ghosh', 50, 2, 5, 4, 2);
INSERT INTO Victim (VictimMasterID, CaseMasterID, VictimName, AgeYear, GenderID, VictimPolice) VALUES (372, 271, 'Meera Ghosh', 11, 1, '0');
INSERT INTO Accused (AccusedMasterID, CaseMasterID, AccusedName, AgeYear, GenderID, PersonID) VALUES (622, 271, 'Jai Vasa', 42, 2, 'A1');
INSERT INTO Accused (AccusedMasterID, CaseMasterID, AccusedName, AgeYear, GenderID, PersonID) VALUES (623, 271, 'Advik Kade', 23, 2, 'A2');
INSERT INTO Accused (AccusedMasterID, CaseMasterID, AccusedName, AgeYear, GenderID, PersonID) VALUES (624, 271, 'Harrison Nanda', 35, 1, 'A3');
INSERT INTO Accused (AccusedMasterID, CaseMasterID, AccusedName, AgeYear, GenderID, PersonID) VALUES (625, 271, 'Aashi Grover', 54, 1, 'A4');
INSERT INTO ActSectionAssociation (CaseMasterID, ActID, SectionID, ActOrderID, SectionOrderID) VALUES (271, 'ITA', '66C', 1, 1);
INSERT INTO Inv_OccuranceTime (CaseMasterID, OccuranceFromDate, OccuranceToDate, PlaceOfOccurance, latitude, longitude) VALUES (271, '2023-08-18T21:07:00', '2023-08-19T01:07:00', 'Mutti Chowk, Mandya', 12.3389975, 76.6362468);

INSERT INTO CaseMaster (CaseMasterID, CrimeNo, CaseNo, CrimeRegisteredDate, PolicePersonID, PoliceStationID, CaseCategoryID, GravityOffenceID, CrimeMajorHeadID, CrimeMinorHeadID, CaseStatusID, CourtID, IncidentFromDate, IncidentToDate, InfoReceivedPSDate, latitude, longitude, BriefFacts) VALUES (272, '800090008202500001', '202500001', '2025-03-06', 42, 8, 8, 3, 8, 43, 1, 20, '2025-03-06T01:35:00', '2025-03-06T01:35:00', '2025-03-06T11:35:00', 16.9959794, 75.6889649, 'On 2025-03-06, the complainant Amruta Sinha reported that their car bearing registration number KA-05-BI-1769 was stolen from Pradhan Marg, Tumakuru. The vehicle was parked outside a shopping mall and was found missing when the complainant returned.');
INSERT INTO ComplainantDetails (ComplainantID, CaseMasterID, ComplainantName, AgeYear, OccupationID, ReligionID, CasteID, GenderID) VALUES (272, 272, 'Amruta Sinha', 55, 1, 3, 3, 1);
INSERT INTO Victim (VictimMasterID, CaseMasterID, VictimName, AgeYear, GenderID, VictimPolice) VALUES (373, 272, 'Jasmit Gour', 65, 2, '0');
INSERT INTO Accused (AccusedMasterID, CaseMasterID, AccusedName, AgeYear, GenderID, PersonID) VALUES (626, 272, 'Panini Kade', 30, 2, 'A1');
INSERT INTO ActSectionAssociation (CaseMasterID, ActID, SectionID, ActOrderID, SectionOrderID) VALUES (272, 'NDPS', '27', 1, 1);
INSERT INTO ActSectionAssociation (CaseMasterID, ActID, SectionID, ActOrderID, SectionOrderID) VALUES (272, 'IPC', '420', 2, 2);
INSERT INTO ActSectionAssociation (CaseMasterID, ActID, SectionID, ActOrderID, SectionOrderID) VALUES (272, 'POCSO', '4', 3, 3);
INSERT INTO ArrestSurrender (ArrestSurrenderID, CaseMasterID, ArrestSurrenderTypeID, ArrestSurrenderDate, ArrestSurrenderStateId, ArrestSurrenderDistrictId, PoliceStationID, IOID, CourtID, AccusedMasterID, IsAccused, IsComplainantAccused) VALUES (205, 272, 2, '2025-04-19', 1, 9, 8, 80, 20, 626, TRUE, FALSE);
INSERT INTO inv_arrestsurrenderaccused (ArrestSurrenderID, AccusedMasterID) VALUES (205, 626);
INSERT INTO Inv_OccuranceTime (CaseMasterID, OccuranceFromDate, OccuranceToDate, PlaceOfOccurance, latitude, longitude) VALUES (272, '2025-03-06T01:35:00', '2025-03-06T01:35:00', 'Pradhan Marg, Tumakuru', 16.9959794, 75.6889649);

INSERT INTO CaseMaster (CaseMasterID, CrimeNo, CaseNo, CrimeRegisteredDate, PolicePersonID, PoliceStationID, CaseCategoryID, GravityOffenceID, CrimeMajorHeadID, CrimeMinorHeadID, CaseStatusID, CourtID, IncidentFromDate, IncidentToDate, InfoReceivedPSDate, latitude, longitude, BriefFacts) VALUES (273, '300250024202400001', '202400001', '2024-08-17', 22, 24, 3, 3, 5, 27, 1, 2, '2024-08-17T23:46:00', '2024-08-18T03:46:00', '2024-08-18T09:46:00', 15.8507762, 74.4712787, 'The complainant Ati Seshadri reported domestic violence by husband Karan Karnik and in-laws. The accused demanded additional dowry of Rs. 100000 and subjected the complainant to physical and mental harassment since 2 years.');
INSERT INTO ComplainantDetails (ComplainantID, CaseMasterID, ComplainantName, AgeYear, OccupationID, ReligionID, CasteID, GenderID) VALUES (273, 273, 'Ati Seshadri', 43, 11, 5, 2, 2);
INSERT INTO Victim (VictimMasterID, CaseMasterID, VictimName, AgeYear, GenderID, VictimPolice) VALUES (374, 273, 'Ati Seshadri', 7, 3, '0');
INSERT INTO Accused (AccusedMasterID, CaseMasterID, AccusedName, AgeYear, GenderID, PersonID) VALUES (627, 273, 'Karan Karnik', 44, 2, 'A1');
INSERT INTO ActSectionAssociation (CaseMasterID, ActID, SectionID, ActOrderID, SectionOrderID) VALUES (273, 'IPC', '427', 1, 1);
INSERT INTO ActSectionAssociation (CaseMasterID, ActID, SectionID, ActOrderID, SectionOrderID) VALUES (273, 'NDPS', '27', 2, 2);
INSERT INTO ArrestSurrender (ArrestSurrenderID, CaseMasterID, ArrestSurrenderTypeID, ArrestSurrenderDate, ArrestSurrenderStateId, ArrestSurrenderDistrictId, PoliceStationID, IOID, CourtID, AccusedMasterID, IsAccused, IsComplainantAccused) VALUES (206, 273, 2, '2024-10-09', 1, 25, 24, 43, 2, 627, TRUE, FALSE);
INSERT INTO inv_arrestsurrenderaccused (ArrestSurrenderID, AccusedMasterID) VALUES (206, 627);
INSERT INTO Inv_OccuranceTime (CaseMasterID, OccuranceFromDate, OccuranceToDate, PlaceOfOccurance, latitude, longitude) VALUES (273, '2024-08-17T23:46:00', '2024-08-18T03:46:00', 'Madan Zila, Chikkamagaluru', 15.8507762, 74.4712787);

INSERT INTO CaseMaster (CaseMasterID, CrimeNo, CaseNo, CrimeRegisteredDate, PolicePersonID, PoliceStationID, CaseCategoryID, GravityOffenceID, CrimeMajorHeadID, CrimeMinorHeadID, CaseStatusID, CourtID, IncidentFromDate, IncidentToDate, InfoReceivedPSDate, latitude, longitude, BriefFacts) VALUES (274, '200160015202500002', '202500002', '2025-12-11', 79, 15, 2, 1, 8, 44, 3, 3, '2025-12-11T06:58:00', '2025-12-11T07:58:00', '2025-12-11T10:58:00', 13.0130601, 77.5928082, 'On 2025-12-11, the complainant Lakshmi Hayre reported that their car bearing registration number KA-52-DC-2549 was stolen from Desai Chowk, Mandya. The vehicle was parked outside the bus stand and was found missing when the complainant returned.');
INSERT INTO ComplainantDetails (ComplainantID, CaseMasterID, ComplainantName, AgeYear, OccupationID, ReligionID, CasteID, GenderID) VALUES (274, 274, 'Lakshmi Hayre', 27, 2, 5, 2, 1);
INSERT INTO Victim (VictimMasterID, CaseMasterID, VictimName, AgeYear, GenderID, VictimPolice) VALUES (375, 274, 'Mason Solanki', 30, 2, '0');
INSERT INTO Accused (AccusedMasterID, CaseMasterID, AccusedName, AgeYear, GenderID, PersonID) VALUES (628, 274, 'Patrick Sama', 38, 1, 'A1');
INSERT INTO Accused (AccusedMasterID, CaseMasterID, AccusedName, AgeYear, GenderID, PersonID) VALUES (629, 274, 'Samar Lalla', 20, 1, 'A2');
INSERT INTO ActSectionAssociation (CaseMasterID, ActID, SectionID, ActOrderID, SectionOrderID) VALUES (274, 'ITA', '66D', 1, 1);
INSERT INTO Inv_OccuranceTime (CaseMasterID, OccuranceFromDate, OccuranceToDate, PlaceOfOccurance, latitude, longitude) VALUES (274, '2025-12-11T06:58:00', '2025-12-11T07:58:00', 'Desai Chowk, Mandya', 13.0130601, 77.5928082);

INSERT INTO CaseMaster (CaseMasterID, CrimeNo, CaseNo, CrimeRegisteredDate, PolicePersonID, PoliceStationID, CaseCategoryID, GravityOffenceID, CrimeMajorHeadID, CrimeMinorHeadID, CaseStatusID, CourtID, IncidentFromDate, IncidentToDate, InfoReceivedPSDate, latitude, longitude, BriefFacts) VALUES (275, '100160015202600001', '202600001', '2026-07-09', 65, 15, 1, 4, 6, 36, 3, 34, '2026-07-09T00:51:00', '2026-07-09T00:51:00', '2026-07-09T09:51:00', 11.5747036, 74.8317297, 'The victim Vidhi Mital, aged 53, was assaulted by the accused Champak Rao near Gade Zila, Mandya on 2026-07-09 at approximately 3:00 PM. The accused used a sharp weapon causing grievous injuries. The victim was rushed to Manipal Hospital for treatment.');
INSERT INTO ComplainantDetails (ComplainantID, CaseMasterID, ComplainantName, AgeYear, OccupationID, ReligionID, CasteID, GenderID) VALUES (275, 275, 'Vidhi Mital', 45, 12, 5, 3, 1);
INSERT INTO Victim (VictimMasterID, CaseMasterID, VictimName, AgeYear, GenderID, VictimPolice) VALUES (376, 275, 'Vidhi Mital', 14, 2, '0');
INSERT INTO Victim (VictimMasterID, CaseMasterID, VictimName, AgeYear, GenderID, VictimPolice) VALUES (377, 275, 'Tanveer Kumar', 20, 3, '0');
INSERT INTO Accused (AccusedMasterID, CaseMasterID, AccusedName, AgeYear, GenderID, PersonID) VALUES (630, 275, 'Champak Rao', 24, 2, 'A1');
INSERT INTO Accused (AccusedMasterID, CaseMasterID, AccusedName, AgeYear, GenderID, PersonID) VALUES (631, 275, 'Gopal Sengupta', 43, 2, 'A2');
INSERT INTO ActSectionAssociation (CaseMasterID, ActID, SectionID, ActOrderID, SectionOrderID) VALUES (275, 'IPC', '147', 1, 1);
INSERT INTO ActSectionAssociation (CaseMasterID, ActID, SectionID, ActOrderID, SectionOrderID) VALUES (275, 'NDPS', '22', 2, 2);
INSERT INTO ArrestSurrender (ArrestSurrenderID, CaseMasterID, ArrestSurrenderTypeID, ArrestSurrenderDate, ArrestSurrenderStateId, ArrestSurrenderDistrictId, PoliceStationID, IOID, CourtID, AccusedMasterID, IsAccused, IsComplainantAccused) VALUES (207, 275, 1, '2026-08-16', 1, 16, 15, 10, 34, 630, TRUE, FALSE);
INSERT INTO inv_arrestsurrenderaccused (ArrestSurrenderID, AccusedMasterID) VALUES (207, 630);
INSERT INTO Inv_OccuranceTime (CaseMasterID, OccuranceFromDate, OccuranceToDate, PlaceOfOccurance, latitude, longitude) VALUES (275, '2026-07-09T00:51:00', '2026-07-09T00:51:00', 'Gade Zila, Mandya', 11.5747036, 74.8317297);

INSERT INTO CaseMaster (CaseMasterID, CrimeNo, CaseNo, CrimeRegisteredDate, PolicePersonID, PoliceStationID, CaseCategoryID, GravityOffenceID, CrimeMajorHeadID, CrimeMinorHeadID, CaseStatusID, CourtID, IncidentFromDate, IncidentToDate, InfoReceivedPSDate, latitude, longitude, BriefFacts) VALUES (276, '200160015202500003', '202500003', '2025-10-07', 36, 15, 2, 3, 3, 22, 2, 6, '2025-10-07T09:08:00', '2025-10-07T13:08:00', '2025-10-07T21:08:00', 12.9384227, 77.5016832, 'On 2025-10-07, at about 1:30 PM, the accused Jairaj Panchal along with 5 associates formed an unlawful assembly near Issac, Mandya and attacked the complainant Jalsa Parsa with lethal weapons resulting in injuries.');
INSERT INTO ComplainantDetails (ComplainantID, CaseMasterID, ComplainantName, AgeYear, OccupationID, ReligionID, CasteID, GenderID) VALUES (276, 276, 'Jalsa Parsa', 23, 7, 3, 4, 2);
INSERT INTO Victim (VictimMasterID, CaseMasterID, VictimName, AgeYear, GenderID, VictimPolice) VALUES (378, 276, 'Hemangini Bahri', 16, 1, '0');
INSERT INTO Victim (VictimMasterID, CaseMasterID, VictimName, AgeYear, GenderID, VictimPolice) VALUES (379, 276, 'Bhavani Pant', 63, 1, '0');
INSERT INTO Accused (AccusedMasterID, CaseMasterID, AccusedName, AgeYear, GenderID, PersonID) VALUES (632, 276, 'Jairaj Panchal', 24, 1, 'A1');
INSERT INTO Accused (AccusedMasterID, CaseMasterID, AccusedName, AgeYear, GenderID, PersonID) VALUES (633, 276, 'Yashvi Sura', 34, 2, 'A2');
INSERT INTO Accused (AccusedMasterID, CaseMasterID, AccusedName, AgeYear, GenderID, PersonID) VALUES (634, 276, 'Farhan Raj', 45, 1, 'A3');
INSERT INTO ActSectionAssociation (CaseMasterID, ActID, SectionID, ActOrderID, SectionOrderID) VALUES (276, 'IPC', '509', 1, 1);
INSERT INTO ActSectionAssociation (CaseMasterID, ActID, SectionID, ActOrderID, SectionOrderID) VALUES (276, 'ITA', '67', 2, 2);
INSERT INTO Inv_OccuranceTime (CaseMasterID, OccuranceFromDate, OccuranceToDate, PlaceOfOccurance, latitude, longitude) VALUES (276, '2025-10-07T09:08:00', '2025-10-07T13:08:00', 'Issac, Mandya', 12.9384227, 77.5016832);
INSERT INTO ChargesheetDetails (CSID, CaseMasterID, csdate, cstype, PolicePersonID) VALUES (76, 276, '2025-12-12', 'A', 80);

INSERT INTO CaseMaster (CaseMasterID, CrimeNo, CaseNo, CrimeRegisteredDate, PolicePersonID, PoliceStationID, CaseCategoryID, GravityOffenceID, CrimeMajorHeadID, CrimeMinorHeadID, CaseStatusID, CourtID, IncidentFromDate, IncidentToDate, InfoReceivedPSDate, latitude, longitude, BriefFacts) VALUES (277, '200180017202500001', '202500001', '2025-05-16', 34, 17, 2, 3, 1, 3, 1, 20, '2025-05-16T14:49:00', '2025-05-16T15:49:00', '2025-05-16T20:49:00', 11.5347131, 76.3751445, 'On 2025-05-16, the Anti-Narcotics squad conducted a raid at Buch Zila, Udupi and seized 1000 grams of ganja from the possession of the accused Oviya Ravel. The accused was found to be part of a supply chain operating across Kodagu and Vijayapura.');
INSERT INTO ComplainantDetails (ComplainantID, CaseMasterID, ComplainantName, AgeYear, OccupationID, ReligionID, CasteID, GenderID) VALUES (277, 277, 'Maanav Ganesh', 56, 3, 7, 3, 2);
INSERT INTO Victim (VictimMasterID, CaseMasterID, VictimName, AgeYear, GenderID, VictimPolice) VALUES (380, 277, 'Maanav Ganesh', 7, 3, '0');
INSERT INTO Accused (AccusedMasterID, CaseMasterID, AccusedName, AgeYear, GenderID, PersonID) VALUES (635, 277, 'Oviya Ravel', 55, 1, 'A1');
INSERT INTO Accused (AccusedMasterID, CaseMasterID, AccusedName, AgeYear, GenderID, PersonID) VALUES (636, 277, 'Hemal Kari', 54, 2, 'A2');
INSERT INTO Accused (AccusedMasterID, CaseMasterID, AccusedName, AgeYear, GenderID, PersonID) VALUES (637, 277, 'Edhitha Manne', 54, 2, 'A3');
INSERT INTO Accused (AccusedMasterID, CaseMasterID, AccusedName, AgeYear, GenderID, PersonID) VALUES (638, 277, 'Megha Madan', 36, 2, 'A4');
INSERT INTO Accused (AccusedMasterID, CaseMasterID, AccusedName, AgeYear, GenderID, PersonID) VALUES (639, 277, 'Aarush Nath', 36, 1, 'A5');
INSERT INTO ActSectionAssociation (CaseMasterID, ActID, SectionID, ActOrderID, SectionOrderID) VALUES (277, 'POCSO', '8', 1, 1);
INSERT INTO ActSectionAssociation (CaseMasterID, ActID, SectionID, ActOrderID, SectionOrderID) VALUES (277, 'ITA', '66C', 2, 2);
INSERT INTO ActSectionAssociation (CaseMasterID, ActID, SectionID, ActOrderID, SectionOrderID) VALUES (277, 'NDPS', '22', 3, 3);
INSERT INTO ArrestSurrender (ArrestSurrenderID, CaseMasterID, ArrestSurrenderTypeID, ArrestSurrenderDate, ArrestSurrenderStateId, ArrestSurrenderDistrictId, PoliceStationID, IOID, CourtID, AccusedMasterID, IsAccused, IsComplainantAccused) VALUES (208, 277, 1, '2025-06-21', 1, 18, 17, 23, 20, 635, TRUE, FALSE);
INSERT INTO inv_arrestsurrenderaccused (ArrestSurrenderID, AccusedMasterID) VALUES (208, 635);
INSERT INTO ArrestSurrender (ArrestSurrenderID, CaseMasterID, ArrestSurrenderTypeID, ArrestSurrenderDate, ArrestSurrenderStateId, ArrestSurrenderDistrictId, PoliceStationID, IOID, CourtID, AccusedMasterID, IsAccused, IsComplainantAccused) VALUES (209, 277, 1, '2025-07-11', 1, 18, 17, 14, 20, 637, TRUE, FALSE);
INSERT INTO inv_arrestsurrenderaccused (ArrestSurrenderID, AccusedMasterID) VALUES (209, 637);
INSERT INTO Inv_OccuranceTime (CaseMasterID, OccuranceFromDate, OccuranceToDate, PlaceOfOccurance, latitude, longitude) VALUES (277, '2025-05-16T14:49:00', '2025-05-16T15:49:00', 'Buch Zila, Udupi', 11.5347131, 76.3751445);

INSERT INTO CaseMaster (CaseMasterID, CrimeNo, CaseNo, CrimeRegisteredDate, PolicePersonID, PoliceStationID, CaseCategoryID, GravityOffenceID, CrimeMajorHeadID, CrimeMinorHeadID, CaseStatusID, CourtID, IncidentFromDate, IncidentToDate, InfoReceivedPSDate, latitude, longitude, BriefFacts) VALUES (278, '200280027202600001', '202600001', '2026-03-12', 29, 27, 2, 3, 2, 10, 3, 28, '2026-03-12T19:44:00', '2026-03-12T19:44:00', '2026-03-13T03:44:00', 12.8847715, 74.8383906, 'The victim Qarin Bajaj, aged 47, was assaulted by the accused Wahab Krishnamurthy near Kade Zila, Dharwad on 2026-03-12 at approximately 7:00 AM. The accused used a sharp weapon causing grievous injuries. The victim was rushed to Jayadeva Hospital for treatment.');
INSERT INTO ComplainantDetails (ComplainantID, CaseMasterID, ComplainantName, AgeYear, OccupationID, ReligionID, CasteID, GenderID) VALUES (278, 278, 'Shravya Sachdev', 28, 1, 7, 3, 1);
INSERT INTO Victim (VictimMasterID, CaseMasterID, VictimName, AgeYear, GenderID, VictimPolice) VALUES (381, 278, 'Qarin Bajaj', 57, 3, '0');
INSERT INTO Victim (VictimMasterID, CaseMasterID, VictimName, AgeYear, GenderID, VictimPolice) VALUES (382, 278, 'Mekhala Chauhan', 23, 3, '0');
INSERT INTO Accused (AccusedMasterID, CaseMasterID, AccusedName, AgeYear, GenderID, PersonID) VALUES (640, 278, 'Wahab Krishnamurthy', 19, 1, 'A1');
INSERT INTO Accused (AccusedMasterID, CaseMasterID, AccusedName, AgeYear, GenderID, PersonID) VALUES (641, 278, 'Devansh Solanki', 40, 1, 'A2');
INSERT INTO ActSectionAssociation (CaseMasterID, ActID, SectionID, ActOrderID, SectionOrderID) VALUES (278, 'POCSO', '4', 1, 1);
INSERT INTO ActSectionAssociation (CaseMasterID, ActID, SectionID, ActOrderID, SectionOrderID) VALUES (278, 'ITA', '67', 2, 2);
INSERT INTO ArrestSurrender (ArrestSurrenderID, CaseMasterID, ArrestSurrenderTypeID, ArrestSurrenderDate, ArrestSurrenderStateId, ArrestSurrenderDistrictId, PoliceStationID, IOID, CourtID, AccusedMasterID, IsAccused, IsComplainantAccused) VALUES (210, 278, 2, '2026-03-12', 1, 28, 27, 55, 28, 640, TRUE, FALSE);
INSERT INTO inv_arrestsurrenderaccused (ArrestSurrenderID, AccusedMasterID) VALUES (210, 640);
INSERT INTO Inv_OccuranceTime (CaseMasterID, OccuranceFromDate, OccuranceToDate, PlaceOfOccurance, latitude, longitude) VALUES (278, '2026-03-12T19:44:00', '2026-03-12T19:44:00', 'Kade Zila, Dharwad', 12.8847715, 74.8383906);

INSERT INTO CaseMaster (CaseMasterID, CrimeNo, CaseNo, CrimeRegisteredDate, PolicePersonID, PoliceStationID, CaseCategoryID, GravityOffenceID, CrimeMajorHeadID, CrimeMinorHeadID, CaseStatusID, CourtID, IncidentFromDate, IncidentToDate, InfoReceivedPSDate, latitude, longitude, BriefFacts) VALUES (279, '100230022202500003', '202500003', '2025-03-06', 19, 22, 1, 2, 6, 34, 1, 22, '2025-03-06T06:49:00', '2025-03-06T08:49:00', '2025-03-06T14:49:00', 16.7529524, 75.1336874, 'The complainant Mekhala Viswanathan reported domestic violence by husband Frado Ramakrishnan and in-laws. The accused demanded additional dowry of Rs. 25000 and subjected the complainant to physical and mental harassment since 4 years.');
INSERT INTO ComplainantDetails (ComplainantID, CaseMasterID, ComplainantName, AgeYear, OccupationID, ReligionID, CasteID, GenderID) VALUES (279, 279, 'Mekhala Viswanathan', 44, 7, 1, 1, 1);
INSERT INTO Victim (VictimMasterID, CaseMasterID, VictimName, AgeYear, GenderID, VictimPolice) VALUES (383, 279, 'Hemang Lala', 47, 1, '1');
INSERT INTO Victim (VictimMasterID, CaseMasterID, VictimName, AgeYear, GenderID, VictimPolice) VALUES (384, 279, 'Bhanumati Savant', 13, 2, '0');
INSERT INTO Accused (AccusedMasterID, CaseMasterID, AccusedName, AgeYear, GenderID, PersonID) VALUES (642, 279, 'Frado Ramakrishnan', 35, 1, 'A1');
INSERT INTO Accused (AccusedMasterID, CaseMasterID, AccusedName, AgeYear, GenderID, PersonID) VALUES (643, 279, 'Karan Vyas', 22, 2, 'A2');
INSERT INTO ActSectionAssociation (CaseMasterID, ActID, SectionID, ActOrderID, SectionOrderID) VALUES (279, 'ITA', '67', 1, 1);
INSERT INTO Inv_OccuranceTime (CaseMasterID, OccuranceFromDate, OccuranceToDate, PlaceOfOccurance, latitude, longitude) VALUES (279, '2025-03-06T06:49:00', '2025-03-06T08:49:00', 'Karnik Road, Ramanagara', 16.7529524, 75.1336874);

INSERT INTO CaseMaster (CaseMasterID, CrimeNo, CaseNo, CrimeRegisteredDate, PolicePersonID, PoliceStationID, CaseCategoryID, GravityOffenceID, CrimeMajorHeadID, CrimeMinorHeadID, CaseStatusID, CourtID, IncidentFromDate, IncidentToDate, InfoReceivedPSDate, latitude, longitude, BriefFacts) VALUES (280, '800080007202600001', '202600001', '2026-01-18', 75, 7, 8, 4, 8, 42, 2, 10, '2026-01-18T00:57:00', '2026-01-18T03:57:00', '2026-01-18T10:57:00', 15.3721632, 75.1638175, 'A case of cheating was reported by Bakhshi Parikh stating that the accused Sai Deshmukh fraudulently obtained Rs. 500000 by promising a job in a government department. The accused collected money over a period of 6 months and disappeared.');
INSERT INTO ComplainantDetails (ComplainantID, CaseMasterID, ComplainantName, AgeYear, OccupationID, ReligionID, CasteID, GenderID) VALUES (280, 280, 'Bakhshi Parikh', 58, 3, 7, 3, 1);
INSERT INTO Victim (VictimMasterID, CaseMasterID, VictimName, AgeYear, GenderID, VictimPolice) VALUES (385, 280, 'Vamakshi Sibal', 72, 3, '0');
INSERT INTO Accused (AccusedMasterID, CaseMasterID, AccusedName, AgeYear, GenderID, PersonID) VALUES (644, 280, 'Sai Deshmukh', 30, 1, 'A1');
INSERT INTO ActSectionAssociation (CaseMasterID, ActID, SectionID, ActOrderID, SectionOrderID) VALUES (280, 'ITA', '66C', 1, 1);
INSERT INTO ArrestSurrender (ArrestSurrenderID, CaseMasterID, ArrestSurrenderTypeID, ArrestSurrenderDate, ArrestSurrenderStateId, ArrestSurrenderDistrictId, PoliceStationID, IOID, CourtID, AccusedMasterID, IsAccused, IsComplainantAccused) VALUES (211, 280, 1, '2026-02-09', 1, 8, 7, 26, 10, 644, TRUE, FALSE);
INSERT INTO inv_arrestsurrenderaccused (ArrestSurrenderID, AccusedMasterID) VALUES (211, 644);
INSERT INTO Inv_OccuranceTime (CaseMasterID, OccuranceFromDate, OccuranceToDate, PlaceOfOccurance, latitude, longitude) VALUES (280, '2026-01-18T00:57:00', '2026-01-18T03:57:00', 'Goel Circle, Ballari', 15.3721632, 75.1638175);
INSERT INTO ChargesheetDetails (CSID, CaseMasterID, csdate, cstype, PolicePersonID) VALUES (77, 280, '2026-05-16', 'A', 52);

INSERT INTO CaseMaster (CaseMasterID, CrimeNo, CaseNo, CrimeRegisteredDate, PolicePersonID, PoliceStationID, CaseCategoryID, GravityOffenceID, CrimeMajorHeadID, CrimeMinorHeadID, CaseStatusID, CourtID, IncidentFromDate, IncidentToDate, InfoReceivedPSDate, latitude, longitude, BriefFacts) VALUES (281, '100160015202500001', '202500001', '2025-04-21', 70, 15, 1, 1, 5, 30, 1, 11, '2025-04-21T12:07:00', '2025-04-21T13:07:00', '2025-04-22T01:07:00', 12.0501621, 74.7352227, 'On 2025-04-21, at about 8:45 AM, the accused Gaurav Sathe along with 4 associates formed an unlawful assembly near Pau Road, Mandya and attacked the complainant Radhika Viswanathan with lethal weapons resulting in injuries.');
INSERT INTO ComplainantDetails (ComplainantID, CaseMasterID, ComplainantName, AgeYear, OccupationID, ReligionID, CasteID, GenderID) VALUES (281, 281, 'Radhika Viswanathan', 57, 11, 1, 2, 2);
INSERT INTO Victim (VictimMasterID, CaseMasterID, VictimName, AgeYear, GenderID, VictimPolice) VALUES (386, 281, 'Idika Subramaniam', 10, 1, '0');
INSERT INTO Accused (AccusedMasterID, CaseMasterID, AccusedName, AgeYear, GenderID, PersonID) VALUES (645, 281, 'Gaurav Sathe', 21, 1, 'A1');
INSERT INTO ActSectionAssociation (CaseMasterID, ActID, SectionID, ActOrderID, SectionOrderID) VALUES (281, 'NDPS', '27', 1, 1);
INSERT INTO ActSectionAssociation (CaseMasterID, ActID, SectionID, ActOrderID, SectionOrderID) VALUES (281, 'POCSO', '4', 2, 2);
INSERT INTO ArrestSurrender (ArrestSurrenderID, CaseMasterID, ArrestSurrenderTypeID, ArrestSurrenderDate, ArrestSurrenderStateId, ArrestSurrenderDistrictId, PoliceStationID, IOID, CourtID, AccusedMasterID, IsAccused, IsComplainantAccused) VALUES (212, 281, 2, '2025-06-17', 1, 16, 15, 64, 11, 645, TRUE, FALSE);
INSERT INTO inv_arrestsurrenderaccused (ArrestSurrenderID, AccusedMasterID) VALUES (212, 645);
INSERT INTO Inv_OccuranceTime (CaseMasterID, OccuranceFromDate, OccuranceToDate, PlaceOfOccurance, latitude, longitude) VALUES (281, '2025-04-21T12:07:00', '2025-04-21T13:07:00', 'Pau Road, Mandya', 12.0501621, 74.7352227);

INSERT INTO CaseMaster (CaseMasterID, CrimeNo, CaseNo, CrimeRegisteredDate, PolicePersonID, PoliceStationID, CaseCategoryID, GravityOffenceID, CrimeMajorHeadID, CrimeMinorHeadID, CaseStatusID, CourtID, IncidentFromDate, IncidentToDate, InfoReceivedPSDate, latitude, longitude, BriefFacts) VALUES (282, '800070006202400001', '202400001', '2024-10-07', 24, 6, 8, 1, 1, 1, 4, 41, '2024-10-07T05:06:00', '2024-10-07T06:06:00', '2024-10-07T10:06:00', 15.9021956, 74.4565912, 'A case of cheating was reported by Chavvi Anne stating that the accused Upasna Warrior fraudulently obtained Rs. 1000000 by promising a job in a government department. The accused collected money over a period of 9 months and disappeared.');
INSERT INTO ComplainantDetails (ComplainantID, CaseMasterID, ComplainantName, AgeYear, OccupationID, ReligionID, CasteID, GenderID) VALUES (282, 282, 'Chavvi Anne', 21, 11, 2, 5, 2);
INSERT INTO Victim (VictimMasterID, CaseMasterID, VictimName, AgeYear, GenderID, VictimPolice) VALUES (387, 282, 'Laban Padmanabhan', 7, 2, '0');
INSERT INTO Victim (VictimMasterID, CaseMasterID, VictimName, AgeYear, GenderID, VictimPolice) VALUES (388, 282, 'Chandani Andra', 74, 3, '0');
INSERT INTO Victim (VictimMasterID, CaseMasterID, VictimName, AgeYear, GenderID, VictimPolice) VALUES (389, 282, 'Brinda Kashyap', 56, 3, '0');
INSERT INTO Accused (AccusedMasterID, CaseMasterID, AccusedName, AgeYear, GenderID, PersonID) VALUES (646, 282, 'Upasna Warrior', 48, 1, 'A1');
INSERT INTO ActSectionAssociation (CaseMasterID, ActID, SectionID, ActOrderID, SectionOrderID) VALUES (282, 'ITA', '66C', 1, 1);
INSERT INTO Inv_OccuranceTime (CaseMasterID, OccuranceFromDate, OccuranceToDate, PlaceOfOccurance, latitude, longitude) VALUES (282, '2024-10-07T05:06:00', '2024-10-07T06:06:00', 'Swamy Nagar, Kalaburagi', 15.9021956, 74.4565912);

INSERT INTO CaseMaster (CaseMasterID, CrimeNo, CaseNo, CrimeRegisteredDate, PolicePersonID, PoliceStationID, CaseCategoryID, GravityOffenceID, CrimeMajorHeadID, CrimeMinorHeadID, CaseStatusID, CourtID, IncidentFromDate, IncidentToDate, InfoReceivedPSDate, latitude, longitude, BriefFacts) VALUES (283, '100130012202500001', '202500001', '2025-12-03', 1, 12, 1, 4, 6, 35, 1, 11, '2025-12-03T12:43:00', '2025-12-03T14:43:00', '2025-12-03T14:43:00', 15.3508572, 75.1499901, 'The deceased Megha Krish, aged 24, was found dead under suspicious circumstances at Lall Ganj, Davanagere on 2025-12-03. The investigation revealed that the accused Madhavi Radhakrishnan, who is a relative of the deceased, had a dispute over property worth Rs. 25000.');
INSERT INTO ComplainantDetails (ComplainantID, CaseMasterID, ComplainantName, AgeYear, OccupationID, ReligionID, CasteID, GenderID) VALUES (283, 283, 'Ranbir Sabharwal', 57, 9, 2, 4, 2);
INSERT INTO Victim (VictimMasterID, CaseMasterID, VictimName, AgeYear, GenderID, VictimPolice) VALUES (390, 283, 'Megha Krish', 7, 1, '0');
INSERT INTO Victim (VictimMasterID, CaseMasterID, VictimName, AgeYear, GenderID, VictimPolice) VALUES (391, 283, 'Pahal Khatri', 9, 2, '0');
INSERT INTO Accused (AccusedMasterID, CaseMasterID, AccusedName, AgeYear, GenderID, PersonID) VALUES (647, 283, 'Madhavi Radhakrishnan', 32, 2, 'A1');
INSERT INTO Accused (AccusedMasterID, CaseMasterID, AccusedName, AgeYear, GenderID, PersonID) VALUES (648, 283, 'Bhavani Wali', 34, 2, 'A2');
INSERT INTO Accused (AccusedMasterID, CaseMasterID, AccusedName, AgeYear, GenderID, PersonID) VALUES (649, 283, 'Nitara Guha', 37, 2, 'A3');
INSERT INTO Accused (AccusedMasterID, CaseMasterID, AccusedName, AgeYear, GenderID, PersonID) VALUES (650, 283, 'Qabil Deshpande', 50, 1, 'A4');
INSERT INTO Accused (AccusedMasterID, CaseMasterID, AccusedName, AgeYear, GenderID, PersonID) VALUES (651, 283, 'Indrajit Shah', 36, 2, 'A5');
INSERT INTO ActSectionAssociation (CaseMasterID, ActID, SectionID, ActOrderID, SectionOrderID) VALUES (283, 'ITA', '66', 1, 1);
INSERT INTO ArrestSurrender (ArrestSurrenderID, CaseMasterID, ArrestSurrenderTypeID, ArrestSurrenderDate, ArrestSurrenderStateId, ArrestSurrenderDistrictId, PoliceStationID, IOID, CourtID, AccusedMasterID, IsAccused, IsComplainantAccused) VALUES (213, 283, 2, '2026-01-29', 1, 13, 12, 58, 11, 648, TRUE, FALSE);
INSERT INTO inv_arrestsurrenderaccused (ArrestSurrenderID, AccusedMasterID) VALUES (213, 648);
INSERT INTO Inv_OccuranceTime (CaseMasterID, OccuranceFromDate, OccuranceToDate, PlaceOfOccurance, latitude, longitude) VALUES (283, '2025-12-03T12:43:00', '2025-12-03T14:43:00', 'Lall Ganj, Davanagere', 15.3508572, 75.1499901);

INSERT INTO CaseMaster (CaseMasterID, CrimeNo, CaseNo, CrimeRegisteredDate, PolicePersonID, PoliceStationID, CaseCategoryID, GravityOffenceID, CrimeMajorHeadID, CrimeMinorHeadID, CaseStatusID, CourtID, IncidentFromDate, IncidentToDate, InfoReceivedPSDate, latitude, longitude, BriefFacts) VALUES (284, '400170016202500002', '202500002', '2025-05-21', 26, 16, 4, 2, 1, 2, 6, 29, '2025-05-21T20:42:00', '2025-05-21T23:42:00', '2025-05-22T06:42:00', 12.9892353, 77.5904859, 'On 2025-05-21, the Anti-Narcotics squad conducted a raid at Manda Zila, Kodagu and seized 50 grams of MDMA from the possession of the accused Anthony Grewal. The accused was found to be part of a supply chain operating across Koppal and Belagavi.');
INSERT INTO ComplainantDetails (ComplainantID, CaseMasterID, ComplainantName, AgeYear, OccupationID, ReligionID, CasteID, GenderID) VALUES (284, 284, 'Vyanjana Guha', 63, 8, 3, 1, 2);
INSERT INTO Victim (VictimMasterID, CaseMasterID, VictimName, AgeYear, GenderID, VictimPolice) VALUES (392, 284, 'Anirudh Doshi', 51, 2, '0');
INSERT INTO Victim (VictimMasterID, CaseMasterID, VictimName, AgeYear, GenderID, VictimPolice) VALUES (393, 284, 'Jeremiah Sarma', 47, 3, '0');
INSERT INTO Accused (AccusedMasterID, CaseMasterID, AccusedName, AgeYear, GenderID, PersonID) VALUES (652, 284, 'Anthony Grewal', 25, 1, 'A1');
INSERT INTO ActSectionAssociation (CaseMasterID, ActID, SectionID, ActOrderID, SectionOrderID) VALUES (284, 'NDPS', '27', 1, 1);
INSERT INTO ActSectionAssociation (CaseMasterID, ActID, SectionID, ActOrderID, SectionOrderID) VALUES (284, 'POCSO', '6', 2, 2);
INSERT INTO ArrestSurrender (ArrestSurrenderID, CaseMasterID, ArrestSurrenderTypeID, ArrestSurrenderDate, ArrestSurrenderStateId, ArrestSurrenderDistrictId, PoliceStationID, IOID, CourtID, AccusedMasterID, IsAccused, IsComplainantAccused) VALUES (214, 284, 2, '2025-06-19', 1, 17, 16, 26, 29, 652, TRUE, FALSE);
INSERT INTO inv_arrestsurrenderaccused (ArrestSurrenderID, AccusedMasterID) VALUES (214, 652);
INSERT INTO Inv_OccuranceTime (CaseMasterID, OccuranceFromDate, OccuranceToDate, PlaceOfOccurance, latitude, longitude) VALUES (284, '2025-05-21T20:42:00', '2025-05-21T23:42:00', 'Manda Zila, Kodagu', 12.9892353, 77.5904859);

INSERT INTO CaseMaster (CaseMasterID, CrimeNo, CaseNo, CrimeRegisteredDate, PolicePersonID, PoliceStationID, CaseCategoryID, GravityOffenceID, CrimeMajorHeadID, CrimeMinorHeadID, CaseStatusID, CourtID, IncidentFromDate, IncidentToDate, InfoReceivedPSDate, latitude, longitude, BriefFacts) VALUES (285, '200130012202500001', '202500001', '2025-09-17', 79, 12, 2, 3, 2, 12, 2, 41, '2025-09-17T08:50:00', '2025-09-17T11:50:00', '2025-09-17T14:50:00', 16.2846791, 77.3271224, 'The complainant Gautam Dora, a shopkeeper at Salvi Path, Davanagere, reported that the accused Amara Dutta along with others robbed the shop at knife-point on 2025-09-17 and fled with cash Rs. 10000 and valuables.');
INSERT INTO ComplainantDetails (ComplainantID, CaseMasterID, ComplainantName, AgeYear, OccupationID, ReligionID, CasteID, GenderID) VALUES (285, 285, 'Gautam Dora', 57, 8, 7, 2, 2);
INSERT INTO Victim (VictimMasterID, CaseMasterID, VictimName, AgeYear, GenderID, VictimPolice) VALUES (394, 285, 'Wakeeta Kalla', 52, 1, '0');
INSERT INTO Accused (AccusedMasterID, CaseMasterID, AccusedName, AgeYear, GenderID, PersonID) VALUES (653, 285, 'Amara Dutta', 50, 1, 'A1');
INSERT INTO Accused (AccusedMasterID, CaseMasterID, AccusedName, AgeYear, GenderID, PersonID) VALUES (654, 285, 'Wishi Prabhu', 43, 2, 'A2');
INSERT INTO Accused (AccusedMasterID, CaseMasterID, AccusedName, AgeYear, GenderID, PersonID) VALUES (655, 285, 'Azad Narayanan', 49, 2, 'A3');
INSERT INTO Accused (AccusedMasterID, CaseMasterID, AccusedName, AgeYear, GenderID, PersonID) VALUES (656, 285, 'Madhav Bhalla', 53, 2, 'A4');
INSERT INTO Accused (AccusedMasterID, CaseMasterID, AccusedName, AgeYear, GenderID, PersonID) VALUES (657, 285, 'Krish Lalla', 49, 2, 'A5');
INSERT INTO ActSectionAssociation (CaseMasterID, ActID, SectionID, ActOrderID, SectionOrderID) VALUES (285, 'NDPS', '20', 1, 1);
INSERT INTO ActSectionAssociation (CaseMasterID, ActID, SectionID, ActOrderID, SectionOrderID) VALUES (285, 'NDPS', '22', 2, 2);
INSERT INTO Inv_OccuranceTime (CaseMasterID, OccuranceFromDate, OccuranceToDate, PlaceOfOccurance, latitude, longitude) VALUES (285, '2025-09-17T08:50:00', '2025-09-17T11:50:00', 'Salvi Path, Davanagere', 16.2846791, 77.3271224);
INSERT INTO ChargesheetDetails (CSID, CaseMasterID, csdate, cstype, PolicePersonID) VALUES (78, 285, '2025-11-16', 'A', 66);

INSERT INTO CaseMaster (CaseMasterID, CrimeNo, CaseNo, CrimeRegisteredDate, PolicePersonID, PoliceStationID, CaseCategoryID, GravityOffenceID, CrimeMajorHeadID, CrimeMinorHeadID, CaseStatusID, CourtID, IncidentFromDate, IncidentToDate, InfoReceivedPSDate, latitude, longitude, BriefFacts) VALUES (286, '800040003202400003', '202400003', '2024-05-01', 15, 3, 8, 4, 7, 39, 2, 4, '2024-05-01T01:05:00', '2024-05-01T03:05:00', '2024-05-01T06:05:00', 15.3302438, 75.1044963, 'The deceased Rehaan Krishna, aged 24, was found dead under suspicious circumstances at Arora Marg, Mangaluru (DK) on 2024-05-01. The investigation revealed that the accused Abhiram Mistry, who is a relative of the deceased, had a dispute over property worth Rs. 50000.');
INSERT INTO ComplainantDetails (ComplainantID, CaseMasterID, ComplainantName, AgeYear, OccupationID, ReligionID, CasteID, GenderID) VALUES (286, 286, 'Ekbal Singhal', 59, 9, 7, 2, 1);
INSERT INTO Victim (VictimMasterID, CaseMasterID, VictimName, AgeYear, GenderID, VictimPolice) VALUES (395, 286, 'Rehaan Krishna', 16, 1, '0');
INSERT INTO Accused (AccusedMasterID, CaseMasterID, AccusedName, AgeYear, GenderID, PersonID) VALUES (658, 286, 'Abhiram Mistry', 42, 1, 'A1');
INSERT INTO ActSectionAssociation (CaseMasterID, ActID, SectionID, ActOrderID, SectionOrderID) VALUES (286, 'ITA', '66', 1, 1);
INSERT INTO ActSectionAssociation (CaseMasterID, ActID, SectionID, ActOrderID, SectionOrderID) VALUES (286, 'NDPS', '22', 2, 2);
INSERT INTO ActSectionAssociation (CaseMasterID, ActID, SectionID, ActOrderID, SectionOrderID) VALUES (286, 'IPC', '392', 3, 3);
INSERT INTO ArrestSurrender (ArrestSurrenderID, CaseMasterID, ArrestSurrenderTypeID, ArrestSurrenderDate, ArrestSurrenderStateId, ArrestSurrenderDistrictId, PoliceStationID, IOID, CourtID, AccusedMasterID, IsAccused, IsComplainantAccused) VALUES (215, 286, 1, '2024-05-26', 1, 4, 3, 18, 4, 658, TRUE, FALSE);
INSERT INTO inv_arrestsurrenderaccused (ArrestSurrenderID, AccusedMasterID) VALUES (215, 658);
INSERT INTO Inv_OccuranceTime (CaseMasterID, OccuranceFromDate, OccuranceToDate, PlaceOfOccurance, latitude, longitude) VALUES (286, '2024-05-01T01:05:00', '2024-05-01T03:05:00', 'Arora Marg, Mangaluru (DK)', 15.3302438, 75.1044963);
INSERT INTO ChargesheetDetails (CSID, CaseMasterID, csdate, cstype, PolicePersonID) VALUES (79, 286, '2024-08-23', 'A', 72);

INSERT INTO CaseMaster (CaseMasterID, CrimeNo, CaseNo, CrimeRegisteredDate, PolicePersonID, PoliceStationID, CaseCategoryID, GravityOffenceID, CrimeMajorHeadID, CrimeMinorHeadID, CaseStatusID, CourtID, IncidentFromDate, IncidentToDate, InfoReceivedPSDate, latitude, longitude, BriefFacts) VALUES (287, '400150014202300001', '202300001', '2023-11-24', 8, 14, 4, 3, 7, 38, 2, 29, '2023-11-24T15:45:00', '2023-11-24T17:45:00', '2023-11-25T01:45:00', 15.3555862, 75.1528806, 'The complainant Lekha Savant reported domestic violence by husband Girindra Verma and in-laws. The accused demanded additional dowry of Rs. 500000 and subjected the complainant to physical and mental harassment since 2 years.');
INSERT INTO ComplainantDetails (ComplainantID, CaseMasterID, ComplainantName, AgeYear, OccupationID, ReligionID, CasteID, GenderID) VALUES (287, 287, 'Lekha Savant', 64, 14, 3, 1, 1);
INSERT INTO Victim (VictimMasterID, CaseMasterID, VictimName, AgeYear, GenderID, VictimPolice) VALUES (396, 287, 'Bahadurjit Issac', 5, 1, '1');
INSERT INTO Victim (VictimMasterID, CaseMasterID, VictimName, AgeYear, GenderID, VictimPolice) VALUES (397, 287, 'Devika Naidu', 44, 2, '0');
INSERT INTO Victim (VictimMasterID, CaseMasterID, VictimName, AgeYear, GenderID, VictimPolice) VALUES (398, 287, 'Brijesh Verma', 34, 1, '0');
INSERT INTO Accused (AccusedMasterID, CaseMasterID, AccusedName, AgeYear, GenderID, PersonID) VALUES (659, 287, 'Girindra Verma', 25, 2, 'A1');
INSERT INTO ActSectionAssociation (CaseMasterID, ActID, SectionID, ActOrderID, SectionOrderID) VALUES (287, 'IPC', '376', 1, 1);
INSERT INTO ActSectionAssociation (CaseMasterID, ActID, SectionID, ActOrderID, SectionOrderID) VALUES (287, 'IPC', '397', 2, 2);
INSERT INTO ArrestSurrender (ArrestSurrenderID, CaseMasterID, ArrestSurrenderTypeID, ArrestSurrenderDate, ArrestSurrenderStateId, ArrestSurrenderDistrictId, PoliceStationID, IOID, CourtID, AccusedMasterID, IsAccused, IsComplainantAccused) VALUES (216, 287, 2, '2024-01-03', 1, 15, 14, 72, 29, 659, TRUE, FALSE);
INSERT INTO inv_arrestsurrenderaccused (ArrestSurrenderID, AccusedMasterID) VALUES (216, 659);
INSERT INTO Inv_OccuranceTime (CaseMasterID, OccuranceFromDate, OccuranceToDate, PlaceOfOccurance, latitude, longitude) VALUES (287, '2023-11-24T15:45:00', '2023-11-24T17:45:00', 'Solanki Ganj, Chitradurga', 15.3555862, 75.1528806);
INSERT INTO ChargesheetDetails (CSID, CaseMasterID, csdate, cstype, PolicePersonID) VALUES (80, 287, '2024-02-08', 'A', 13);

INSERT INTO CaseMaster (CaseMasterID, CrimeNo, CaseNo, CrimeRegisteredDate, PolicePersonID, PoliceStationID, CaseCategoryID, GravityOffenceID, CrimeMajorHeadID, CrimeMinorHeadID, CaseStatusID, CourtID, IncidentFromDate, IncidentToDate, InfoReceivedPSDate, latitude, longitude, BriefFacts) VALUES (288, '300110010202300001', '202300001', '2023-11-24', 37, 10, 3, 4, 4, 25, 2, 32, '2023-11-24T14:46:00', '2023-11-24T16:46:00', '2023-11-25T02:46:00', 12.2010259, 76.6891448, 'A case of cheating was reported by Chanchal Issac stating that the accused Warinder Saraf fraudulently obtained Rs. 100000 by promising a job in a government department. The accused collected money over a period of 4 months and disappeared.');
INSERT INTO ComplainantDetails (ComplainantID, CaseMasterID, ComplainantName, AgeYear, OccupationID, ReligionID, CasteID, GenderID) VALUES (288, 288, 'Chanchal Issac', 58, 5, 7, 1, 2);
INSERT INTO Victim (VictimMasterID, CaseMasterID, VictimName, AgeYear, GenderID, VictimPolice) VALUES (399, 288, 'Charles Kamdar', 12, 2, '0');
INSERT INTO Accused (AccusedMasterID, CaseMasterID, AccusedName, AgeYear, GenderID, PersonID) VALUES (660, 288, 'Warinder Saraf', 51, 1, 'A1');
INSERT INTO Accused (AccusedMasterID, CaseMasterID, AccusedName, AgeYear, GenderID, PersonID) VALUES (661, 288, 'Anya Dar', 49, 1, 'A2');
INSERT INTO Accused (AccusedMasterID, CaseMasterID, AccusedName, AgeYear, GenderID, PersonID) VALUES (662, 288, 'Xavier Andra', 53, 2, 'A3');
INSERT INTO Accused (AccusedMasterID, CaseMasterID, AccusedName, AgeYear, GenderID, PersonID) VALUES (663, 288, 'Vaishnavi Dubey', 52, 1, 'A4');
INSERT INTO ActSectionAssociation (CaseMasterID, ActID, SectionID, ActOrderID, SectionOrderID) VALUES (288, 'ITA', '66', 1, 1);
INSERT INTO ActSectionAssociation (CaseMasterID, ActID, SectionID, ActOrderID, SectionOrderID) VALUES (288, 'ITA', '66C', 2, 2);
INSERT INTO Inv_OccuranceTime (CaseMasterID, OccuranceFromDate, OccuranceToDate, PlaceOfOccurance, latitude, longitude) VALUES (288, '2023-11-24T14:46:00', '2023-11-24T16:46:00', 'Aurora Path, Raichur', 12.2010259, 76.6891448);
INSERT INTO ChargesheetDetails (CSID, CaseMasterID, csdate, cstype, PolicePersonID) VALUES (81, 288, '2024-03-22', 'A', 62);

INSERT INTO CaseMaster (CaseMasterID, CrimeNo, CaseNo, CrimeRegisteredDate, PolicePersonID, PoliceStationID, CaseCategoryID, GravityOffenceID, CrimeMajorHeadID, CrimeMinorHeadID, CaseStatusID, CourtID, IncidentFromDate, IncidentToDate, InfoReceivedPSDate, latitude, longitude, BriefFacts) VALUES (289, '400120011202400002', '202400002', '2024-08-24', 34, 11, 4, 3, 6, 36, 2, 31, '2024-08-24T10:09:00', '2024-08-24T14:09:00', '2024-08-24T15:09:00', 12.3734581, 76.5487486, 'The deceased Gavin Nigam, aged 42, was found dead under suspicious circumstances at Yadav Street, Vijayapura on 2024-08-24. The investigation revealed that the accused Darpan Parekh, who is a relative of the deceased, had a dispute over property worth Rs. 500000.');
INSERT INTO ComplainantDetails (ComplainantID, CaseMasterID, ComplainantName, AgeYear, OccupationID, ReligionID, CasteID, GenderID) VALUES (289, 289, 'Yuvraj Dugar', 65, 7, 5, 5, 1);
INSERT INTO Victim (VictimMasterID, CaseMasterID, VictimName, AgeYear, GenderID, VictimPolice) VALUES (400, 289, 'Gavin Nigam', 8, 2, '0');
INSERT INTO Victim (VictimMasterID, CaseMasterID, VictimName, AgeYear, GenderID, VictimPolice) VALUES (401, 289, 'Jeremiah Sura', 24, 3, '0');
INSERT INTO Victim (VictimMasterID, CaseMasterID, VictimName, AgeYear, GenderID, VictimPolice) VALUES (402, 289, 'Edhitha Palan', 32, 3, '0');
INSERT INTO Accused (AccusedMasterID, CaseMasterID, AccusedName, AgeYear, GenderID, PersonID) VALUES (664, 289, 'Darpan Parekh', 24, 2, 'A1');
INSERT INTO ActSectionAssociation (CaseMasterID, ActID, SectionID, ActOrderID, SectionOrderID) VALUES (289, 'IPC', '149', 1, 1);
INSERT INTO ActSectionAssociation (CaseMasterID, ActID, SectionID, ActOrderID, SectionOrderID) VALUES (289, 'POCSO', '4', 2, 2);
INSERT INTO ArrestSurrender (ArrestSurrenderID, CaseMasterID, ArrestSurrenderTypeID, ArrestSurrenderDate, ArrestSurrenderStateId, ArrestSurrenderDistrictId, PoliceStationID, IOID, CourtID, AccusedMasterID, IsAccused, IsComplainantAccused) VALUES (217, 289, 1, '2024-10-20', 1, 12, 11, 42, 31, 664, TRUE, FALSE);
INSERT INTO inv_arrestsurrenderaccused (ArrestSurrenderID, AccusedMasterID) VALUES (217, 664);
INSERT INTO Inv_OccuranceTime (CaseMasterID, OccuranceFromDate, OccuranceToDate, PlaceOfOccurance, latitude, longitude) VALUES (289, '2024-08-24T10:09:00', '2024-08-24T14:09:00', 'Yadav Street, Vijayapura', 12.3734581, 76.5487486);
INSERT INTO ChargesheetDetails (CSID, CaseMasterID, csdate, cstype, PolicePersonID) VALUES (82, 289, '2024-12-25', 'A', 32);

INSERT INTO CaseMaster (CaseMasterID, CrimeNo, CaseNo, CrimeRegisteredDate, PolicePersonID, PoliceStationID, CaseCategoryID, GravityOffenceID, CrimeMajorHeadID, CrimeMinorHeadID, CaseStatusID, CourtID, IncidentFromDate, IncidentToDate, InfoReceivedPSDate, latitude, longitude, BriefFacts) VALUES (290, '800290028202500001', '202500001', '2025-12-12', 70, 28, 8, 2, 3, 21, 2, 20, '2025-12-12T23:47:00', '2025-12-13T02:47:00', '2025-12-13T05:47:00', 12.8998474, 77.5995203, 'On 2025-12-12, the complainant Reyansh Bail reported that their car bearing registration number KA-29-TS-8189 was stolen from Baral Road, Uttara Kannada. The vehicle was parked outside a shopping mall and was found missing when the complainant returned.');
INSERT INTO ComplainantDetails (ComplainantID, CaseMasterID, ComplainantName, AgeYear, OccupationID, ReligionID, CasteID, GenderID) VALUES (290, 290, 'Reyansh Bail', 23, 11, 2, 5, 2);
INSERT INTO Victim (VictimMasterID, CaseMasterID, VictimName, AgeYear, GenderID, VictimPolice) VALUES (403, 290, 'Reyansh Bail', 68, 3, '0');
INSERT INTO Victim (VictimMasterID, CaseMasterID, VictimName, AgeYear, GenderID, VictimPolice) VALUES (404, 290, 'Raksha Menon', 67, 3, '0');
INSERT INTO Accused (AccusedMasterID, CaseMasterID, AccusedName, AgeYear, GenderID, PersonID) VALUES (665, 290, 'Ishita Desai', 55, 1, 'A1');
INSERT INTO ActSectionAssociation (CaseMasterID, ActID, SectionID, ActOrderID, SectionOrderID) VALUES (290, 'NDPS', '20', 1, 1);
INSERT INTO Inv_OccuranceTime (CaseMasterID, OccuranceFromDate, OccuranceToDate, PlaceOfOccurance, latitude, longitude) VALUES (290, '2025-12-12T23:47:00', '2025-12-13T02:47:00', 'Baral Road, Uttara Kannada', 12.8998474, 77.5995203);
INSERT INTO ChargesheetDetails (CSID, CaseMasterID, csdate, cstype, PolicePersonID) VALUES (83, 290, '2026-02-05', 'A', 18);

INSERT INTO CaseMaster (CaseMasterID, CrimeNo, CaseNo, CrimeRegisteredDate, PolicePersonID, PoliceStationID, CaseCategoryID, GravityOffenceID, CrimeMajorHeadID, CrimeMinorHeadID, CaseStatusID, CourtID, IncidentFromDate, IncidentToDate, InfoReceivedPSDate, latitude, longitude, BriefFacts) VALUES (291, '300140013202500001', '202500001', '2025-02-27', 7, 13, 3, 2, 2, 12, 1, 3, '2025-02-27T21:56:00', '2025-02-28T00:56:00', '2025-02-28T08:56:00', 12.7774752, 74.8488326, 'The deceased Ekiya Sidhu, aged 40, was found dead under suspicious circumstances at Dubey Circle, Hassan on 2025-02-27. The investigation revealed that the accused Naveen Biswas, who is a relative of the deceased, had a dispute over property worth Rs. 250000.');
INSERT INTO ComplainantDetails (ComplainantID, CaseMasterID, ComplainantName, AgeYear, OccupationID, ReligionID, CasteID, GenderID) VALUES (291, 291, 'Ranveer Grover', 44, 3, 7, 5, 2);
INSERT INTO Victim (VictimMasterID, CaseMasterID, VictimName, AgeYear, GenderID, VictimPolice) VALUES (405, 291, 'Ekiya Sidhu', 13, 2, '0');
INSERT INTO Accused (AccusedMasterID, CaseMasterID, AccusedName, AgeYear, GenderID, PersonID) VALUES (666, 291, 'Naveen Biswas', 31, 1, 'A1');
INSERT INTO ActSectionAssociation (CaseMasterID, ActID, SectionID, ActOrderID, SectionOrderID) VALUES (291, 'NDPS', '27', 1, 1);
INSERT INTO ArrestSurrender (ArrestSurrenderID, CaseMasterID, ArrestSurrenderTypeID, ArrestSurrenderDate, ArrestSurrenderStateId, ArrestSurrenderDistrictId, PoliceStationID, IOID, CourtID, AccusedMasterID, IsAccused, IsComplainantAccused) VALUES (218, 291, 2, '2025-03-04', 1, 14, 13, 26, 3, 666, TRUE, FALSE);
INSERT INTO inv_arrestsurrenderaccused (ArrestSurrenderID, AccusedMasterID) VALUES (218, 666);
INSERT INTO Inv_OccuranceTime (CaseMasterID, OccuranceFromDate, OccuranceToDate, PlaceOfOccurance, latitude, longitude) VALUES (291, '2025-02-27T21:56:00', '2025-02-28T00:56:00', 'Dubey Circle, Hassan', 12.7774752, 74.8488326);

INSERT INTO CaseMaster (CaseMasterID, CrimeNo, CaseNo, CrimeRegisteredDate, PolicePersonID, PoliceStationID, CaseCategoryID, GravityOffenceID, CrimeMajorHeadID, CrimeMinorHeadID, CaseStatusID, CourtID, IncidentFromDate, IncidentToDate, InfoReceivedPSDate, latitude, longitude, BriefFacts) VALUES (292, '400100009202400003', '202400003', '2024-11-17', 66, 9, 4, 2, 1, 4, 2, 13, '2024-11-17T02:13:00', '2024-11-17T06:13:00', '2024-11-17T13:13:00', 15.5358442, 78.4648029, 'A case of cheating was reported by Jeevika Setty stating that the accused Yashawini Raghavan fraudulently obtained Rs. 10000 by promising a job in a government department. The accused collected money over a period of 7 months and disappeared.');
INSERT INTO ComplainantDetails (ComplainantID, CaseMasterID, ComplainantName, AgeYear, OccupationID, ReligionID, CasteID, GenderID) VALUES (292, 292, 'Jeevika Setty', 63, 3, 1, 1, 2);
INSERT INTO Victim (VictimMasterID, CaseMasterID, VictimName, AgeYear, GenderID, VictimPolice) VALUES (406, 292, 'Jeevika Setty', 21, 1, '1');
INSERT INTO Accused (AccusedMasterID, CaseMasterID, AccusedName, AgeYear, GenderID, PersonID) VALUES (667, 292, 'Yashawini Raghavan', 20, 2, 'A1');
INSERT INTO Accused (AccusedMasterID, CaseMasterID, AccusedName, AgeYear, GenderID, PersonID) VALUES (668, 292, 'Krish Lalla', 51, 2, 'A2');
INSERT INTO ActSectionAssociation (CaseMasterID, ActID, SectionID, ActOrderID, SectionOrderID) VALUES (292, 'NDPS', '27', 1, 1);
INSERT INTO Inv_OccuranceTime (CaseMasterID, OccuranceFromDate, OccuranceToDate, PlaceOfOccurance, latitude, longitude) VALUES (292, '2024-11-17T02:13:00', '2024-11-17T06:13:00', 'Bahl Street, Shivamogga', 15.5358442, 78.4648029);
INSERT INTO ChargesheetDetails (CSID, CaseMasterID, csdate, cstype, PolicePersonID) VALUES (84, 292, '2025-02-09', 'A', 5);

INSERT INTO CaseMaster (CaseMasterID, CrimeNo, CaseNo, CrimeRegisteredDate, PolicePersonID, PoliceStationID, CaseCategoryID, GravityOffenceID, CrimeMajorHeadID, CrimeMinorHeadID, CaseStatusID, CourtID, IncidentFromDate, IncidentToDate, InfoReceivedPSDate, latitude, longitude, BriefFacts) VALUES (293, '300200019202500001', '202500001', '2025-05-23', 25, 19, 3, 4, 4, 25, 1, 35, '2025-05-23T09:49:00', '2025-05-23T13:49:00', '2025-05-23T14:49:00', 12.197466, 76.6677388, 'A case of cheating was reported by William Nagi stating that the accused Lila Gupta fraudulently obtained Rs. 2500000 by promising a job in a government department. The accused collected money over a period of 18 months and disappeared.');
INSERT INTO ComplainantDetails (ComplainantID, CaseMasterID, ComplainantName, AgeYear, OccupationID, ReligionID, CasteID, GenderID) VALUES (293, 293, 'William Nagi', 57, 7, 6, 3, 2);
INSERT INTO Victim (VictimMasterID, CaseMasterID, VictimName, AgeYear, GenderID, VictimPolice) VALUES (407, 293, 'William Nagi', 13, 3, '0');
INSERT INTO Victim (VictimMasterID, CaseMasterID, VictimName, AgeYear, GenderID, VictimPolice) VALUES (408, 293, 'Barkha Naidu', 5, 1, '0');
INSERT INTO Accused (AccusedMasterID, CaseMasterID, AccusedName, AgeYear, GenderID, PersonID) VALUES (669, 293, 'Lila Gupta', 40, 1, 'A1');
INSERT INTO Accused (AccusedMasterID, CaseMasterID, AccusedName, AgeYear, GenderID, PersonID) VALUES (670, 293, 'Ekanta Choudhry', 55, 2, 'A2');
INSERT INTO ActSectionAssociation (CaseMasterID, ActID, SectionID, ActOrderID, SectionOrderID) VALUES (293, 'IPC', '379', 1, 1);
INSERT INTO Inv_OccuranceTime (CaseMasterID, OccuranceFromDate, OccuranceToDate, PlaceOfOccurance, latitude, longitude) VALUES (293, '2025-05-23T09:49:00', '2025-05-23T13:49:00', 'Tank Circle, Haveri', 12.197466, 76.6677388);

INSERT INTO CaseMaster (CaseMasterID, CrimeNo, CaseNo, CrimeRegisteredDate, PolicePersonID, PoliceStationID, CaseCategoryID, GravityOffenceID, CrimeMajorHeadID, CrimeMinorHeadID, CaseStatusID, CourtID, IncidentFromDate, IncidentToDate, InfoReceivedPSDate, latitude, longitude, BriefFacts) VALUES (294, '100060005202300001', '202300001', '2023-10-27', 36, 5, 1, 2, 5, 28, 6, 36, '2023-10-27T04:13:00', '2023-10-27T04:13:00', '2023-10-27T08:13:00', 15.3002701, 75.1791203, 'A case of cheating was reported by Caleb Dayal stating that the accused Vedika Handa fraudulently obtained Rs. 500000 by promising a job in a government department. The accused collected money over a period of 13 months and disappeared.');
INSERT INTO ComplainantDetails (ComplainantID, CaseMasterID, ComplainantName, AgeYear, OccupationID, ReligionID, CasteID, GenderID) VALUES (294, 294, 'Caleb Dayal', 25, 14, 4, 5, 1);
INSERT INTO Victim (VictimMasterID, CaseMasterID, VictimName, AgeYear, GenderID, VictimPolice) VALUES (409, 294, 'Azad Jaggi', 21, 1, '0');
INSERT INTO Accused (AccusedMasterID, CaseMasterID, AccusedName, AgeYear, GenderID, PersonID) VALUES (671, 294, 'Vedika Handa', 24, 2, 'A1');
INSERT INTO Accused (AccusedMasterID, CaseMasterID, AccusedName, AgeYear, GenderID, PersonID) VALUES (672, 294, 'Vrishti Vora', 28, 1, 'A2');
INSERT INTO ActSectionAssociation (CaseMasterID, ActID, SectionID, ActOrderID, SectionOrderID) VALUES (294, 'POCSO', '4', 1, 1);
INSERT INTO ArrestSurrender (ArrestSurrenderID, CaseMasterID, ArrestSurrenderTypeID, ArrestSurrenderDate, ArrestSurrenderStateId, ArrestSurrenderDistrictId, PoliceStationID, IOID, CourtID, AccusedMasterID, IsAccused, IsComplainantAccused) VALUES (219, 294, 2, '2023-12-05', 1, 6, 5, 52, 36, 671, TRUE, FALSE);
INSERT INTO inv_arrestsurrenderaccused (ArrestSurrenderID, AccusedMasterID) VALUES (219, 671);
INSERT INTO Inv_OccuranceTime (CaseMasterID, OccuranceFromDate, OccuranceToDate, PlaceOfOccurance, latitude, longitude) VALUES (294, '2023-10-27T04:13:00', '2023-10-27T04:13:00', 'Balay Zila, Belagavi', 15.3002701, 75.1791203);

INSERT INTO CaseMaster (CaseMasterID, CrimeNo, CaseNo, CrimeRegisteredDate, PolicePersonID, PoliceStationID, CaseCategoryID, GravityOffenceID, CrimeMajorHeadID, CrimeMinorHeadID, CaseStatusID, CourtID, IncidentFromDate, IncidentToDate, InfoReceivedPSDate, latitude, longitude, BriefFacts) VALUES (295, '400200019202500001', '202500001', '2025-05-27', 58, 19, 4, 3, 5, 28, 5, 20, '2025-05-27T11:23:00', '2025-05-27T13:23:00', '2025-05-27T19:23:00', 14.096216, 76.655553, 'The complainant Chandran Peri reported domestic violence by husband Vyanjana Buch and in-laws. The accused demanded additional dowry of Rs. 100000 and subjected the complainant to physical and mental harassment since 5 years.');
INSERT INTO ComplainantDetails (ComplainantID, CaseMasterID, ComplainantName, AgeYear, OccupationID, ReligionID, CasteID, GenderID) VALUES (295, 295, 'Chandran Peri', 46, 8, 1, 4, 2);
INSERT INTO Victim (VictimMasterID, CaseMasterID, VictimName, AgeYear, GenderID, VictimPolice) VALUES (410, 295, 'Ekavir Arya', 16, 2, '0');
INSERT INTO Accused (AccusedMasterID, CaseMasterID, AccusedName, AgeYear, GenderID, PersonID) VALUES (673, 295, 'Vyanjana Buch', 52, 1, 'A1');
INSERT INTO Accused (AccusedMasterID, CaseMasterID, AccusedName, AgeYear, GenderID, PersonID) VALUES (674, 295, 'Ojasvi Pillay', 41, 2, 'A2');
INSERT INTO ActSectionAssociation (CaseMasterID, ActID, SectionID, ActOrderID, SectionOrderID) VALUES (295, 'NDPS', '27', 1, 1);
INSERT INTO ArrestSurrender (ArrestSurrenderID, CaseMasterID, ArrestSurrenderTypeID, ArrestSurrenderDate, ArrestSurrenderStateId, ArrestSurrenderDistrictId, PoliceStationID, IOID, CourtID, AccusedMasterID, IsAccused, IsComplainantAccused) VALUES (220, 295, 1, '2025-07-11', 1, 20, 19, 60, 20, 674, TRUE, FALSE);
INSERT INTO inv_arrestsurrenderaccused (ArrestSurrenderID, AccusedMasterID) VALUES (220, 674);
INSERT INTO Inv_OccuranceTime (CaseMasterID, OccuranceFromDate, OccuranceToDate, PlaceOfOccurance, latitude, longitude) VALUES (295, '2025-05-27T11:23:00', '2025-05-27T13:23:00', 'Bhat Chowk, Haveri', 14.096216, 76.655553);

INSERT INTO CaseMaster (CaseMasterID, CrimeNo, CaseNo, CrimeRegisteredDate, PolicePersonID, PoliceStationID, CaseCategoryID, GravityOffenceID, CrimeMajorHeadID, CrimeMinorHeadID, CaseStatusID, CourtID, IncidentFromDate, IncidentToDate, InfoReceivedPSDate, latitude, longitude, BriefFacts) VALUES (296, '100080007202500001', '202500001', '2025-11-30', 66, 7, 1, 1, 5, 27, 2, 16, '2025-11-30T09:23:00', '2025-11-30T13:23:00', '2025-11-30T17:23:00', 12.2308303, 76.7539062, 'A case of cheating was reported by Amaira Wadhwa stating that the accused Baghyawati Kade fraudulently obtained Rs. 500000 by promising a job in a government department. The accused collected money over a period of 13 months and disappeared.');
INSERT INTO ComplainantDetails (ComplainantID, CaseMasterID, ComplainantName, AgeYear, OccupationID, ReligionID, CasteID, GenderID) VALUES (296, 296, 'Amaira Wadhwa', 33, 4, 5, 1, 2);
INSERT INTO Victim (VictimMasterID, CaseMasterID, VictimName, AgeYear, GenderID, VictimPolice) VALUES (411, 296, 'Ekavir Modi', 30, 3, '0');
INSERT INTO Accused (AccusedMasterID, CaseMasterID, AccusedName, AgeYear, GenderID, PersonID) VALUES (675, 296, 'Baghyawati Kade', 46, 2, 'A1');
INSERT INTO Accused (AccusedMasterID, CaseMasterID, AccusedName, AgeYear, GenderID, PersonID) VALUES (676, 296, 'Harrison Kashyap', 43, 2, 'A2');
INSERT INTO Accused (AccusedMasterID, CaseMasterID, AccusedName, AgeYear, GenderID, PersonID) VALUES (677, 296, 'Ranveer Hans', 23, 2, 'A3');
INSERT INTO Accused (AccusedMasterID, CaseMasterID, AccusedName, AgeYear, GenderID, PersonID) VALUES (678, 296, 'Praneel Sagar', 51, 1, 'A4');
INSERT INTO ActSectionAssociation (CaseMasterID, ActID, SectionID, ActOrderID, SectionOrderID) VALUES (296, 'ITA', '66', 1, 1);
INSERT INTO ArrestSurrender (ArrestSurrenderID, CaseMasterID, ArrestSurrenderTypeID, ArrestSurrenderDate, ArrestSurrenderStateId, ArrestSurrenderDistrictId, PoliceStationID, IOID, CourtID, AccusedMasterID, IsAccused, IsComplainantAccused) VALUES (221, 296, 1, '2025-12-27', 1, 8, 7, 40, 16, 678, TRUE, FALSE);
INSERT INTO inv_arrestsurrenderaccused (ArrestSurrenderID, AccusedMasterID) VALUES (221, 678);
INSERT INTO ArrestSurrender (ArrestSurrenderID, CaseMasterID, ArrestSurrenderTypeID, ArrestSurrenderDate, ArrestSurrenderStateId, ArrestSurrenderDistrictId, PoliceStationID, IOID, CourtID, AccusedMasterID, IsAccused, IsComplainantAccused) VALUES (222, 296, 1, '2025-12-21', 1, 8, 7, 9, 16, 676, TRUE, FALSE);
INSERT INTO inv_arrestsurrenderaccused (ArrestSurrenderID, AccusedMasterID) VALUES (222, 676);
INSERT INTO Inv_OccuranceTime (CaseMasterID, OccuranceFromDate, OccuranceToDate, PlaceOfOccurance, latitude, longitude) VALUES (296, '2025-11-30T09:23:00', '2025-11-30T13:23:00', 'Kalita Zila, Ballari', 12.2308303, 76.7539062);
INSERT INTO ChargesheetDetails (CSID, CaseMasterID, csdate, cstype, PolicePersonID) VALUES (85, 296, '2026-01-28', 'A', 7);

INSERT INTO CaseMaster (CaseMasterID, CrimeNo, CaseNo, CrimeRegisteredDate, PolicePersonID, PoliceStationID, CaseCategoryID, GravityOffenceID, CrimeMajorHeadID, CrimeMinorHeadID, CaseStatusID, CourtID, IncidentFromDate, IncidentToDate, InfoReceivedPSDate, latitude, longitude, BriefFacts) VALUES (297, '400200019202500002', '202500002', '2025-10-08', 63, 19, 4, 4, 1, 8, 6, 3, '2025-10-08T17:04:00', '2025-10-08T21:04:00', '2025-10-09T09:04:00', 15.3108883, 75.0919177, 'The complainant Tara Sane reported domestic violence by husband Yamini Nazareth and in-laws. The accused demanded additional dowry of Rs. 10000 and subjected the complainant to physical and mental harassment since 5 years.');
INSERT INTO ComplainantDetails (ComplainantID, CaseMasterID, ComplainantName, AgeYear, OccupationID, ReligionID, CasteID, GenderID) VALUES (297, 297, 'Tara Sane', 45, 16, 6, 2, 1);
INSERT INTO Victim (VictimMasterID, CaseMasterID, VictimName, AgeYear, GenderID, VictimPolice) VALUES (412, 297, 'Ojas Gole', 61, 3, '0');
INSERT INTO Accused (AccusedMasterID, CaseMasterID, AccusedName, AgeYear, GenderID, PersonID) VALUES (679, 297, 'Yamini Nazareth', 53, 2, 'A1');
INSERT INTO Accused (AccusedMasterID, CaseMasterID, AccusedName, AgeYear, GenderID, PersonID) VALUES (680, 297, 'Lavanya Barad', 42, 1, 'A2');
INSERT INTO ActSectionAssociation (CaseMasterID, ActID, SectionID, ActOrderID, SectionOrderID) VALUES (297, 'NDPS', '22', 1, 1);
INSERT INTO ArrestSurrender (ArrestSurrenderID, CaseMasterID, ArrestSurrenderTypeID, ArrestSurrenderDate, ArrestSurrenderStateId, ArrestSurrenderDistrictId, PoliceStationID, IOID, CourtID, AccusedMasterID, IsAccused, IsComplainantAccused) VALUES (223, 297, 2, '2025-11-07', 1, 20, 19, 32, 3, 680, TRUE, FALSE);
INSERT INTO inv_arrestsurrenderaccused (ArrestSurrenderID, AccusedMasterID) VALUES (223, 680);
INSERT INTO Inv_OccuranceTime (CaseMasterID, OccuranceFromDate, OccuranceToDate, PlaceOfOccurance, latitude, longitude) VALUES (297, '2025-10-08T17:04:00', '2025-10-08T21:04:00', 'Walla Street, Haveri', 15.3108883, 75.0919177);

INSERT INTO CaseMaster (CaseMasterID, CrimeNo, CaseNo, CrimeRegisteredDate, PolicePersonID, PoliceStationID, CaseCategoryID, GravityOffenceID, CrimeMajorHeadID, CrimeMinorHeadID, CaseStatusID, CourtID, IncidentFromDate, IncidentToDate, InfoReceivedPSDate, latitude, longitude, BriefFacts) VALUES (298, '200280027202600002', '202600002', '2026-07-12', 23, 27, 2, 3, 5, 28, 1, 33, '2026-07-12T03:39:00', '2026-07-12T06:39:00', '2026-07-12T18:39:00', 15.6658494, 76.6228877, 'The complainant Indira Murty reported domestic violence by husband Kamya Sachar and in-laws. The accused demanded additional dowry of Rs. 1000000 and subjected the complainant to physical and mental harassment since 4 years.');
INSERT INTO ComplainantDetails (ComplainantID, CaseMasterID, ComplainantName, AgeYear, OccupationID, ReligionID, CasteID, GenderID) VALUES (298, 298, 'Indira Murty', 62, 1, 6, 3, 1);
INSERT INTO Victim (VictimMasterID, CaseMasterID, VictimName, AgeYear, GenderID, VictimPolice) VALUES (413, 298, 'Indira Murty', 74, 1, '0');
INSERT INTO Victim (VictimMasterID, CaseMasterID, VictimName, AgeYear, GenderID, VictimPolice) VALUES (414, 298, 'Tanish Prashad', 70, 3, '0');
INSERT INTO Accused (AccusedMasterID, CaseMasterID, AccusedName, AgeYear, GenderID, PersonID) VALUES (681, 298, 'Kamya Sachar', 55, 2, 'A1');
INSERT INTO Accused (AccusedMasterID, CaseMasterID, AccusedName, AgeYear, GenderID, PersonID) VALUES (682, 298, 'Jagvi Sethi', 25, 1, 'A2');
INSERT INTO Accused (AccusedMasterID, CaseMasterID, AccusedName, AgeYear, GenderID, PersonID) VALUES (683, 298, 'Mekhala Acharya', 19, 2, 'A3');
INSERT INTO Accused (AccusedMasterID, CaseMasterID, AccusedName, AgeYear, GenderID, PersonID) VALUES (684, 298, 'Bhavani Babu', 50, 1, 'A4');
INSERT INTO Accused (AccusedMasterID, CaseMasterID, AccusedName, AgeYear, GenderID, PersonID) VALUES (685, 298, 'Chasmum Ahuja', 22, 2, 'A5');
INSERT INTO ActSectionAssociation (CaseMasterID, ActID, SectionID, ActOrderID, SectionOrderID) VALUES (298, 'POCSO', '8', 1, 1);
INSERT INTO ActSectionAssociation (CaseMasterID, ActID, SectionID, ActOrderID, SectionOrderID) VALUES (298, 'NDPS', '20', 2, 2);
INSERT INTO Inv_OccuranceTime (CaseMasterID, OccuranceFromDate, OccuranceToDate, PlaceOfOccurance, latitude, longitude) VALUES (298, '2026-07-12T03:39:00', '2026-07-12T06:39:00', 'Naik Marg, Dharwad', 15.6658494, 76.6228877);

INSERT INTO CaseMaster (CaseMasterID, CrimeNo, CaseNo, CrimeRegisteredDate, PolicePersonID, PoliceStationID, CaseCategoryID, GravityOffenceID, CrimeMajorHeadID, CrimeMinorHeadID, CaseStatusID, CourtID, IncidentFromDate, IncidentToDate, InfoReceivedPSDate, latitude, longitude, BriefFacts) VALUES (299, '400300029202400002', '202400002', '2024-06-07', 46, 29, 4, 2, 6, 37, 7, 33, '2024-06-07T00:16:00', '2024-06-07T04:16:00', '2024-06-07T04:16:00', 12.9542892, 77.5902596, 'The victim Anya Vaidya, aged 29, was assaulted by the accused Girindra Barad near Parekh Chowk, Bidar on 2024-06-07 at approximately 4:45 AM. The accused used a sharp weapon causing grievous injuries. The victim was rushed to BGS Global Hospital for treatment.');
INSERT INTO ComplainantDetails (ComplainantID, CaseMasterID, ComplainantName, AgeYear, OccupationID, ReligionID, CasteID, GenderID) VALUES (299, 299, 'Tanish Murty', 47, 5, 4, 4, 2);
INSERT INTO Victim (VictimMasterID, CaseMasterID, VictimName, AgeYear, GenderID, VictimPolice) VALUES (415, 299, 'Anya Vaidya', 11, 2, '1');
INSERT INTO Accused (AccusedMasterID, CaseMasterID, AccusedName, AgeYear, GenderID, PersonID) VALUES (686, 299, 'Girindra Barad', 25, 2, 'A1');
INSERT INTO ActSectionAssociation (CaseMasterID, ActID, SectionID, ActOrderID, SectionOrderID) VALUES (299, 'ITA', '66', 1, 1);
INSERT INTO ArrestSurrender (ArrestSurrenderID, CaseMasterID, ArrestSurrenderTypeID, ArrestSurrenderDate, ArrestSurrenderStateId, ArrestSurrenderDistrictId, PoliceStationID, IOID, CourtID, AccusedMasterID, IsAccused, IsComplainantAccused) VALUES (224, 299, 1, '2024-08-03', 1, 30, 29, 23, 33, 686, TRUE, FALSE);
INSERT INTO inv_arrestsurrenderaccused (ArrestSurrenderID, AccusedMasterID) VALUES (224, 686);
INSERT INTO Inv_OccuranceTime (CaseMasterID, OccuranceFromDate, OccuranceToDate, PlaceOfOccurance, latitude, longitude) VALUES (299, '2024-06-07T00:16:00', '2024-06-07T04:16:00', 'Parekh Chowk, Bidar', 12.9542892, 77.5902596);

INSERT INTO CaseMaster (CaseMasterID, CrimeNo, CaseNo, CrimeRegisteredDate, PolicePersonID, PoliceStationID, CaseCategoryID, GravityOffenceID, CrimeMajorHeadID, CrimeMinorHeadID, CaseStatusID, CourtID, IncidentFromDate, IncidentToDate, InfoReceivedPSDate, latitude, longitude, BriefFacts) VALUES (300, '400110010202400001', '202400001', '2024-01-01', 71, 10, 4, 2, 3, 22, 3, 23, '2024-01-01T21:42:00', '2024-01-02T00:42:00', '2024-01-02T02:42:00', 15.7632849, 74.4494593, 'A cyber fraud was reported by Jeevika Krish. The accused posed as a bank official and obtained OTP and banking credentials through a phone call on 2024-01-01. An amount of Rs. 500000 was fraudulently transferred from the complainant''s account.');
INSERT INTO ComplainantDetails (ComplainantID, CaseMasterID, ComplainantName, AgeYear, OccupationID, ReligionID, CasteID, GenderID) VALUES (300, 300, 'Jeevika Krish', 20, 5, 5, 3, 1);
INSERT INTO Victim (VictimMasterID, CaseMasterID, VictimName, AgeYear, GenderID, VictimPolice) VALUES (416, 300, 'Jeevika Krish', 25, 2, '0');
INSERT INTO Accused (AccusedMasterID, CaseMasterID, AccusedName, AgeYear, GenderID, PersonID) VALUES (687, 300, 'Faqid Dixit', 44, 2, 'A1');
INSERT INTO ActSectionAssociation (CaseMasterID, ActID, SectionID, ActOrderID, SectionOrderID) VALUES (300, 'NDPS', '20', 1, 1);
INSERT INTO ActSectionAssociation (CaseMasterID, ActID, SectionID, ActOrderID, SectionOrderID) VALUES (300, 'NDPS', '22', 2, 2);
INSERT INTO ActSectionAssociation (CaseMasterID, ActID, SectionID, ActOrderID, SectionOrderID) VALUES (300, 'ITA', '66C', 3, 3);
INSERT INTO Inv_OccuranceTime (CaseMasterID, OccuranceFromDate, OccuranceToDate, PlaceOfOccurance, latitude, longitude) VALUES (300, '2024-01-01T21:42:00', '2024-01-02T00:42:00', 'Kunda Ganj, Raichur', 15.7632849, 74.4494593);

INSERT INTO CaseMaster (CaseMasterID, CrimeNo, CaseNo, CrimeRegisteredDate, PolicePersonID, PoliceStationID, CaseCategoryID, GravityOffenceID, CrimeMajorHeadID, CrimeMinorHeadID, CaseStatusID, CourtID, IncidentFromDate, IncidentToDate, InfoReceivedPSDate, latitude, longitude, BriefFacts) VALUES (301, '400060005202500001', '202500001', '2025-12-18', 34, 5, 4, 4, 5, 31, 1, 34, '2025-12-18T02:05:00', '2025-12-18T04:05:00', '2025-12-18T05:05:00', 12.8781064, 74.8468848, 'The complainant Mugdha Kalla, a shopkeeper at Sura Street, Belagavi, reported that the accused Ekta Subramanian along with others robbed the shop at knife-point on 2025-12-18 and fled with cash Rs. 25000 and valuables.');
INSERT INTO ComplainantDetails (ComplainantID, CaseMasterID, ComplainantName, AgeYear, OccupationID, ReligionID, CasteID, GenderID) VALUES (301, 301, 'Mugdha Kalla', 40, 4, 4, 3, 1);
INSERT INTO Victim (VictimMasterID, CaseMasterID, VictimName, AgeYear, GenderID, VictimPolice) VALUES (417, 301, 'Mugdha Kalla', 51, 2, '0');
INSERT INTO Victim (VictimMasterID, CaseMasterID, VictimName, AgeYear, GenderID, VictimPolice) VALUES (418, 301, 'Charita Barad', 68, 1, '0');
INSERT INTO Victim (VictimMasterID, CaseMasterID, VictimName, AgeYear, GenderID, VictimPolice) VALUES (419, 301, 'Farhan Bhalla', 17, 2, '0');
INSERT INTO Accused (AccusedMasterID, CaseMasterID, AccusedName, AgeYear, GenderID, PersonID) VALUES (688, 301, 'Ekta Subramanian', 30, 2, 'A1');
INSERT INTO ActSectionAssociation (CaseMasterID, ActID, SectionID, ActOrderID, SectionOrderID) VALUES (301, 'IPC', '452', 1, 1);
INSERT INTO ActSectionAssociation (CaseMasterID, ActID, SectionID, ActOrderID, SectionOrderID) VALUES (301, 'ITA', '67', 2, 2);
INSERT INTO Inv_OccuranceTime (CaseMasterID, OccuranceFromDate, OccuranceToDate, PlaceOfOccurance, latitude, longitude) VALUES (301, '2025-12-18T02:05:00', '2025-12-18T04:05:00', 'Sura Street, Belagavi', 12.8781064, 74.8468848);

INSERT INTO CaseMaster (CaseMasterID, CrimeNo, CaseNo, CrimeRegisteredDate, PolicePersonID, PoliceStationID, CaseCategoryID, GravityOffenceID, CrimeMajorHeadID, CrimeMinorHeadID, CaseStatusID, CourtID, IncidentFromDate, IncidentToDate, InfoReceivedPSDate, latitude, longitude, BriefFacts) VALUES (302, '400260025202600001', '202600001', '2026-04-19', 62, 25, 4, 1, 6, 34, 1, 17, '2026-04-19T17:34:00', '2026-04-19T17:34:00', '2026-04-19T23:34:00', 12.8698334, 74.7719588, 'The victim Jai Karan, aged 35, was assaulted by the accused Lavanya Bhagat near Viswanathan Road, Yadgir on 2026-04-19 at approximately 2:45 PM. The accused used a sharp weapon causing grievous injuries. The victim was rushed to Bowring Hospital for treatment.');
INSERT INTO ComplainantDetails (ComplainantID, CaseMasterID, ComplainantName, AgeYear, OccupationID, ReligionID, CasteID, GenderID) VALUES (302, 302, 'Ijaya Saraf', 35, 13, 6, 5, 2);
INSERT INTO Victim (VictimMasterID, CaseMasterID, VictimName, AgeYear, GenderID, VictimPolice) VALUES (420, 302, 'Jai Karan', 69, 2, '0');
INSERT INTO Accused (AccusedMasterID, CaseMasterID, AccusedName, AgeYear, GenderID, PersonID) VALUES (689, 302, 'Lavanya Bhagat', 23, 2, 'A1');
INSERT INTO Accused (AccusedMasterID, CaseMasterID, AccusedName, AgeYear, GenderID, PersonID) VALUES (690, 302, 'Eiravati Zacharia', 34, 2, 'A2');
INSERT INTO Accused (AccusedMasterID, CaseMasterID, AccusedName, AgeYear, GenderID, PersonID) VALUES (691, 302, 'Eta Thakkar', 21, 1, 'A3');
INSERT INTO ActSectionAssociation (CaseMasterID, ActID, SectionID, ActOrderID, SectionOrderID) VALUES (302, 'NDPS', '27', 1, 1);
INSERT INTO ArrestSurrender (ArrestSurrenderID, CaseMasterID, ArrestSurrenderTypeID, ArrestSurrenderDate, ArrestSurrenderStateId, ArrestSurrenderDistrictId, PoliceStationID, IOID, CourtID, AccusedMasterID, IsAccused, IsComplainantAccused) VALUES (225, 302, 2, '2026-06-12', 1, 26, 25, 47, 17, 689, TRUE, FALSE);
INSERT INTO inv_arrestsurrenderaccused (ArrestSurrenderID, AccusedMasterID) VALUES (225, 689);
INSERT INTO Inv_OccuranceTime (CaseMasterID, OccuranceFromDate, OccuranceToDate, PlaceOfOccurance, latitude, longitude) VALUES (302, '2026-04-19T17:34:00', '2026-04-19T17:34:00', 'Viswanathan Road, Yadgir', 12.8698334, 74.7719588);

INSERT INTO CaseMaster (CaseMasterID, CrimeNo, CaseNo, CrimeRegisteredDate, PolicePersonID, PoliceStationID, CaseCategoryID, GravityOffenceID, CrimeMajorHeadID, CrimeMinorHeadID, CaseStatusID, CourtID, IncidentFromDate, IncidentToDate, InfoReceivedPSDate, latitude, longitude, BriefFacts) VALUES (303, '200240023202500003', '202500003', '2025-08-16', 49, 23, 2, 1, 4, 23, 1, 31, '2025-08-16T17:51:00', '2025-08-16T20:51:00', '2025-08-16T23:51:00', 12.9812656, 77.661221, 'A case of cheating was reported by Chandresh Ramaswamy stating that the accused Rachana Mann fraudulently obtained Rs. 5000 by promising a job in a government department. The accused collected money over a period of 17 months and disappeared.');
INSERT INTO ComplainantDetails (ComplainantID, CaseMasterID, ComplainantName, AgeYear, OccupationID, ReligionID, CasteID, GenderID) VALUES (303, 303, 'Chandresh Ramaswamy', 38, 13, 4, 3, 2);
INSERT INTO Victim (VictimMasterID, CaseMasterID, VictimName, AgeYear, GenderID, VictimPolice) VALUES (421, 303, 'Yamini Chana', 57, 1, '0');
INSERT INTO Accused (AccusedMasterID, CaseMasterID, AccusedName, AgeYear, GenderID, PersonID) VALUES (692, 303, 'Rachana Mann', 28, 1, 'A1');
INSERT INTO Accused (AccusedMasterID, CaseMasterID, AccusedName, AgeYear, GenderID, PersonID) VALUES (693, 303, 'Gayathri Butala', 37, 2, 'A2');
INSERT INTO ActSectionAssociation (CaseMasterID, ActID, SectionID, ActOrderID, SectionOrderID) VALUES (303, 'POCSO', '6', 1, 1);
INSERT INTO ActSectionAssociation (CaseMasterID, ActID, SectionID, ActOrderID, SectionOrderID) VALUES (303, 'ITA', '66D', 2, 2);
INSERT INTO ArrestSurrender (ArrestSurrenderID, CaseMasterID, ArrestSurrenderTypeID, ArrestSurrenderDate, ArrestSurrenderStateId, ArrestSurrenderDistrictId, PoliceStationID, IOID, CourtID, AccusedMasterID, IsAccused, IsComplainantAccused) VALUES (226, 303, 2, '2025-10-05', 1, 24, 23, 41, 31, 693, TRUE, FALSE);
INSERT INTO inv_arrestsurrenderaccused (ArrestSurrenderID, AccusedMasterID) VALUES (226, 693);
INSERT INTO Inv_OccuranceTime (CaseMasterID, OccuranceFromDate, OccuranceToDate, PlaceOfOccurance, latitude, longitude) VALUES (303, '2025-08-16T17:51:00', '2025-08-16T20:51:00', 'Divan Marg, Chikkaballapura', 12.9812656, 77.661221);

INSERT INTO CaseMaster (CaseMasterID, CrimeNo, CaseNo, CrimeRegisteredDate, PolicePersonID, PoliceStationID, CaseCategoryID, GravityOffenceID, CrimeMajorHeadID, CrimeMinorHeadID, CaseStatusID, CourtID, IncidentFromDate, IncidentToDate, InfoReceivedPSDate, latitude, longitude, BriefFacts) VALUES (304, '200080007202400002', '202400002', '2024-12-16', 65, 7, 2, 1, 5, 28, 1, 24, '2024-12-16T20:11:00', '2024-12-16T23:11:00', '2024-12-17T04:11:00', 15.9118724, 74.4362157, 'On 2024-12-16, at about 10:30 PM, the accused Baghyawati Kade along with 3 associates formed an unlawful assembly near De Marg, Ballari and attacked the complainant Mohini Lala with lethal weapons resulting in injuries.');
INSERT INTO ComplainantDetails (ComplainantID, CaseMasterID, ComplainantName, AgeYear, OccupationID, ReligionID, CasteID, GenderID) VALUES (304, 304, 'Mohini Lala', 50, 16, 3, 4, 1);
INSERT INTO Victim (VictimMasterID, CaseMasterID, VictimName, AgeYear, GenderID, VictimPolice) VALUES (422, 304, 'Mohini Thaker', 13, 2, '1');
INSERT INTO Victim (VictimMasterID, CaseMasterID, VictimName, AgeYear, GenderID, VictimPolice) VALUES (423, 304, 'Vasana Hora', 15, 1, '0');
INSERT INTO Accused (AccusedMasterID, CaseMasterID, AccusedName, AgeYear, GenderID, PersonID) VALUES (694, 304, 'Baghyawati Kade', 23, 2, 'A1');
INSERT INTO Accused (AccusedMasterID, CaseMasterID, AccusedName, AgeYear, GenderID, PersonID) VALUES (695, 304, 'Megha Hayre', 50, 2, 'A2');
INSERT INTO Accused (AccusedMasterID, CaseMasterID, AccusedName, AgeYear, GenderID, PersonID) VALUES (696, 304, 'Xavier Bora', 51, 2, 'A3');
INSERT INTO Accused (AccusedMasterID, CaseMasterID, AccusedName, AgeYear, GenderID, PersonID) VALUES (697, 304, 'Qushi Naik', 18, 1, 'A4');
INSERT INTO Accused (AccusedMasterID, CaseMasterID, AccusedName, AgeYear, GenderID, PersonID) VALUES (698, 304, 'Prisha Andra', 51, 2, 'A5');
INSERT INTO ActSectionAssociation (CaseMasterID, ActID, SectionID, ActOrderID, SectionOrderID) VALUES (304, 'ITA', '66C', 1, 1);
INSERT INTO ActSectionAssociation (CaseMasterID, ActID, SectionID, ActOrderID, SectionOrderID) VALUES (304, 'NDPS', '20', 2, 2);
INSERT INTO ArrestSurrender (ArrestSurrenderID, CaseMasterID, ArrestSurrenderTypeID, ArrestSurrenderDate, ArrestSurrenderStateId, ArrestSurrenderDistrictId, PoliceStationID, IOID, CourtID, AccusedMasterID, IsAccused, IsComplainantAccused) VALUES (227, 304, 2, '2025-02-13', 1, 8, 7, 58, 24, 697, TRUE, FALSE);
INSERT INTO inv_arrestsurrenderaccused (ArrestSurrenderID, AccusedMasterID) VALUES (227, 697);
INSERT INTO ArrestSurrender (ArrestSurrenderID, CaseMasterID, ArrestSurrenderTypeID, ArrestSurrenderDate, ArrestSurrenderStateId, ArrestSurrenderDistrictId, PoliceStationID, IOID, CourtID, AccusedMasterID, IsAccused, IsComplainantAccused) VALUES (228, 304, 2, '2024-12-24', 1, 8, 7, 34, 24, 694, TRUE, FALSE);
INSERT INTO inv_arrestsurrenderaccused (ArrestSurrenderID, AccusedMasterID) VALUES (228, 694);
INSERT INTO Inv_OccuranceTime (CaseMasterID, OccuranceFromDate, OccuranceToDate, PlaceOfOccurance, latitude, longitude) VALUES (304, '2024-12-16T20:11:00', '2024-12-16T23:11:00', 'De Marg, Ballari', 15.9118724, 74.4362157);

INSERT INTO CaseMaster (CaseMasterID, CrimeNo, CaseNo, CrimeRegisteredDate, PolicePersonID, PoliceStationID, CaseCategoryID, GravityOffenceID, CrimeMajorHeadID, CrimeMinorHeadID, CaseStatusID, CourtID, IncidentFromDate, IncidentToDate, InfoReceivedPSDate, latitude, longitude, BriefFacts) VALUES (305, '200220021202500002', '202500002', '2025-08-02', 55, 21, 2, 1, 2, 10, 3, 11, '2025-08-02T15:21:00', '2025-08-02T16:21:00', '2025-08-02T22:21:00', 12.8678706, 74.9240327, 'A cyber fraud was reported by Isaiah Sachdev. The accused posed as a bank official and obtained OTP and banking credentials through a phone call on 2025-08-02. An amount of Rs. 25000 was fraudulently transferred from the complainant''s account.');
INSERT INTO ComplainantDetails (ComplainantID, CaseMasterID, ComplainantName, AgeYear, OccupationID, ReligionID, CasteID, GenderID) VALUES (305, 305, 'Isaiah Sachdev', 37, 2, 1, 4, 2);
INSERT INTO Victim (VictimMasterID, CaseMasterID, VictimName, AgeYear, GenderID, VictimPolice) VALUES (424, 305, 'Jasmit Pall', 52, 2, '0');
INSERT INTO Accused (AccusedMasterID, CaseMasterID, AccusedName, AgeYear, GenderID, PersonID) VALUES (699, 305, 'Ekani Padmanabhan', 27, 1, 'A1');
INSERT INTO ActSectionAssociation (CaseMasterID, ActID, SectionID, ActOrderID, SectionOrderID) VALUES (305, 'IPC', '324', 1, 1);
INSERT INTO Inv_OccuranceTime (CaseMasterID, OccuranceFromDate, OccuranceToDate, PlaceOfOccurance, latitude, longitude) VALUES (305, '2025-08-02T15:21:00', '2025-08-02T16:21:00', 'Bajwa, Bagalkot', 12.8678706, 74.9240327);

INSERT INTO CaseMaster (CaseMasterID, CrimeNo, CaseNo, CrimeRegisteredDate, PolicePersonID, PoliceStationID, CaseCategoryID, GravityOffenceID, CrimeMajorHeadID, CrimeMinorHeadID, CaseStatusID, CourtID, IncidentFromDate, IncidentToDate, InfoReceivedPSDate, latitude, longitude, BriefFacts) VALUES (306, '200010030202500001', '202500001', '2025-11-03', 58, 30, 2, 3, 6, 35, 2, 32, '2025-11-03T02:28:00', '2025-11-03T05:28:00', '2025-11-03T17:28:00', 15.8455302, 77.6701951, 'The complainant Inaya Sathe reported domestic violence by husband Ryan Prakash and in-laws. The accused demanded additional dowry of Rs. 5000 and subjected the complainant to physical and mental harassment since 5 years.');
INSERT INTO ComplainantDetails (ComplainantID, CaseMasterID, ComplainantName, AgeYear, OccupationID, ReligionID, CasteID, GenderID) VALUES (306, 306, 'Inaya Sathe', 44, 8, 7, 1, 2);
INSERT INTO Victim (VictimMasterID, CaseMasterID, VictimName, AgeYear, GenderID, VictimPolice) VALUES (425, 306, 'Ridhi Basu', 29, 1, '0');
INSERT INTO Accused (AccusedMasterID, CaseMasterID, AccusedName, AgeYear, GenderID, PersonID) VALUES (700, 306, 'Ryan Prakash', 32, 2, 'A1');
INSERT INTO Accused (AccusedMasterID, CaseMasterID, AccusedName, AgeYear, GenderID, PersonID) VALUES (701, 306, 'Chatura Kibe', 50, 1, 'A2');
INSERT INTO Accused (AccusedMasterID, CaseMasterID, AccusedName, AgeYear, GenderID, PersonID) VALUES (702, 306, 'Bhavna Atwal', 32, 2, 'A3');
INSERT INTO Accused (AccusedMasterID, CaseMasterID, AccusedName, AgeYear, GenderID, PersonID) VALUES (703, 306, 'Indrajit Mody', 37, 1, 'A4');
INSERT INTO Accused (AccusedMasterID, CaseMasterID, AccusedName, AgeYear, GenderID, PersonID) VALUES (704, 306, 'Lavanya Barad', 24, 1, 'A5');
INSERT INTO ActSectionAssociation (CaseMasterID, ActID, SectionID, ActOrderID, SectionOrderID) VALUES (306, 'ITA', '67', 1, 1);
INSERT INTO ActSectionAssociation (CaseMasterID, ActID, SectionID, ActOrderID, SectionOrderID) VALUES (306, 'ITA', '66D', 2, 2);
INSERT INTO ActSectionAssociation (CaseMasterID, ActID, SectionID, ActOrderID, SectionOrderID) VALUES (306, 'IPC', '457', 3, 3);
INSERT INTO ArrestSurrender (ArrestSurrenderID, CaseMasterID, ArrestSurrenderTypeID, ArrestSurrenderDate, ArrestSurrenderStateId, ArrestSurrenderDistrictId, PoliceStationID, IOID, CourtID, AccusedMasterID, IsAccused, IsComplainantAccused) VALUES (229, 306, 2, '2025-11-19', 1, 1, 30, 47, 32, 702, TRUE, FALSE);
INSERT INTO inv_arrestsurrenderaccused (ArrestSurrenderID, AccusedMasterID) VALUES (229, 702);
INSERT INTO Inv_OccuranceTime (CaseMasterID, OccuranceFromDate, OccuranceToDate, PlaceOfOccurance, latitude, longitude) VALUES (306, '2025-11-03T02:28:00', '2025-11-03T05:28:00', 'Chada Street, Bengaluru Urban', 15.8455302, 77.6701951);
INSERT INTO ChargesheetDetails (CSID, CaseMasterID, csdate, cstype, PolicePersonID) VALUES (86, 306, '2026-02-07', 'A', 34);

INSERT INTO CaseMaster (CaseMasterID, CrimeNo, CaseNo, CrimeRegisteredDate, PolicePersonID, PoliceStationID, CaseCategoryID, GravityOffenceID, CrimeMajorHeadID, CrimeMinorHeadID, CaseStatusID, CourtID, IncidentFromDate, IncidentToDate, InfoReceivedPSDate, latitude, longitude, BriefFacts) VALUES (307, '400030002202400003', '202400003', '2024-11-18', 69, 2, 4, 2, 6, 35, 5, 5, '2024-11-18T17:06:00', '2024-11-18T17:06:00', '2024-11-19T03:06:00', 12.8843615, 74.9189536, 'On 2024-11-18, at about 11:00 PM, the accused Vasudha Dhaliwal along with 6 associates formed an unlawful assembly near Puri Nagar, Mysuru and attacked the complainant Garima Kadakia with lethal weapons resulting in injuries.');
INSERT INTO ComplainantDetails (ComplainantID, CaseMasterID, ComplainantName, AgeYear, OccupationID, ReligionID, CasteID, GenderID) VALUES (307, 307, 'Garima Kadakia', 29, 2, 3, 3, 2);
INSERT INTO Victim (VictimMasterID, CaseMasterID, VictimName, AgeYear, GenderID, VictimPolice) VALUES (426, 307, 'Samar Virk', 22, 2, '0');
INSERT INTO Accused (AccusedMasterID, CaseMasterID, AccusedName, AgeYear, GenderID, PersonID) VALUES (705, 307, 'Vasudha Dhaliwal', 26, 2, 'A1');
INSERT INTO Accused (AccusedMasterID, CaseMasterID, AccusedName, AgeYear, GenderID, PersonID) VALUES (706, 307, 'Aadhya Garde', 20, 1, 'A2');
INSERT INTO Accused (AccusedMasterID, CaseMasterID, AccusedName, AgeYear, GenderID, PersonID) VALUES (707, 307, 'Bhanumati Iyer', 52, 2, 'A3');
INSERT INTO Accused (AccusedMasterID, CaseMasterID, AccusedName, AgeYear, GenderID, PersonID) VALUES (708, 307, 'Chatresh Shroff', 29, 2, 'A4');
INSERT INTO ActSectionAssociation (CaseMasterID, ActID, SectionID, ActOrderID, SectionOrderID) VALUES (307, 'NDPS', '27', 1, 1);
INSERT INTO Inv_OccuranceTime (CaseMasterID, OccuranceFromDate, OccuranceToDate, PlaceOfOccurance, latitude, longitude) VALUES (307, '2024-11-18T17:06:00', '2024-11-18T17:06:00', 'Puri Nagar, Mysuru', 12.8843615, 74.9189536);

INSERT INTO CaseMaster (CaseMasterID, CrimeNo, CaseNo, CrimeRegisteredDate, PolicePersonID, PoliceStationID, CaseCategoryID, GravityOffenceID, CrimeMajorHeadID, CrimeMinorHeadID, CaseStatusID, CourtID, IncidentFromDate, IncidentToDate, InfoReceivedPSDate, latitude, longitude, BriefFacts) VALUES (308, '800160015202500001', '202500001', '2025-06-30', 21, 15, 8, 2, 2, 16, 2, 7, '2025-06-30T15:01:00', '2025-06-30T18:01:00', '2025-06-30T20:01:00', 13.0446857, 77.5878445, 'A case of cheating was reported by Ekalinga Rama stating that the accused Brinda Raju fraudulently obtained Rs. 2500000 by promising a job in a government department. The accused collected money over a period of 7 months and disappeared.');
INSERT INTO ComplainantDetails (ComplainantID, CaseMasterID, ComplainantName, AgeYear, OccupationID, ReligionID, CasteID, GenderID) VALUES (308, 308, 'Ekalinga Rama', 53, 13, 4, 4, 2);
INSERT INTO Victim (VictimMasterID, CaseMasterID, VictimName, AgeYear, GenderID, VictimPolice) VALUES (427, 308, 'Jagvi Chokshi', 8, 3, '0');
INSERT INTO Accused (AccusedMasterID, CaseMasterID, AccusedName, AgeYear, GenderID, PersonID) VALUES (709, 308, 'Brinda Raju', 53, 2, 'A1');
INSERT INTO Accused (AccusedMasterID, CaseMasterID, AccusedName, AgeYear, GenderID, PersonID) VALUES (710, 308, 'Diya Sundaram', 25, 1, 'A2');
INSERT INTO ActSectionAssociation (CaseMasterID, ActID, SectionID, ActOrderID, SectionOrderID) VALUES (308, 'IPC', '457', 1, 1);
INSERT INTO ActSectionAssociation (CaseMasterID, ActID, SectionID, ActOrderID, SectionOrderID) VALUES (308, 'POCSO', '4', 2, 2);
INSERT INTO ActSectionAssociation (CaseMasterID, ActID, SectionID, ActOrderID, SectionOrderID) VALUES (308, 'POCSO', '6', 3, 3);
INSERT INTO Inv_OccuranceTime (CaseMasterID, OccuranceFromDate, OccuranceToDate, PlaceOfOccurance, latitude, longitude) VALUES (308, '2025-06-30T15:01:00', '2025-06-30T18:01:00', 'Rai Ganj, Mandya', 13.0446857, 77.5878445);
INSERT INTO ChargesheetDetails (CSID, CaseMasterID, csdate, cstype, PolicePersonID) VALUES (87, 308, '2025-10-11', 'A', 8);

INSERT INTO CaseMaster (CaseMasterID, CrimeNo, CaseNo, CrimeRegisteredDate, PolicePersonID, PoliceStationID, CaseCategoryID, GravityOffenceID, CrimeMajorHeadID, CrimeMinorHeadID, CaseStatusID, CourtID, IncidentFromDate, IncidentToDate, InfoReceivedPSDate, latitude, longitude, BriefFacts) VALUES (309, '200300029202600002', '202600002', '2026-02-17', 71, 29, 2, 3, 3, 21, 2, 42, '2026-02-17T15:17:00', '2026-02-17T18:17:00', '2026-02-18T06:17:00', 15.6274284, 77.3980272, 'A case of cheating was reported by Quincy Issac stating that the accused Dalaja Nath fraudulently obtained Rs. 250000 by promising a job in a government department. The accused collected money over a period of 3 months and disappeared.');
INSERT INTO ComplainantDetails (ComplainantID, CaseMasterID, ComplainantName, AgeYear, OccupationID, ReligionID, CasteID, GenderID) VALUES (309, 309, 'Quincy Issac', 37, 11, 6, 5, 2);
INSERT INTO Victim (VictimMasterID, CaseMasterID, VictimName, AgeYear, GenderID, VictimPolice) VALUES (428, 309, 'Anthony Baral', 14, 2, '1');
INSERT INTO Accused (AccusedMasterID, CaseMasterID, AccusedName, AgeYear, GenderID, PersonID) VALUES (711, 309, 'Dalaja Nath', 45, 2, 'A1');
INSERT INTO Accused (AccusedMasterID, CaseMasterID, AccusedName, AgeYear, GenderID, PersonID) VALUES (712, 309, 'Andrew Palan', 42, 2, 'A2');
INSERT INTO Accused (AccusedMasterID, CaseMasterID, AccusedName, AgeYear, GenderID, PersonID) VALUES (713, 309, 'Isha Mittal', 22, 1, 'A3');
INSERT INTO ActSectionAssociation (CaseMasterID, ActID, SectionID, ActOrderID, SectionOrderID) VALUES (309, 'ITA', '66D', 1, 1);
INSERT INTO ActSectionAssociation (CaseMasterID, ActID, SectionID, ActOrderID, SectionOrderID) VALUES (309, 'POCSO', '4', 2, 2);
INSERT INTO ActSectionAssociation (CaseMasterID, ActID, SectionID, ActOrderID, SectionOrderID) VALUES (309, 'IPC', '363', 3, 3);
INSERT INTO Inv_OccuranceTime (CaseMasterID, OccuranceFromDate, OccuranceToDate, PlaceOfOccurance, latitude, longitude) VALUES (309, '2026-02-17T15:17:00', '2026-02-17T18:17:00', 'Ramaswamy Chowk, Bidar', 15.6274284, 77.3980272);
INSERT INTO ChargesheetDetails (CSID, CaseMasterID, csdate, cstype, PolicePersonID) VALUES (88, 309, '2026-05-15', 'A', 37);

INSERT INTO CaseMaster (CaseMasterID, CrimeNo, CaseNo, CrimeRegisteredDate, PolicePersonID, PoliceStationID, CaseCategoryID, GravityOffenceID, CrimeMajorHeadID, CrimeMinorHeadID, CaseStatusID, CourtID, IncidentFromDate, IncidentToDate, InfoReceivedPSDate, latitude, longitude, BriefFacts) VALUES (310, '100270026202400001', '202400001', '2024-03-28', 58, 26, 1, 3, 1, 7, 1, 38, '2024-03-28T00:23:00', '2024-03-28T04:23:00', '2024-03-28T16:23:00', 12.8087986, 74.8541089, 'On 2024-03-28, the complainant David Kurian reported that their SUV bearing registration number KA-30-ZA-9650 was stolen from Doshi Ganj, Chamarajanagara. The vehicle was parked outside a residential apartment and was found missing when the complainant returned.');
INSERT INTO ComplainantDetails (ComplainantID, CaseMasterID, ComplainantName, AgeYear, OccupationID, ReligionID, CasteID, GenderID) VALUES (310, 310, 'David Kurian', 60, 4, 4, 5, 2);
INSERT INTO Victim (VictimMasterID, CaseMasterID, VictimName, AgeYear, GenderID, VictimPolice) VALUES (429, 310, 'David Kurian', 14, 2, '1');
INSERT INTO Victim (VictimMasterID, CaseMasterID, VictimName, AgeYear, GenderID, VictimPolice) VALUES (430, 310, 'Maya Devan', 59, 1, '0');
INSERT INTO Accused (AccusedMasterID, CaseMasterID, AccusedName, AgeYear, GenderID, PersonID) VALUES (714, 310, 'Ayushman Mammen', 54, 2, 'A1');
INSERT INTO Accused (AccusedMasterID, CaseMasterID, AccusedName, AgeYear, GenderID, PersonID) VALUES (715, 310, 'Lavanya Verma', 19, 1, 'A2');
INSERT INTO Accused (AccusedMasterID, CaseMasterID, AccusedName, AgeYear, GenderID, PersonID) VALUES (716, 310, 'Karan Mital', 26, 2, 'A3');
INSERT INTO Accused (AccusedMasterID, CaseMasterID, AccusedName, AgeYear, GenderID, PersonID) VALUES (717, 310, 'Omisha Khosla', 40, 2, 'A4');
INSERT INTO ActSectionAssociation (CaseMasterID, ActID, SectionID, ActOrderID, SectionOrderID) VALUES (310, 'NDPS', '22', 1, 1);
INSERT INTO ActSectionAssociation (CaseMasterID, ActID, SectionID, ActOrderID, SectionOrderID) VALUES (310, 'IPC', '395', 2, 2);
INSERT INTO ActSectionAssociation (CaseMasterID, ActID, SectionID, ActOrderID, SectionOrderID) VALUES (310, 'IPC', '120B', 3, 3);
INSERT INTO Inv_OccuranceTime (CaseMasterID, OccuranceFromDate, OccuranceToDate, PlaceOfOccurance, latitude, longitude) VALUES (310, '2024-03-28T00:23:00', '2024-03-28T04:23:00', 'Doshi Ganj, Chamarajanagara', 12.8087986, 74.8541089);

INSERT INTO CaseMaster (CaseMasterID, CrimeNo, CaseNo, CrimeRegisteredDate, PolicePersonID, PoliceStationID, CaseCategoryID, GravityOffenceID, CrimeMajorHeadID, CrimeMinorHeadID, CaseStatusID, CourtID, IncidentFromDate, IncidentToDate, InfoReceivedPSDate, latitude, longitude, BriefFacts) VALUES (311, '800130012202500003', '202500003', '2025-04-01', 18, 12, 8, 1, 5, 30, 1, 33, '2025-04-01T22:05:00', '2025-04-01T23:05:00', '2025-04-02T06:05:00', 12.9180376, 77.608148, 'The victim Devika Narayan, aged 24, was assaulted by the accused Karan Jhaveri near Jain Street, Davanagere on 2025-04-01 at approximately 9:15 PM. The accused used a sharp weapon causing grievous injuries. The victim was rushed to KC General Hospital for treatment.');
INSERT INTO ComplainantDetails (ComplainantID, CaseMasterID, ComplainantName, AgeYear, OccupationID, ReligionID, CasteID, GenderID) VALUES (311, 311, 'Devika Narayan', 65, 9, 6, 3, 2);
INSERT INTO Victim (VictimMasterID, CaseMasterID, VictimName, AgeYear, GenderID, VictimPolice) VALUES (431, 311, 'Devika Narayan', 18, 3, '0');
INSERT INTO Victim (VictimMasterID, CaseMasterID, VictimName, AgeYear, GenderID, VictimPolice) VALUES (432, 311, 'Dayamai Viswanathan', 42, 2, '0');
INSERT INTO Victim (VictimMasterID, CaseMasterID, VictimName, AgeYear, GenderID, VictimPolice) VALUES (433, 311, 'Qushi Dhillon', 10, 2, '0');
INSERT INTO Accused (AccusedMasterID, CaseMasterID, AccusedName, AgeYear, GenderID, PersonID) VALUES (718, 311, 'Karan Jhaveri', 18, 1, 'A1');
INSERT INTO Accused (AccusedMasterID, CaseMasterID, AccusedName, AgeYear, GenderID, PersonID) VALUES (719, 311, 'Gaurangi Sabharwal', 41, 2, 'A2');
INSERT INTO ActSectionAssociation (CaseMasterID, ActID, SectionID, ActOrderID, SectionOrderID) VALUES (311, 'IPC', '365', 1, 1);
INSERT INTO ArrestSurrender (ArrestSurrenderID, CaseMasterID, ArrestSurrenderTypeID, ArrestSurrenderDate, ArrestSurrenderStateId, ArrestSurrenderDistrictId, PoliceStationID, IOID, CourtID, AccusedMasterID, IsAccused, IsComplainantAccused) VALUES (230, 311, 2, '2025-04-27', 1, 13, 12, 7, 33, 718, TRUE, FALSE);
INSERT INTO inv_arrestsurrenderaccused (ArrestSurrenderID, AccusedMasterID) VALUES (230, 718);
INSERT INTO ArrestSurrender (ArrestSurrenderID, CaseMasterID, ArrestSurrenderTypeID, ArrestSurrenderDate, ArrestSurrenderStateId, ArrestSurrenderDistrictId, PoliceStationID, IOID, CourtID, AccusedMasterID, IsAccused, IsComplainantAccused) VALUES (231, 311, 1, '2025-04-30', 1, 13, 12, 28, 33, 719, TRUE, FALSE);
INSERT INTO inv_arrestsurrenderaccused (ArrestSurrenderID, AccusedMasterID) VALUES (231, 719);
INSERT INTO Inv_OccuranceTime (CaseMasterID, OccuranceFromDate, OccuranceToDate, PlaceOfOccurance, latitude, longitude) VALUES (311, '2025-04-01T22:05:00', '2025-04-01T23:05:00', 'Jain Street, Davanagere', 12.9180376, 77.608148);

INSERT INTO CaseMaster (CaseMasterID, CrimeNo, CaseNo, CrimeRegisteredDate, PolicePersonID, PoliceStationID, CaseCategoryID, GravityOffenceID, CrimeMajorHeadID, CrimeMinorHeadID, CaseStatusID, CourtID, IncidentFromDate, IncidentToDate, InfoReceivedPSDate, latitude, longitude, BriefFacts) VALUES (312, '200100009202500001', '202500001', '2025-07-02', 61, 9, 2, 2, 6, 33, 1, 36, '2025-07-02T08:00:00', '2025-07-02T08:00:00', '2025-07-02T09:00:00', 17.7119691, 77.9846547, 'On 2025-07-02, the Anti-Narcotics squad conducted a raid at Sabharwal Marg, Shivamogga and seized 50 grams of cocaine from the possession of the accused Ayushman Nagar. The accused was found to be part of a supply chain operating across Udupi and Koppal.');
INSERT INTO ComplainantDetails (ComplainantID, CaseMasterID, ComplainantName, AgeYear, OccupationID, ReligionID, CasteID, GenderID) VALUES (312, 312, 'Eesha Bir', 64, 2, 1, 1, 2);
INSERT INTO Victim (VictimMasterID, CaseMasterID, VictimName, AgeYear, GenderID, VictimPolice) VALUES (434, 312, 'Qarin Nadkarni', 27, 2, '0');
INSERT INTO Victim (VictimMasterID, CaseMasterID, VictimName, AgeYear, GenderID, VictimPolice) VALUES (435, 312, 'Saanvi Mahal', 18, 3, '0');
INSERT INTO Victim (VictimMasterID, CaseMasterID, VictimName, AgeYear, GenderID, VictimPolice) VALUES (436, 312, 'Raghav Chhabra', 28, 2, '0');
INSERT INTO Accused (AccusedMasterID, CaseMasterID, AccusedName, AgeYear, GenderID, PersonID) VALUES (720, 312, 'Ayushman Nagar', 41, 1, 'A1');
INSERT INTO Accused (AccusedMasterID, CaseMasterID, AccusedName, AgeYear, GenderID, PersonID) VALUES (721, 312, 'Qasim Bal', 46, 1, 'A2');
INSERT INTO Accused (AccusedMasterID, CaseMasterID, AccusedName, AgeYear, GenderID, PersonID) VALUES (722, 312, 'Vihaan Kata', 26, 1, 'A3');
INSERT INTO Accused (AccusedMasterID, CaseMasterID, AccusedName, AgeYear, GenderID, PersonID) VALUES (723, 312, 'Zayan Behl', 22, 2, 'A4');
INSERT INTO ActSectionAssociation (CaseMasterID, ActID, SectionID, ActOrderID, SectionOrderID) VALUES (312, 'POCSO', '8', 1, 1);
INSERT INTO ActSectionAssociation (CaseMasterID, ActID, SectionID, ActOrderID, SectionOrderID) VALUES (312, 'IPC', '302', 2, 2);
INSERT INTO ActSectionAssociation (CaseMasterID, ActID, SectionID, ActOrderID, SectionOrderID) VALUES (312, 'ITA', '66D', 3, 3);
INSERT INTO Inv_OccuranceTime (CaseMasterID, OccuranceFromDate, OccuranceToDate, PlaceOfOccurance, latitude, longitude) VALUES (312, '2025-07-02T08:00:00', '2025-07-02T08:00:00', 'Sabharwal Marg, Shivamogga', 17.7119691, 77.9846547);

INSERT INTO CaseMaster (CaseMasterID, CrimeNo, CaseNo, CrimeRegisteredDate, PolicePersonID, PoliceStationID, CaseCategoryID, GravityOffenceID, CrimeMajorHeadID, CrimeMinorHeadID, CaseStatusID, CourtID, IncidentFromDate, IncidentToDate, InfoReceivedPSDate, latitude, longitude, BriefFacts) VALUES (313, '100300029202400001', '202400001', '2024-03-23', 65, 29, 1, 3, 6, 36, 3, 19, '2024-03-23T13:37:00', '2024-03-23T17:37:00', '2024-03-24T02:37:00', 12.3136422, 76.5813365, 'On 2024-03-23, at about 10:30 PM, the accused Krish Thakkar along with 3 associates formed an unlawful assembly near Singh, Bidar and attacked the complainant Jagrati Buch with lethal weapons resulting in injuries.');
INSERT INTO ComplainantDetails (ComplainantID, CaseMasterID, ComplainantName, AgeYear, OccupationID, ReligionID, CasteID, GenderID) VALUES (313, 313, 'Jagrati Buch', 25, 7, 7, 1, 1);
INSERT INTO Victim (VictimMasterID, CaseMasterID, VictimName, AgeYear, GenderID, VictimPolice) VALUES (437, 313, 'Jagrati Buch', 10, 1, '0');
INSERT INTO Accused (AccusedMasterID, CaseMasterID, AccusedName, AgeYear, GenderID, PersonID) VALUES (724, 313, 'Krish Thakkar', 43, 1, 'A1');
INSERT INTO Accused (AccusedMasterID, CaseMasterID, AccusedName, AgeYear, GenderID, PersonID) VALUES (725, 313, 'Qarin Ram', 22, 2, 'A2');
INSERT INTO ActSectionAssociation (CaseMasterID, ActID, SectionID, ActOrderID, SectionOrderID) VALUES (313, 'NDPS', '27', 1, 1);
INSERT INTO ActSectionAssociation (CaseMasterID, ActID, SectionID, ActOrderID, SectionOrderID) VALUES (313, 'POCSO', '6', 2, 2);
INSERT INTO ArrestSurrender (ArrestSurrenderID, CaseMasterID, ArrestSurrenderTypeID, ArrestSurrenderDate, ArrestSurrenderStateId, ArrestSurrenderDistrictId, PoliceStationID, IOID, CourtID, AccusedMasterID, IsAccused, IsComplainantAccused) VALUES (232, 313, 1, '2024-05-17', 1, 30, 29, 54, 19, 725, TRUE, FALSE);
INSERT INTO inv_arrestsurrenderaccused (ArrestSurrenderID, AccusedMasterID) VALUES (232, 725);
INSERT INTO Inv_OccuranceTime (CaseMasterID, OccuranceFromDate, OccuranceToDate, PlaceOfOccurance, latitude, longitude) VALUES (313, '2024-03-23T13:37:00', '2024-03-23T17:37:00', 'Singh, Bidar', 12.3136422, 76.5813365);

INSERT INTO CaseMaster (CaseMasterID, CrimeNo, CaseNo, CrimeRegisteredDate, PolicePersonID, PoliceStationID, CaseCategoryID, GravityOffenceID, CrimeMajorHeadID, CrimeMinorHeadID, CaseStatusID, CourtID, IncidentFromDate, IncidentToDate, InfoReceivedPSDate, latitude, longitude, BriefFacts) VALUES (314, '800030002202500002', '202500002', '2025-01-02', 52, 2, 8, 3, 6, 35, 2, 28, '2025-01-02T08:57:00', '2025-01-02T10:57:00', '2025-01-02T18:57:00', 12.7240184, 74.7976004, 'A case of cheating was reported by Nihal Hans stating that the accused Anamika Sachar fraudulently obtained Rs. 100000 by promising a job in a government department. The accused collected money over a period of 6 months and disappeared.');
INSERT INTO ComplainantDetails (ComplainantID, CaseMasterID, ComplainantName, AgeYear, OccupationID, ReligionID, CasteID, GenderID) VALUES (314, 314, 'Nihal Hans', 48, 11, 3, 1, 2);
INSERT INTO Victim (VictimMasterID, CaseMasterID, VictimName, AgeYear, GenderID, VictimPolice) VALUES (438, 314, 'Bachittar Rege', 25, 1, '0');
INSERT INTO Victim (VictimMasterID, CaseMasterID, VictimName, AgeYear, GenderID, VictimPolice) VALUES (439, 314, 'Dominic Goel', 6, 3, '1');
INSERT INTO Victim (VictimMasterID, CaseMasterID, VictimName, AgeYear, GenderID, VictimPolice) VALUES (440, 314, 'Vrishti Nair', 47, 2, '0');
INSERT INTO Accused (AccusedMasterID, CaseMasterID, AccusedName, AgeYear, GenderID, PersonID) VALUES (726, 314, 'Anamika Sachar', 37, 1, 'A1');
INSERT INTO Accused (AccusedMasterID, CaseMasterID, AccusedName, AgeYear, GenderID, PersonID) VALUES (727, 314, 'Yatin Sane', 24, 1, 'A2');
INSERT INTO ActSectionAssociation (CaseMasterID, ActID, SectionID, ActOrderID, SectionOrderID) VALUES (314, 'IPC', '323', 1, 1);
INSERT INTO ArrestSurrender (ArrestSurrenderID, CaseMasterID, ArrestSurrenderTypeID, ArrestSurrenderDate, ArrestSurrenderStateId, ArrestSurrenderDistrictId, PoliceStationID, IOID, CourtID, AccusedMasterID, IsAccused, IsComplainantAccused) VALUES (233, 314, 2, '2025-01-11', 1, 3, 2, 38, 28, 726, TRUE, FALSE);
INSERT INTO inv_arrestsurrenderaccused (ArrestSurrenderID, AccusedMasterID) VALUES (233, 726);
INSERT INTO ArrestSurrender (ArrestSurrenderID, CaseMasterID, ArrestSurrenderTypeID, ArrestSurrenderDate, ArrestSurrenderStateId, ArrestSurrenderDistrictId, PoliceStationID, IOID, CourtID, AccusedMasterID, IsAccused, IsComplainantAccused) VALUES (234, 314, 2, '2025-02-16', 1, 3, 2, 50, 28, 727, TRUE, FALSE);
INSERT INTO inv_arrestsurrenderaccused (ArrestSurrenderID, AccusedMasterID) VALUES (234, 727);
INSERT INTO Inv_OccuranceTime (CaseMasterID, OccuranceFromDate, OccuranceToDate, PlaceOfOccurance, latitude, longitude) VALUES (314, '2025-01-02T08:57:00', '2025-01-02T10:57:00', 'Jain Ganj, Mysuru', 12.7240184, 74.7976004);
INSERT INTO ChargesheetDetails (CSID, CaseMasterID, csdate, cstype, PolicePersonID) VALUES (89, 314, '2025-02-14', 'A', 23);

INSERT INTO CaseMaster (CaseMasterID, CrimeNo, CaseNo, CrimeRegisteredDate, PolicePersonID, PoliceStationID, CaseCategoryID, GravityOffenceID, CrimeMajorHeadID, CrimeMinorHeadID, CaseStatusID, CourtID, IncidentFromDate, IncidentToDate, InfoReceivedPSDate, latitude, longitude, BriefFacts) VALUES (315, '200220021202400002', '202400002', '2024-09-29', 4, 21, 2, 4, 7, 40, 1, 15, '2024-09-29T05:00:00', '2024-09-29T05:00:00', '2024-09-29T15:00:00', 15.3580916, 75.1042407, 'On 2024-09-29, at about 6:00 PM, the accused Balvan Verma along with 4 associates formed an unlawful assembly near Seth Zila, Bagalkot and attacked the complainant Lajita Munshi with lethal weapons resulting in injuries.');
INSERT INTO ComplainantDetails (ComplainantID, CaseMasterID, ComplainantName, AgeYear, OccupationID, ReligionID, CasteID, GenderID) VALUES (315, 315, 'Lajita Munshi', 41, 2, 4, 3, 1);
INSERT INTO Victim (VictimMasterID, CaseMasterID, VictimName, AgeYear, GenderID, VictimPolice) VALUES (441, 315, 'Lajita Munshi', 68, 1, '0');
INSERT INTO Victim (VictimMasterID, CaseMasterID, VictimName, AgeYear, GenderID, VictimPolice) VALUES (442, 315, 'Brijesh Korpal', 29, 1, '0');
INSERT INTO Victim (VictimMasterID, CaseMasterID, VictimName, AgeYear, GenderID, VictimPolice) VALUES (443, 315, 'Balveer Ram', 75, 1, '0');
INSERT INTO Accused (AccusedMasterID, CaseMasterID, AccusedName, AgeYear, GenderID, PersonID) VALUES (728, 315, 'Balvan Verma', 55, 2, 'A1');
INSERT INTO Accused (AccusedMasterID, CaseMasterID, AccusedName, AgeYear, GenderID, PersonID) VALUES (729, 315, 'Ranveer Manne', 32, 1, 'A2');
INSERT INTO Accused (AccusedMasterID, CaseMasterID, AccusedName, AgeYear, GenderID, PersonID) VALUES (730, 315, 'Baghyawati Kade', 36, 1, 'A3');
INSERT INTO ActSectionAssociation (CaseMasterID, ActID, SectionID, ActOrderID, SectionOrderID) VALUES (315, 'IPC', '376', 1, 1);
INSERT INTO ActSectionAssociation (CaseMasterID, ActID, SectionID, ActOrderID, SectionOrderID) VALUES (315, 'IPC', '302', 2, 2);
INSERT INTO ArrestSurrender (ArrestSurrenderID, CaseMasterID, ArrestSurrenderTypeID, ArrestSurrenderDate, ArrestSurrenderStateId, ArrestSurrenderDistrictId, PoliceStationID, IOID, CourtID, AccusedMasterID, IsAccused, IsComplainantAccused) VALUES (235, 315, 1, '2024-11-24', 1, 22, 21, 55, 15, 728, TRUE, FALSE);
INSERT INTO inv_arrestsurrenderaccused (ArrestSurrenderID, AccusedMasterID) VALUES (235, 728);
INSERT INTO Inv_OccuranceTime (CaseMasterID, OccuranceFromDate, OccuranceToDate, PlaceOfOccurance, latitude, longitude) VALUES (315, '2024-09-29T05:00:00', '2024-09-29T05:00:00', 'Seth Zila, Bagalkot', 15.3580916, 75.1042407);

INSERT INTO CaseMaster (CaseMasterID, CrimeNo, CaseNo, CrimeRegisteredDate, PolicePersonID, PoliceStationID, CaseCategoryID, GravityOffenceID, CrimeMajorHeadID, CrimeMinorHeadID, CaseStatusID, CourtID, IncidentFromDate, IncidentToDate, InfoReceivedPSDate, latitude, longitude, BriefFacts) VALUES (316, '100180017202400001', '202400001', '2024-11-06', 79, 17, 1, 3, 1, 5, 1, 20, '2024-11-06T20:21:00', '2024-11-07T00:21:00', '2024-11-07T09:21:00', 17.869001, 78.2993529, 'On 2024-11-06, at about 4:30 AM, the accused Zansi Dhar along with 6 associates formed an unlawful assembly near Seth Chowk, Udupi and attacked the complainant Bhavika Shenoy with lethal weapons resulting in injuries.');
INSERT INTO ComplainantDetails (ComplainantID, CaseMasterID, ComplainantName, AgeYear, OccupationID, ReligionID, CasteID, GenderID) VALUES (316, 316, 'Bhavika Shenoy', 45, 14, 7, 5, 1);
INSERT INTO Victim (VictimMasterID, CaseMasterID, VictimName, AgeYear, GenderID, VictimPolice) VALUES (444, 316, 'Pahal Menon', 54, 3, '0');
INSERT INTO Accused (AccusedMasterID, CaseMasterID, AccusedName, AgeYear, GenderID, PersonID) VALUES (731, 316, 'Zansi Dhar', 33, 2, 'A1');
INSERT INTO ActSectionAssociation (CaseMasterID, ActID, SectionID, ActOrderID, SectionOrderID) VALUES (316, 'POCSO', '8', 1, 1);
INSERT INTO ActSectionAssociation (CaseMasterID, ActID, SectionID, ActOrderID, SectionOrderID) VALUES (316, 'NDPS', '27', 2, 2);
INSERT INTO ArrestSurrender (ArrestSurrenderID, CaseMasterID, ArrestSurrenderTypeID, ArrestSurrenderDate, ArrestSurrenderStateId, ArrestSurrenderDistrictId, PoliceStationID, IOID, CourtID, AccusedMasterID, IsAccused, IsComplainantAccused) VALUES (236, 316, 2, '2024-12-13', 1, 18, 17, 29, 20, 731, TRUE, FALSE);
INSERT INTO inv_arrestsurrenderaccused (ArrestSurrenderID, AccusedMasterID) VALUES (236, 731);
INSERT INTO Inv_OccuranceTime (CaseMasterID, OccuranceFromDate, OccuranceToDate, PlaceOfOccurance, latitude, longitude) VALUES (316, '2024-11-06T20:21:00', '2024-11-07T00:21:00', 'Seth Chowk, Udupi', 17.869001, 78.2993529);

INSERT INTO CaseMaster (CaseMasterID, CrimeNo, CaseNo, CrimeRegisteredDate, PolicePersonID, PoliceStationID, CaseCategoryID, GravityOffenceID, CrimeMajorHeadID, CrimeMinorHeadID, CaseStatusID, CourtID, IncidentFromDate, IncidentToDate, InfoReceivedPSDate, latitude, longitude, BriefFacts) VALUES (317, '100020001202300001', '202300001', '2023-10-21', 51, 1, 1, 4, 5, 30, 1, 11, '2023-10-21T00:04:00', '2023-10-21T03:04:00', '2023-10-21T06:04:00', 12.985751, 77.6639551, 'A case of cheating was reported by Pranit Deshmukh stating that the accused Aryan Gola fraudulently obtained Rs. 2500000 by promising a job in a government department. The accused collected money over a period of 7 months and disappeared.');
INSERT INTO ComplainantDetails (ComplainantID, CaseMasterID, ComplainantName, AgeYear, OccupationID, ReligionID, CasteID, GenderID) VALUES (317, 317, 'Pranit Deshmukh', 22, 2, 6, 4, 1);
INSERT INTO Victim (VictimMasterID, CaseMasterID, VictimName, AgeYear, GenderID, VictimPolice) VALUES (445, 317, 'Odika Naik', 5, 3, '0');
INSERT INTO Accused (AccusedMasterID, CaseMasterID, AccusedName, AgeYear, GenderID, PersonID) VALUES (732, 317, 'Aryan Gola', 44, 2, 'A1');
INSERT INTO Accused (AccusedMasterID, CaseMasterID, AccusedName, AgeYear, GenderID, PersonID) VALUES (733, 317, 'Gautam Krishna', 27, 1, 'A2');
INSERT INTO ActSectionAssociation (CaseMasterID, ActID, SectionID, ActOrderID, SectionOrderID) VALUES (317, 'ITA', '67', 1, 1);
INSERT INTO ArrestSurrender (ArrestSurrenderID, CaseMasterID, ArrestSurrenderTypeID, ArrestSurrenderDate, ArrestSurrenderStateId, ArrestSurrenderDistrictId, PoliceStationID, IOID, CourtID, AccusedMasterID, IsAccused, IsComplainantAccused) VALUES (237, 317, 2, '2023-11-08', 1, 2, 1, 59, 11, 732, TRUE, FALSE);
INSERT INTO inv_arrestsurrenderaccused (ArrestSurrenderID, AccusedMasterID) VALUES (237, 732);
INSERT INTO Inv_OccuranceTime (CaseMasterID, OccuranceFromDate, OccuranceToDate, PlaceOfOccurance, latitude, longitude) VALUES (317, '2023-10-21T00:04:00', '2023-10-21T03:04:00', 'Jaggi Chowk, Bengaluru Rural', 12.985751, 77.6639551);

INSERT INTO CaseMaster (CaseMasterID, CrimeNo, CaseNo, CrimeRegisteredDate, PolicePersonID, PoliceStationID, CaseCategoryID, GravityOffenceID, CrimeMajorHeadID, CrimeMinorHeadID, CaseStatusID, CourtID, IncidentFromDate, IncidentToDate, InfoReceivedPSDate, latitude, longitude, BriefFacts) VALUES (318, '300260025202400002', '202400002', '2024-07-03', 73, 25, 3, 4, 3, 21, 5, 12, '2024-07-03T09:10:00', '2024-07-03T12:10:00', '2024-07-03T12:10:00', 12.8614661, 74.7569305, 'A cyber fraud was reported by Jatin Chand. The accused posed as a bank official and obtained OTP and banking credentials through a phone call on 2024-07-03. An amount of Rs. 25000 was fraudulently transferred from the complainant''s account.');
INSERT INTO ComplainantDetails (ComplainantID, CaseMasterID, ComplainantName, AgeYear, OccupationID, ReligionID, CasteID, GenderID) VALUES (318, 318, 'Jatin Chand', 48, 4, 1, 3, 1);
INSERT INTO Victim (VictimMasterID, CaseMasterID, VictimName, AgeYear, GenderID, VictimPolice) VALUES (446, 318, 'Jatin Chand', 75, 1, '0');
INSERT INTO Accused (AccusedMasterID, CaseMasterID, AccusedName, AgeYear, GenderID, PersonID) VALUES (734, 318, 'Shivani Patil', 28, 1, 'A1');
INSERT INTO Accused (AccusedMasterID, CaseMasterID, AccusedName, AgeYear, GenderID, PersonID) VALUES (735, 318, 'Yasti Dutta', 28, 1, 'A2');
INSERT INTO ActSectionAssociation (CaseMasterID, ActID, SectionID, ActOrderID, SectionOrderID) VALUES (318, 'IPC', '34', 1, 1);
INSERT INTO ActSectionAssociation (CaseMasterID, ActID, SectionID, ActOrderID, SectionOrderID) VALUES (318, 'ITA', '66', 2, 2);
INSERT INTO Inv_OccuranceTime (CaseMasterID, OccuranceFromDate, OccuranceToDate, PlaceOfOccurance, latitude, longitude) VALUES (318, '2024-07-03T09:10:00', '2024-07-03T12:10:00', 'Viswanathan Zila, Yadgir', 12.8614661, 74.7569305);

INSERT INTO CaseMaster (CaseMasterID, CrimeNo, CaseNo, CrimeRegisteredDate, PolicePersonID, PoliceStationID, CaseCategoryID, GravityOffenceID, CrimeMajorHeadID, CrimeMinorHeadID, CaseStatusID, CourtID, IncidentFromDate, IncidentToDate, InfoReceivedPSDate, latitude, longitude, BriefFacts) VALUES (319, '800050004202400002', '202400002', '2024-09-01', 56, 4, 8, 1, 1, 8, 2, 14, '2024-09-01T18:56:00', '2024-09-01T20:56:00', '2024-09-02T05:56:00', 15.3450948, 75.1175975, 'The deceased Mason Gaba, aged 28, was found dead under suspicious circumstances at Morar Marg, Hubballi-Dharwad on 2024-09-01. The investigation revealed that the accused Praneel Behl, who is a relative of the deceased, had a dispute over property worth Rs. 2500000.');
INSERT INTO ComplainantDetails (ComplainantID, CaseMasterID, ComplainantName, AgeYear, OccupationID, ReligionID, CasteID, GenderID) VALUES (319, 319, 'Caleb Garde', 57, 16, 2, 5, 2);
INSERT INTO Victim (VictimMasterID, CaseMasterID, VictimName, AgeYear, GenderID, VictimPolice) VALUES (447, 319, 'Mason Gaba', 44, 1, '0');
INSERT INTO Accused (AccusedMasterID, CaseMasterID, AccusedName, AgeYear, GenderID, PersonID) VALUES (736, 319, 'Praneel Behl', 26, 1, 'A1');
INSERT INTO Accused (AccusedMasterID, CaseMasterID, AccusedName, AgeYear, GenderID, PersonID) VALUES (737, 319, 'Sanaya Mani', 48, 1, 'A2');
INSERT INTO Accused (AccusedMasterID, CaseMasterID, AccusedName, AgeYear, GenderID, PersonID) VALUES (738, 319, 'Tanay Toor', 53, 1, 'A3');
INSERT INTO Accused (AccusedMasterID, CaseMasterID, AccusedName, AgeYear, GenderID, PersonID) VALUES (739, 319, 'Jacob Deep', 52, 1, 'A4');
INSERT INTO Accused (AccusedMasterID, CaseMasterID, AccusedName, AgeYear, GenderID, PersonID) VALUES (740, 319, 'Aarush Kulkarni', 32, 1, 'A5');
INSERT INTO ActSectionAssociation (CaseMasterID, ActID, SectionID, ActOrderID, SectionOrderID) VALUES (319, 'NDPS', '20', 1, 1);
INSERT INTO ActSectionAssociation (CaseMasterID, ActID, SectionID, ActOrderID, SectionOrderID) VALUES (319, 'POCSO', '4', 2, 2);
INSERT INTO ActSectionAssociation (CaseMasterID, ActID, SectionID, ActOrderID, SectionOrderID) VALUES (319, 'POCSO', '6', 3, 3);
INSERT INTO ArrestSurrender (ArrestSurrenderID, CaseMasterID, ArrestSurrenderTypeID, ArrestSurrenderDate, ArrestSurrenderStateId, ArrestSurrenderDistrictId, PoliceStationID, IOID, CourtID, AccusedMasterID, IsAccused, IsComplainantAccused) VALUES (238, 319, 1, '2024-10-30', 1, 5, 4, 9, 14, 737, TRUE, FALSE);
INSERT INTO inv_arrestsurrenderaccused (ArrestSurrenderID, AccusedMasterID) VALUES (238, 737);
INSERT INTO ArrestSurrender (ArrestSurrenderID, CaseMasterID, ArrestSurrenderTypeID, ArrestSurrenderDate, ArrestSurrenderStateId, ArrestSurrenderDistrictId, PoliceStationID, IOID, CourtID, AccusedMasterID, IsAccused, IsComplainantAccused) VALUES (239, 319, 2, '2024-09-27', 1, 5, 4, 74, 14, 740, TRUE, FALSE);
INSERT INTO inv_arrestsurrenderaccused (ArrestSurrenderID, AccusedMasterID) VALUES (239, 740);
INSERT INTO Inv_OccuranceTime (CaseMasterID, OccuranceFromDate, OccuranceToDate, PlaceOfOccurance, latitude, longitude) VALUES (319, '2024-09-01T18:56:00', '2024-09-01T20:56:00', 'Morar Marg, Hubballi-Dharwad', 15.3450948, 75.1175975);
INSERT INTO ChargesheetDetails (CSID, CaseMasterID, csdate, cstype, PolicePersonID) VALUES (90, 319, '2024-11-20', 'A', 2);

INSERT INTO CaseMaster (CaseMasterID, CrimeNo, CaseNo, CrimeRegisteredDate, PolicePersonID, PoliceStationID, CaseCategoryID, GravityOffenceID, CrimeMajorHeadID, CrimeMinorHeadID, CaseStatusID, CourtID, IncidentFromDate, IncidentToDate, InfoReceivedPSDate, latitude, longitude, BriefFacts) VALUES (320, '200250024202300002', '202300002', '2023-07-27', 2, 24, 2, 2, 1, 3, 2, 4, '2023-07-27T22:28:00', '2023-07-28T01:28:00', '2023-07-28T06:28:00', 12.3009297, 76.6654173, 'The victim Wazir Kalla, aged 33, was assaulted by the accused Amara Dutta near Soni, Chikkamagaluru on 2023-07-27 at approximately 6:15 PM. The accused used a sharp weapon causing grievous injuries. The victim was rushed to District Hospital for treatment.');
INSERT INTO ComplainantDetails (ComplainantID, CaseMasterID, ComplainantName, AgeYear, OccupationID, ReligionID, CasteID, GenderID) VALUES (320, 320, 'Wishi Ahluwalia', 58, 8, 7, 4, 2);
INSERT INTO Victim (VictimMasterID, CaseMasterID, VictimName, AgeYear, GenderID, VictimPolice) VALUES (448, 320, 'Wazir Kalla', 55, 3, '0');
INSERT INTO Accused (AccusedMasterID, CaseMasterID, AccusedName, AgeYear, GenderID, PersonID) VALUES (741, 320, 'Amara Dutta', 26, 1, 'A1');
INSERT INTO Accused (AccusedMasterID, CaseMasterID, AccusedName, AgeYear, GenderID, PersonID) VALUES (742, 320, 'Nimrat Sathe', 28, 1, 'A2');
INSERT INTO ActSectionAssociation (CaseMasterID, ActID, SectionID, ActOrderID, SectionOrderID) VALUES (320, 'IPC', '509', 1, 1);
INSERT INTO ActSectionAssociation (CaseMasterID, ActID, SectionID, ActOrderID, SectionOrderID) VALUES (320, 'POCSO', '6', 2, 2);
INSERT INTO Inv_OccuranceTime (CaseMasterID, OccuranceFromDate, OccuranceToDate, PlaceOfOccurance, latitude, longitude) VALUES (320, '2023-07-27T22:28:00', '2023-07-28T01:28:00', 'Soni, Chikkamagaluru', 12.3009297, 76.6654173);
INSERT INTO ChargesheetDetails (CSID, CaseMasterID, csdate, cstype, PolicePersonID) VALUES (91, 320, '2023-09-05', 'A', 21);

INSERT INTO CaseMaster (CaseMasterID, CrimeNo, CaseNo, CrimeRegisteredDate, PolicePersonID, PoliceStationID, CaseCategoryID, GravityOffenceID, CrimeMajorHeadID, CrimeMinorHeadID, CaseStatusID, CourtID, IncidentFromDate, IncidentToDate, InfoReceivedPSDate, latitude, longitude, BriefFacts) VALUES (321, '800250024202300001', '202300001', '2023-10-09', 68, 24, 8, 2, 1, 8, 6, 2, '2023-10-09T12:25:00', '2023-10-09T13:25:00', '2023-10-09T15:25:00', 12.8765456, 74.8257256, 'On 2023-10-09, the complainant Yash Mall reported that their SUV bearing registration number KA-24-NM-8544 was stolen from Dhillon Nagar, Chikkamagaluru. The vehicle was parked outside a shopping mall and was found missing when the complainant returned.');
INSERT INTO ComplainantDetails (ComplainantID, CaseMasterID, ComplainantName, AgeYear, OccupationID, ReligionID, CasteID, GenderID) VALUES (321, 321, 'Yash Mall', 25, 13, 3, 3, 1);
INSERT INTO Victim (VictimMasterID, CaseMasterID, VictimName, AgeYear, GenderID, VictimPolice) VALUES (449, 321, 'Chandran Goyal', 41, 2, '0');
INSERT INTO Accused (AccusedMasterID, CaseMasterID, AccusedName, AgeYear, GenderID, PersonID) VALUES (743, 321, 'Christopher Palla', 45, 2, 'A1');
INSERT INTO ActSectionAssociation (CaseMasterID, ActID, SectionID, ActOrderID, SectionOrderID) VALUES (321, 'POCSO', '8', 1, 1);
INSERT INTO Inv_OccuranceTime (CaseMasterID, OccuranceFromDate, OccuranceToDate, PlaceOfOccurance, latitude, longitude) VALUES (321, '2023-10-09T12:25:00', '2023-10-09T13:25:00', 'Dhillon Nagar, Chikkamagaluru', 12.8765456, 74.8257256);

INSERT INTO CaseMaster (CaseMasterID, CrimeNo, CaseNo, CrimeRegisteredDate, PolicePersonID, PoliceStationID, CaseCategoryID, GravityOffenceID, CrimeMajorHeadID, CrimeMinorHeadID, CaseStatusID, CourtID, IncidentFromDate, IncidentToDate, InfoReceivedPSDate, latitude, longitude, BriefFacts) VALUES (322, '200200019202600002', '202600002', '2026-02-03', 54, 19, 2, 3, 1, 1, 1, 39, '2026-02-03T12:08:00', '2026-02-03T15:08:00', '2026-02-03T16:08:00', 15.8854636, 74.587653, 'The complainant Garima Chahal reported domestic violence by husband Ikbal Saha and in-laws. The accused demanded additional dowry of Rs. 250000 and subjected the complainant to physical and mental harassment since 1 years.');
INSERT INTO ComplainantDetails (ComplainantID, CaseMasterID, ComplainantName, AgeYear, OccupationID, ReligionID, CasteID, GenderID) VALUES (322, 322, 'Garima Chahal', 59, 4, 6, 5, 2);
INSERT INTO Victim (VictimMasterID, CaseMasterID, VictimName, AgeYear, GenderID, VictimPolice) VALUES (450, 322, 'Garima Chahal', 35, 3, '0');
INSERT INTO Accused (AccusedMasterID, CaseMasterID, AccusedName, AgeYear, GenderID, PersonID) VALUES (744, 322, 'Ikbal Saha', 23, 2, 'A1');
INSERT INTO Accused (AccusedMasterID, CaseMasterID, AccusedName, AgeYear, GenderID, PersonID) VALUES (745, 322, 'Peter Shah', 30, 2, 'A2');
INSERT INTO Accused (AccusedMasterID, CaseMasterID, AccusedName, AgeYear, GenderID, PersonID) VALUES (746, 322, 'Balendra Chander', 26, 2, 'A3');
INSERT INTO Accused (AccusedMasterID, CaseMasterID, AccusedName, AgeYear, GenderID, PersonID) VALUES (747, 322, 'Ekantika Pillay', 29, 2, 'A4');
INSERT INTO ActSectionAssociation (CaseMasterID, ActID, SectionID, ActOrderID, SectionOrderID) VALUES (322, 'IPC', '406', 1, 1);
INSERT INTO ActSectionAssociation (CaseMasterID, ActID, SectionID, ActOrderID, SectionOrderID) VALUES (322, 'NDPS', '20', 2, 2);
INSERT INTO ActSectionAssociation (CaseMasterID, ActID, SectionID, ActOrderID, SectionOrderID) VALUES (322, 'NDPS', '22', 3, 3);
INSERT INTO Inv_OccuranceTime (CaseMasterID, OccuranceFromDate, OccuranceToDate, PlaceOfOccurance, latitude, longitude) VALUES (322, '2026-02-03T12:08:00', '2026-02-03T15:08:00', 'Edwin Street, Haveri', 15.8854636, 74.587653);

INSERT INTO CaseMaster (CaseMasterID, CrimeNo, CaseNo, CrimeRegisteredDate, PolicePersonID, PoliceStationID, CaseCategoryID, GravityOffenceID, CrimeMajorHeadID, CrimeMinorHeadID, CaseStatusID, CourtID, IncidentFromDate, IncidentToDate, InfoReceivedPSDate, latitude, longitude, BriefFacts) VALUES (323, '100270026202600002', '202600002', '2026-03-23', 31, 26, 1, 1, 1, 6, 3, 24, '2026-03-23T11:46:00', '2026-03-23T13:46:00', '2026-03-23T18:46:00', 15.203014, 75.8255051, 'A cyber fraud was reported by Prisha Bhattacharyya. The accused posed as a bank official and obtained OTP and banking credentials through a phone call on 2026-03-23. An amount of Rs. 1000000 was fraudulently transferred from the complainant''s account.');
INSERT INTO ComplainantDetails (ComplainantID, CaseMasterID, ComplainantName, AgeYear, OccupationID, ReligionID, CasteID, GenderID) VALUES (323, 323, 'Prisha Bhattacharyya', 37, 13, 4, 5, 2);
INSERT INTO Victim (VictimMasterID, CaseMasterID, VictimName, AgeYear, GenderID, VictimPolice) VALUES (451, 323, 'Urishilla Desai', 13, 2, '0');
INSERT INTO Victim (VictimMasterID, CaseMasterID, VictimName, AgeYear, GenderID, VictimPolice) VALUES (452, 323, 'Shaurya Bhardwaj', 40, 1, '0');
INSERT INTO Victim (VictimMasterID, CaseMasterID, VictimName, AgeYear, GenderID, VictimPolice) VALUES (453, 323, 'Gagan Sule', 48, 2, '0');
INSERT INTO Accused (AccusedMasterID, CaseMasterID, AccusedName, AgeYear, GenderID, PersonID) VALUES (748, 323, 'Anvi Narayan', 18, 2, 'A1');
INSERT INTO Accused (AccusedMasterID, CaseMasterID, AccusedName, AgeYear, GenderID, PersonID) VALUES (749, 323, 'Prisha Nadig', 37, 1, 'A2');
INSERT INTO ActSectionAssociation (CaseMasterID, ActID, SectionID, ActOrderID, SectionOrderID) VALUES (323, 'NDPS', '22', 1, 1);
INSERT INTO Inv_OccuranceTime (CaseMasterID, OccuranceFromDate, OccuranceToDate, PlaceOfOccurance, latitude, longitude) VALUES (323, '2026-03-23T11:46:00', '2026-03-23T13:46:00', 'Sachdev Circle, Chamarajanagara', 15.203014, 75.8255051);

INSERT INTO CaseMaster (CaseMasterID, CrimeNo, CaseNo, CrimeRegisteredDate, PolicePersonID, PoliceStationID, CaseCategoryID, GravityOffenceID, CrimeMajorHeadID, CrimeMinorHeadID, CaseStatusID, CourtID, IncidentFromDate, IncidentToDate, InfoReceivedPSDate, latitude, longitude, BriefFacts) VALUES (324, '300200019202400004', '202400004', '2024-04-23', 49, 19, 3, 4, 3, 20, 4, 12, '2024-04-23T08:08:00', '2024-04-23T09:08:00', '2024-04-23T14:08:00', 12.3964569, 76.647988, 'The victim Waida Gole, aged 35, was assaulted by the accused Bina Hari near Dani Nagar, Haveri on 2024-04-23 at approximately 3:45 PM. The accused used a sharp weapon causing grievous injuries. The victim was rushed to Victoria Hospital for treatment.');
INSERT INTO ComplainantDetails (ComplainantID, CaseMasterID, ComplainantName, AgeYear, OccupationID, ReligionID, CasteID, GenderID) VALUES (324, 324, 'Kai Taneja', 33, 2, 4, 5, 2);
INSERT INTO Victim (VictimMasterID, CaseMasterID, VictimName, AgeYear, GenderID, VictimPolice) VALUES (454, 324, 'Waida Gole', 63, 1, '0');
INSERT INTO Accused (AccusedMasterID, CaseMasterID, AccusedName, AgeYear, GenderID, PersonID) VALUES (750, 324, 'Bina Hari', 19, 1, 'A1');
INSERT INTO Accused (AccusedMasterID, CaseMasterID, AccusedName, AgeYear, GenderID, PersonID) VALUES (751, 324, 'Udyati Dalal', 25, 2, 'A2');
INSERT INTO Accused (AccusedMasterID, CaseMasterID, AccusedName, AgeYear, GenderID, PersonID) VALUES (752, 324, 'Oeshi Sachdev', 40, 1, 'A3');
INSERT INTO Accused (AccusedMasterID, CaseMasterID, AccusedName, AgeYear, GenderID, PersonID) VALUES (753, 324, 'Diya Bora', 23, 2, 'A4');
INSERT INTO Accused (AccusedMasterID, CaseMasterID, AccusedName, AgeYear, GenderID, PersonID) VALUES (754, 324, 'Gauri Palla', 46, 1, 'A5');
INSERT INTO ActSectionAssociation (CaseMasterID, ActID, SectionID, ActOrderID, SectionOrderID) VALUES (324, 'POCSO', '6', 1, 1);
INSERT INTO ActSectionAssociation (CaseMasterID, ActID, SectionID, ActOrderID, SectionOrderID) VALUES (324, 'NDPS', '20', 2, 2);
INSERT INTO ActSectionAssociation (CaseMasterID, ActID, SectionID, ActOrderID, SectionOrderID) VALUES (324, 'POCSO', '8', 3, 3);
INSERT INTO ArrestSurrender (ArrestSurrenderID, CaseMasterID, ArrestSurrenderTypeID, ArrestSurrenderDate, ArrestSurrenderStateId, ArrestSurrenderDistrictId, PoliceStationID, IOID, CourtID, AccusedMasterID, IsAccused, IsComplainantAccused) VALUES (240, 324, 2, '2024-06-18', 1, 20, 19, 34, 12, 753, TRUE, FALSE);
INSERT INTO inv_arrestsurrenderaccused (ArrestSurrenderID, AccusedMasterID) VALUES (240, 753);
INSERT INTO Inv_OccuranceTime (CaseMasterID, OccuranceFromDate, OccuranceToDate, PlaceOfOccurance, latitude, longitude) VALUES (324, '2024-04-23T08:08:00', '2024-04-23T09:08:00', 'Dani Nagar, Haveri', 12.3964569, 76.647988);

INSERT INTO CaseMaster (CaseMasterID, CrimeNo, CaseNo, CrimeRegisteredDate, PolicePersonID, PoliceStationID, CaseCategoryID, GravityOffenceID, CrimeMajorHeadID, CrimeMinorHeadID, CaseStatusID, CourtID, IncidentFromDate, IncidentToDate, InfoReceivedPSDate, latitude, longitude, BriefFacts) VALUES (325, '300290028202500001', '202500001', '2025-03-19', 64, 28, 3, 1, 1, 8, 2, 42, '2025-03-19T21:01:00', '2025-03-20T01:01:00', '2025-03-20T07:01:00', 17.5878554, 78.2019147, 'A case of cheating was reported by Advay Jaggi stating that the accused Charita Toor fraudulently obtained Rs. 500000 by promising a job in a government department. The accused collected money over a period of 12 months and disappeared.');
INSERT INTO ComplainantDetails (ComplainantID, CaseMasterID, ComplainantName, AgeYear, OccupationID, ReligionID, CasteID, GenderID) VALUES (325, 325, 'Advay Jaggi', 60, 12, 7, 2, 2);
INSERT INTO Victim (VictimMasterID, CaseMasterID, VictimName, AgeYear, GenderID, VictimPolice) VALUES (455, 325, 'Aachal Bir', 13, 1, '0');
INSERT INTO Victim (VictimMasterID, CaseMasterID, VictimName, AgeYear, GenderID, VictimPolice) VALUES (456, 325, 'Ishaan Nath', 52, 2, '0');
INSERT INTO Victim (VictimMasterID, CaseMasterID, VictimName, AgeYear, GenderID, VictimPolice) VALUES (457, 325, 'Meghana Balakrishnan', 10, 1, '1');
INSERT INTO Accused (AccusedMasterID, CaseMasterID, AccusedName, AgeYear, GenderID, PersonID) VALUES (755, 325, 'Charita Toor', 29, 1, 'A1');
INSERT INTO ActSectionAssociation (CaseMasterID, ActID, SectionID, ActOrderID, SectionOrderID) VALUES (325, 'POCSO', '4', 1, 1);
INSERT INTO ArrestSurrender (ArrestSurrenderID, CaseMasterID, ArrestSurrenderTypeID, ArrestSurrenderDate, ArrestSurrenderStateId, ArrestSurrenderDistrictId, PoliceStationID, IOID, CourtID, AccusedMasterID, IsAccused, IsComplainantAccused) VALUES (241, 325, 1, '2025-04-15', 1, 29, 28, 78, 42, 755, TRUE, FALSE);
INSERT INTO inv_arrestsurrenderaccused (ArrestSurrenderID, AccusedMasterID) VALUES (241, 755);
INSERT INTO Inv_OccuranceTime (CaseMasterID, OccuranceFromDate, OccuranceToDate, PlaceOfOccurance, latitude, longitude) VALUES (325, '2025-03-19T21:01:00', '2025-03-20T01:01:00', 'Naik Circle, Uttara Kannada', 17.5878554, 78.2019147);
INSERT INTO ChargesheetDetails (CSID, CaseMasterID, csdate, cstype, PolicePersonID) VALUES (92, 325, '2025-07-04', 'A', 30);

INSERT INTO CaseMaster (CaseMasterID, CrimeNo, CaseNo, CrimeRegisteredDate, PolicePersonID, PoliceStationID, CaseCategoryID, GravityOffenceID, CrimeMajorHeadID, CrimeMinorHeadID, CaseStatusID, CourtID, IncidentFromDate, IncidentToDate, InfoReceivedPSDate, latitude, longitude, BriefFacts) VALUES (326, '800240023202600001', '202600001', '2026-01-10', 16, 23, 8, 2, 4, 26, 2, 41, '2026-01-10T01:12:00', '2026-01-10T01:12:00', '2026-01-10T04:12:00', 14.96064, 74.7401529, 'A case of cheating was reported by Ganga Nigam stating that the accused Vasatika Dugal fraudulently obtained Rs. 5000 by promising a job in a government department. The accused collected money over a period of 17 months and disappeared.');
INSERT INTO ComplainantDetails (ComplainantID, CaseMasterID, ComplainantName, AgeYear, OccupationID, ReligionID, CasteID, GenderID) VALUES (326, 326, 'Ganga Nigam', 60, 15, 2, 5, 1);
INSERT INTO Victim (VictimMasterID, CaseMasterID, VictimName, AgeYear, GenderID, VictimPolice) VALUES (458, 326, 'Urvi Banik', 27, 1, '0');
INSERT INTO Victim (VictimMasterID, CaseMasterID, VictimName, AgeYear, GenderID, VictimPolice) VALUES (459, 326, 'Turvi Sachdev', 65, 3, '0');
INSERT INTO Accused (AccusedMasterID, CaseMasterID, AccusedName, AgeYear, GenderID, PersonID) VALUES (756, 326, 'Vasatika Dugal', 32, 2, 'A1');
INSERT INTO Accused (AccusedMasterID, CaseMasterID, AccusedName, AgeYear, GenderID, PersonID) VALUES (757, 326, 'Chandani Mutti', 32, 2, 'A2');
INSERT INTO Accused (AccusedMasterID, CaseMasterID, AccusedName, AgeYear, GenderID, PersonID) VALUES (758, 326, 'Sathvik Narula', 50, 2, 'A3');
INSERT INTO Accused (AccusedMasterID, CaseMasterID, AccusedName, AgeYear, GenderID, PersonID) VALUES (759, 326, 'Dominic Dixit', 48, 2, 'A4');
INSERT INTO ActSectionAssociation (CaseMasterID, ActID, SectionID, ActOrderID, SectionOrderID) VALUES (326, 'IPC', '120B', 1, 1);
INSERT INTO Inv_OccuranceTime (CaseMasterID, OccuranceFromDate, OccuranceToDate, PlaceOfOccurance, latitude, longitude) VALUES (326, '2026-01-10T01:12:00', '2026-01-10T01:12:00', 'Yadav Chowk, Chikkaballapura', 14.96064, 74.7401529);
INSERT INTO ChargesheetDetails (CSID, CaseMasterID, csdate, cstype, PolicePersonID) VALUES (93, 326, '2026-02-20', 'A', 66);

INSERT INTO CaseMaster (CaseMasterID, CrimeNo, CaseNo, CrimeRegisteredDate, PolicePersonID, PoliceStationID, CaseCategoryID, GravityOffenceID, CrimeMajorHeadID, CrimeMinorHeadID, CaseStatusID, CourtID, IncidentFromDate, IncidentToDate, InfoReceivedPSDate, latitude, longitude, BriefFacts) VALUES (327, '200140013202400001', '202400001', '2024-05-16', 78, 13, 2, 4, 1, 8, 3, 11, '2024-05-16T00:31:00', '2024-05-16T00:31:00', '2024-05-16T02:31:00', 12.8993231, 74.1735848, 'On 2024-05-16, the Anti-Narcotics squad conducted a raid at Magar Nagar, Hassan and seized 500 grams of cocaine from the possession of the accused Darika Murty. The accused was found to be part of a supply chain operating across Hubballi-Dharwad and Hubballi-Dharwad.');
INSERT INTO ComplainantDetails (ComplainantID, CaseMasterID, ComplainantName, AgeYear, OccupationID, ReligionID, CasteID, GenderID) VALUES (327, 327, 'Harinakshi Prashad', 33, 7, 6, 2, 1);
INSERT INTO Victim (VictimMasterID, CaseMasterID, VictimName, AgeYear, GenderID, VictimPolice) VALUES (460, 327, 'Lopa Grover', 70, 1, '0');
INSERT INTO Victim (VictimMasterID, CaseMasterID, VictimName, AgeYear, GenderID, VictimPolice) VALUES (461, 327, 'Gabriel Taneja', 42, 2, '0');
INSERT INTO Victim (VictimMasterID, CaseMasterID, VictimName, AgeYear, GenderID, VictimPolice) VALUES (462, 327, 'Kamya Seth', 49, 3, '0');
INSERT INTO Accused (AccusedMasterID, CaseMasterID, AccusedName, AgeYear, GenderID, PersonID) VALUES (760, 327, 'Darika Murty', 54, 1, 'A1');
INSERT INTO Accused (AccusedMasterID, CaseMasterID, AccusedName, AgeYear, GenderID, PersonID) VALUES (761, 327, 'Tarak Vohra', 29, 1, 'A2');
INSERT INTO Accused (AccusedMasterID, CaseMasterID, AccusedName, AgeYear, GenderID, PersonID) VALUES (762, 327, 'Parth Choudhury', 40, 2, 'A3');
INSERT INTO Accused (AccusedMasterID, CaseMasterID, AccusedName, AgeYear, GenderID, PersonID) VALUES (763, 327, 'Tanay Toor', 39, 1, 'A4');
INSERT INTO ActSectionAssociation (CaseMasterID, ActID, SectionID, ActOrderID, SectionOrderID) VALUES (327, 'IPC', '511', 1, 1);
INSERT INTO ActSectionAssociation (CaseMasterID, ActID, SectionID, ActOrderID, SectionOrderID) VALUES (327, 'ITA', '66C', 2, 2);
INSERT INTO Inv_OccuranceTime (CaseMasterID, OccuranceFromDate, OccuranceToDate, PlaceOfOccurance, latitude, longitude) VALUES (327, '2024-05-16T00:31:00', '2024-05-16T00:31:00', 'Magar Nagar, Hassan', 12.8993231, 74.1735848);

INSERT INTO CaseMaster (CaseMasterID, CrimeNo, CaseNo, CrimeRegisteredDate, PolicePersonID, PoliceStationID, CaseCategoryID, GravityOffenceID, CrimeMajorHeadID, CrimeMinorHeadID, CaseStatusID, CourtID, IncidentFromDate, IncidentToDate, InfoReceivedPSDate, latitude, longitude, BriefFacts) VALUES (328, '400290028202400001', '202400001', '2024-08-27', 32, 28, 4, 1, 8, 42, 1, 4, '2024-08-27T00:31:00', '2024-08-27T02:31:00', '2024-08-27T05:31:00', 15.8345784, 74.5902373, 'The victim Yashawini Bakshi, aged 59, was assaulted by the accused Xiti Dube near Oak Ganj, Uttara Kannada on 2024-08-27 at approximately 9:30 PM. The accused used a sharp weapon causing grievous injuries. The victim was rushed to Jayadeva Hospital for treatment.');
INSERT INTO ComplainantDetails (ComplainantID, CaseMasterID, ComplainantName, AgeYear, OccupationID, ReligionID, CasteID, GenderID) VALUES (328, 328, 'Saksham Chanda', 43, 13, 1, 3, 2);
INSERT INTO Victim (VictimMasterID, CaseMasterID, VictimName, AgeYear, GenderID, VictimPolice) VALUES (463, 328, 'Yashawini Bakshi', 10, 2, '0');
INSERT INTO Victim (VictimMasterID, CaseMasterID, VictimName, AgeYear, GenderID, VictimPolice) VALUES (464, 328, 'Dayita Narang', 14, 1, '0');
INSERT INTO Accused (AccusedMasterID, CaseMasterID, AccusedName, AgeYear, GenderID, PersonID) VALUES (764, 328, 'Xiti Dube', 41, 1, 'A1');
INSERT INTO Accused (AccusedMasterID, CaseMasterID, AccusedName, AgeYear, GenderID, PersonID) VALUES (765, 328, 'Guneet Varty', 35, 1, 'A2');
INSERT INTO Accused (AccusedMasterID, CaseMasterID, AccusedName, AgeYear, GenderID, PersonID) VALUES (766, 328, 'Irya Ray', 39, 2, 'A3');
INSERT INTO ActSectionAssociation (CaseMasterID, ActID, SectionID, ActOrderID, SectionOrderID) VALUES (328, 'POCSO', '4', 1, 1);
INSERT INTO ActSectionAssociation (CaseMasterID, ActID, SectionID, ActOrderID, SectionOrderID) VALUES (328, 'IPC', '147', 2, 2);
INSERT INTO Inv_OccuranceTime (CaseMasterID, OccuranceFromDate, OccuranceToDate, PlaceOfOccurance, latitude, longitude) VALUES (328, '2024-08-27T00:31:00', '2024-08-27T02:31:00', 'Oak Ganj, Uttara Kannada', 15.8345784, 74.5902373);

INSERT INTO CaseMaster (CaseMasterID, CrimeNo, CaseNo, CrimeRegisteredDate, PolicePersonID, PoliceStationID, CaseCategoryID, GravityOffenceID, CrimeMajorHeadID, CrimeMinorHeadID, CaseStatusID, CourtID, IncidentFromDate, IncidentToDate, InfoReceivedPSDate, latitude, longitude, BriefFacts) VALUES (329, '800080007202500003', '202500003', '2025-07-24', 76, 7, 8, 3, 5, 29, 2, 23, '2025-07-24T04:01:00', '2025-07-24T06:01:00', '2025-07-24T08:01:00', 11.9213869, 77.6154265, 'The victim Lila Vig, aged 57, was assaulted by the accused Advika Jayaraman near Agrawal Zila, Ballari on 2025-07-24 at approximately 11:45 PM. The accused used a sharp weapon causing grievous injuries. The victim was rushed to KC General Hospital for treatment.');
INSERT INTO ComplainantDetails (ComplainantID, CaseMasterID, ComplainantName, AgeYear, OccupationID, ReligionID, CasteID, GenderID) VALUES (329, 329, 'Samesh Bansal', 45, 2, 5, 5, 2);
INSERT INTO Victim (VictimMasterID, CaseMasterID, VictimName, AgeYear, GenderID, VictimPolice) VALUES (465, 329, 'Lila Vig', 26, 2, '0');
INSERT INTO Accused (AccusedMasterID, CaseMasterID, AccusedName, AgeYear, GenderID, PersonID) VALUES (767, 329, 'Advika Jayaraman', 23, 1, 'A1');
INSERT INTO Accused (AccusedMasterID, CaseMasterID, AccusedName, AgeYear, GenderID, PersonID) VALUES (768, 329, 'Kala Divan', 42, 1, 'A2');
INSERT INTO ActSectionAssociation (CaseMasterID, ActID, SectionID, ActOrderID, SectionOrderID) VALUES (329, 'POCSO', '8', 1, 1);
INSERT INTO ActSectionAssociation (CaseMasterID, ActID, SectionID, ActOrderID, SectionOrderID) VALUES (329, 'ITA', '67', 2, 2);
INSERT INTO ArrestSurrender (ArrestSurrenderID, CaseMasterID, ArrestSurrenderTypeID, ArrestSurrenderDate, ArrestSurrenderStateId, ArrestSurrenderDistrictId, PoliceStationID, IOID, CourtID, AccusedMasterID, IsAccused, IsComplainantAccused) VALUES (242, 329, 1, '2025-08-05', 1, 8, 7, 78, 23, 768, TRUE, FALSE);
INSERT INTO inv_arrestsurrenderaccused (ArrestSurrenderID, AccusedMasterID) VALUES (242, 768);
INSERT INTO Inv_OccuranceTime (CaseMasterID, OccuranceFromDate, OccuranceToDate, PlaceOfOccurance, latitude, longitude) VALUES (329, '2025-07-24T04:01:00', '2025-07-24T06:01:00', 'Agrawal Zila, Ballari', 11.9213869, 77.6154265);
INSERT INTO ChargesheetDetails (CSID, CaseMasterID, csdate, cstype, PolicePersonID) VALUES (94, 329, '2025-09-15', 'A', 49);

INSERT INTO CaseMaster (CaseMasterID, CrimeNo, CaseNo, CrimeRegisteredDate, PolicePersonID, PoliceStationID, CaseCategoryID, GravityOffenceID, CrimeMajorHeadID, CrimeMinorHeadID, CaseStatusID, CourtID, IncidentFromDate, IncidentToDate, InfoReceivedPSDate, latitude, longitude, BriefFacts) VALUES (330, '300110010202400002', '202400002', '2024-06-18', 25, 10, 3, 1, 6, 33, 3, 38, '2024-06-18T01:10:00', '2024-06-18T01:10:00', '2024-06-18T10:10:00', 12.771823, 74.5611015, 'On 2024-06-18, at about 7:30 AM, the accused Chakradhar Chauhan along with 5 associates formed an unlawful assembly near Muni Circle, Raichur and attacked the complainant Gagan Nath with lethal weapons resulting in injuries.');
INSERT INTO ComplainantDetails (ComplainantID, CaseMasterID, ComplainantName, AgeYear, OccupationID, ReligionID, CasteID, GenderID) VALUES (330, 330, 'Gagan Nath', 62, 14, 4, 4, 2);
INSERT INTO Victim (VictimMasterID, CaseMasterID, VictimName, AgeYear, GenderID, VictimPolice) VALUES (466, 330, 'Gagan Nath', 62, 2, '0');
INSERT INTO Accused (AccusedMasterID, CaseMasterID, AccusedName, AgeYear, GenderID, PersonID) VALUES (769, 330, 'Chakradhar Chauhan', 30, 2, 'A1');
INSERT INTO ActSectionAssociation (CaseMasterID, ActID, SectionID, ActOrderID, SectionOrderID) VALUES (330, 'ITA', '66', 1, 1);
INSERT INTO ActSectionAssociation (CaseMasterID, ActID, SectionID, ActOrderID, SectionOrderID) VALUES (330, 'POCSO', '6', 2, 2);
INSERT INTO ArrestSurrender (ArrestSurrenderID, CaseMasterID, ArrestSurrenderTypeID, ArrestSurrenderDate, ArrestSurrenderStateId, ArrestSurrenderDistrictId, PoliceStationID, IOID, CourtID, AccusedMasterID, IsAccused, IsComplainantAccused) VALUES (243, 330, 2, '2024-07-10', 1, 11, 10, 29, 38, 769, TRUE, FALSE);
INSERT INTO inv_arrestsurrenderaccused (ArrestSurrenderID, AccusedMasterID) VALUES (243, 769);
INSERT INTO Inv_OccuranceTime (CaseMasterID, OccuranceFromDate, OccuranceToDate, PlaceOfOccurance, latitude, longitude) VALUES (330, '2024-06-18T01:10:00', '2024-06-18T01:10:00', 'Muni Circle, Raichur', 12.771823, 74.5611015);

INSERT INTO CaseMaster (CaseMasterID, CrimeNo, CaseNo, CrimeRegisteredDate, PolicePersonID, PoliceStationID, CaseCategoryID, GravityOffenceID, CrimeMajorHeadID, CrimeMinorHeadID, CaseStatusID, CourtID, IncidentFromDate, IncidentToDate, InfoReceivedPSDate, latitude, longitude, BriefFacts) VALUES (331, '400080007202300001', '202300001', '2023-08-07', 5, 7, 4, 4, 3, 18, 2, 40, '2023-08-07T20:36:00', '2023-08-07T22:36:00', '2023-08-08T00:36:00', 15.8271902, 74.5063874, 'On 2023-08-07, at about 1:30 AM, the accused Eiravati Sastry along with 3 associates formed an unlawful assembly near Mahajan Zila, Ballari and attacked the complainant Shaurya Nagi with lethal weapons resulting in injuries.');
INSERT INTO ComplainantDetails (ComplainantID, CaseMasterID, ComplainantName, AgeYear, OccupationID, ReligionID, CasteID, GenderID) VALUES (331, 331, 'Shaurya Nagi', 40, 10, 5, 5, 2);
INSERT INTO Victim (VictimMasterID, CaseMasterID, VictimName, AgeYear, GenderID, VictimPolice) VALUES (467, 331, 'Reyansh Mangat', 49, 2, '0');
INSERT INTO Accused (AccusedMasterID, CaseMasterID, AccusedName, AgeYear, GenderID, PersonID) VALUES (770, 331, 'Eiravati Sastry', 37, 2, 'A1');
INSERT INTO Accused (AccusedMasterID, CaseMasterID, AccusedName, AgeYear, GenderID, PersonID) VALUES (771, 331, 'Nakul Mahal', 36, 1, 'A2');
INSERT INTO ActSectionAssociation (CaseMasterID, ActID, SectionID, ActOrderID, SectionOrderID) VALUES (331, 'POCSO', '4', 1, 1);
INSERT INTO ActSectionAssociation (CaseMasterID, ActID, SectionID, ActOrderID, SectionOrderID) VALUES (331, 'POCSO', '8', 2, 2);
INSERT INTO ArrestSurrender (ArrestSurrenderID, CaseMasterID, ArrestSurrenderTypeID, ArrestSurrenderDate, ArrestSurrenderStateId, ArrestSurrenderDistrictId, PoliceStationID, IOID, CourtID, AccusedMasterID, IsAccused, IsComplainantAccused) VALUES (244, 331, 2, '2023-09-29', 1, 8, 7, 36, 40, 770, TRUE, FALSE);
INSERT INTO inv_arrestsurrenderaccused (ArrestSurrenderID, AccusedMasterID) VALUES (244, 770);
INSERT INTO Inv_OccuranceTime (CaseMasterID, OccuranceFromDate, OccuranceToDate, PlaceOfOccurance, latitude, longitude) VALUES (331, '2023-08-07T20:36:00', '2023-08-07T22:36:00', 'Mahajan Zila, Ballari', 15.8271902, 74.5063874);
INSERT INTO ChargesheetDetails (CSID, CaseMasterID, csdate, cstype, PolicePersonID) VALUES (95, 331, '2024-02-01', 'A', 58);

INSERT INTO CaseMaster (CaseMasterID, CrimeNo, CaseNo, CrimeRegisteredDate, PolicePersonID, PoliceStationID, CaseCategoryID, GravityOffenceID, CrimeMajorHeadID, CrimeMinorHeadID, CaseStatusID, CourtID, IncidentFromDate, IncidentToDate, InfoReceivedPSDate, latitude, longitude, BriefFacts) VALUES (332, '300090008202300001', '202300001', '2023-11-16', 74, 8, 3, 3, 5, 27, 1, 34, '2023-11-16T05:09:00', '2023-11-16T06:09:00', '2023-11-16T06:09:00', 17.3574007, 77.1482369, 'A case of cheating was reported by Samuel Palla stating that the accused Yash Garg fraudulently obtained Rs. 50000 by promising a job in a government department. The accused collected money over a period of 18 months and disappeared.');
INSERT INTO ComplainantDetails (ComplainantID, CaseMasterID, ComplainantName, AgeYear, OccupationID, ReligionID, CasteID, GenderID) VALUES (332, 332, 'Samuel Palla', 23, 6, 1, 4, 1);
INSERT INTO Victim (VictimMasterID, CaseMasterID, VictimName, AgeYear, GenderID, VictimPolice) VALUES (468, 332, 'Anika Dhaliwal', 43, 3, '0');
INSERT INTO Accused (AccusedMasterID, CaseMasterID, AccusedName, AgeYear, GenderID, PersonID) VALUES (772, 332, 'Yash Garg', 44, 2, 'A1');
INSERT INTO ActSectionAssociation (CaseMasterID, ActID, SectionID, ActOrderID, SectionOrderID) VALUES (332, 'ITA', '66C', 1, 1);
INSERT INTO ActSectionAssociation (CaseMasterID, ActID, SectionID, ActOrderID, SectionOrderID) VALUES (332, 'NDPS', '20', 2, 2);
INSERT INTO ArrestSurrender (ArrestSurrenderID, CaseMasterID, ArrestSurrenderTypeID, ArrestSurrenderDate, ArrestSurrenderStateId, ArrestSurrenderDistrictId, PoliceStationID, IOID, CourtID, AccusedMasterID, IsAccused, IsComplainantAccused) VALUES (245, 332, 2, '2023-12-03', 1, 9, 8, 39, 34, 772, TRUE, FALSE);
INSERT INTO inv_arrestsurrenderaccused (ArrestSurrenderID, AccusedMasterID) VALUES (245, 772);
INSERT INTO Inv_OccuranceTime (CaseMasterID, OccuranceFromDate, OccuranceToDate, PlaceOfOccurance, latitude, longitude) VALUES (332, '2023-11-16T05:09:00', '2023-11-16T06:09:00', 'Mukhopadhyay Zila, Tumakuru', 17.3574007, 77.1482369);

INSERT INTO CaseMaster (CaseMasterID, CrimeNo, CaseNo, CrimeRegisteredDate, PolicePersonID, PoliceStationID, CaseCategoryID, GravityOffenceID, CrimeMajorHeadID, CrimeMinorHeadID, CaseStatusID, CourtID, IncidentFromDate, IncidentToDate, InfoReceivedPSDate, latitude, longitude, BriefFacts) VALUES (333, '400010030202500001', '202500001', '2025-05-16', 9, 30, 4, 2, 7, 40, 1, 4, '2025-05-16T11:06:00', '2025-05-16T12:06:00', '2025-05-17T00:06:00', 12.490046, 77.3178352, 'The deceased Sachi Bedi, aged 39, was found dead under suspicious circumstances at Cherian Nagar, Bengaluru Urban on 2025-05-16. The investigation revealed that the accused Ayush Sinha, who is a relative of the deceased, had a dispute over property worth Rs. 500000.');
INSERT INTO ComplainantDetails (ComplainantID, CaseMasterID, ComplainantName, AgeYear, OccupationID, ReligionID, CasteID, GenderID) VALUES (333, 333, 'Sachi Bedi', 59, 7, 1, 3, 2);
INSERT INTO Victim (VictimMasterID, CaseMasterID, VictimName, AgeYear, GenderID, VictimPolice) VALUES (469, 333, 'Sachi Bedi', 29, 2, '0');
INSERT INTO Accused (AccusedMasterID, CaseMasterID, AccusedName, AgeYear, GenderID, PersonID) VALUES (773, 333, 'Ayush Sinha', 32, 1, 'A1');
INSERT INTO ActSectionAssociation (CaseMasterID, ActID, SectionID, ActOrderID, SectionOrderID) VALUES (333, 'NDPS', '27', 1, 1);
INSERT INTO ArrestSurrender (ArrestSurrenderID, CaseMasterID, ArrestSurrenderTypeID, ArrestSurrenderDate, ArrestSurrenderStateId, ArrestSurrenderDistrictId, PoliceStationID, IOID, CourtID, AccusedMasterID, IsAccused, IsComplainantAccused) VALUES (246, 333, 1, '2025-06-03', 1, 1, 30, 25, 4, 773, TRUE, FALSE);
INSERT INTO inv_arrestsurrenderaccused (ArrestSurrenderID, AccusedMasterID) VALUES (246, 773);
INSERT INTO Inv_OccuranceTime (CaseMasterID, OccuranceFromDate, OccuranceToDate, PlaceOfOccurance, latitude, longitude) VALUES (333, '2025-05-16T11:06:00', '2025-05-16T12:06:00', 'Cherian Nagar, Bengaluru Urban', 12.490046, 77.3178352);

INSERT INTO CaseMaster (CaseMasterID, CrimeNo, CaseNo, CrimeRegisteredDate, PolicePersonID, PoliceStationID, CaseCategoryID, GravityOffenceID, CrimeMajorHeadID, CrimeMinorHeadID, CaseStatusID, CourtID, IncidentFromDate, IncidentToDate, InfoReceivedPSDate, latitude, longitude, BriefFacts) VALUES (334, '400070006202400002', '202400002', '2024-09-06', 18, 6, 4, 1, 2, 16, 1, 30, '2024-09-06T00:19:00', '2024-09-06T01:19:00', '2024-09-06T11:19:00', 15.30388, 75.1644578, 'On 2024-09-06, the Anti-Narcotics squad conducted a raid at Brar Circle, Kalaburagi and seized 5000 grams of methamphetamine from the possession of the accused Gaurangi Hora. The accused was found to be part of a supply chain operating across Bengaluru Rural and Hubballi-Dharwad.');
INSERT INTO ComplainantDetails (ComplainantID, CaseMasterID, ComplainantName, AgeYear, OccupationID, ReligionID, CasteID, GenderID) VALUES (334, 334, 'Pooja Ramanathan', 61, 3, 6, 4, 2);
INSERT INTO Victim (VictimMasterID, CaseMasterID, VictimName, AgeYear, GenderID, VictimPolice) VALUES (470, 334, 'Sanaya Parekh', 13, 2, '0');
INSERT INTO Victim (VictimMasterID, CaseMasterID, VictimName, AgeYear, GenderID, VictimPolice) VALUES (471, 334, 'Karan Chander', 9, 2, '0');
INSERT INTO Accused (AccusedMasterID, CaseMasterID, AccusedName, AgeYear, GenderID, PersonID) VALUES (774, 334, 'Gaurangi Hora', 27, 1, 'A1');
INSERT INTO ActSectionAssociation (CaseMasterID, ActID, SectionID, ActOrderID, SectionOrderID) VALUES (334, 'POCSO', '4', 1, 1);
INSERT INTO ActSectionAssociation (CaseMasterID, ActID, SectionID, ActOrderID, SectionOrderID) VALUES (334, 'NDPS', '20', 2, 2);
INSERT INTO ActSectionAssociation (CaseMasterID, ActID, SectionID, ActOrderID, SectionOrderID) VALUES (334, 'POCSO', '6', 3, 3);
INSERT INTO ArrestSurrender (ArrestSurrenderID, CaseMasterID, ArrestSurrenderTypeID, ArrestSurrenderDate, ArrestSurrenderStateId, ArrestSurrenderDistrictId, PoliceStationID, IOID, CourtID, AccusedMasterID, IsAccused, IsComplainantAccused) VALUES (247, 334, 2, '2024-10-24', 1, 7, 6, 21, 30, 774, TRUE, FALSE);
INSERT INTO inv_arrestsurrenderaccused (ArrestSurrenderID, AccusedMasterID) VALUES (247, 774);
INSERT INTO Inv_OccuranceTime (CaseMasterID, OccuranceFromDate, OccuranceToDate, PlaceOfOccurance, latitude, longitude) VALUES (334, '2024-09-06T00:19:00', '2024-09-06T01:19:00', 'Brar Circle, Kalaburagi', 15.30388, 75.1644578);

INSERT INTO CaseMaster (CaseMasterID, CrimeNo, CaseNo, CrimeRegisteredDate, PolicePersonID, PoliceStationID, CaseCategoryID, GravityOffenceID, CrimeMajorHeadID, CrimeMinorHeadID, CaseStatusID, CourtID, IncidentFromDate, IncidentToDate, InfoReceivedPSDate, latitude, longitude, BriefFacts) VALUES (335, '200080007202500001', '202500001', '2025-12-20', 18, 7, 2, 2, 7, 40, 3, 1, '2025-12-20T03:13:00', '2025-12-20T04:13:00', '2025-12-20T04:13:00', 12.2642809, 76.696572, 'The complainant Gunbir Shah reported domestic violence by husband Udyati Singhal and in-laws. The accused demanded additional dowry of Rs. 10000 and subjected the complainant to physical and mental harassment since 4 years.');
INSERT INTO ComplainantDetails (ComplainantID, CaseMasterID, ComplainantName, AgeYear, OccupationID, ReligionID, CasteID, GenderID) VALUES (335, 335, 'Gunbir Shah', 40, 8, 6, 1, 1);
INSERT INTO Victim (VictimMasterID, CaseMasterID, VictimName, AgeYear, GenderID, VictimPolice) VALUES (472, 335, 'Gunbir Shah', 52, 1, '0');
INSERT INTO Accused (AccusedMasterID, CaseMasterID, AccusedName, AgeYear, GenderID, PersonID) VALUES (775, 335, 'Udyati Singhal', 29, 1, 'A1');
INSERT INTO Accused (AccusedMasterID, CaseMasterID, AccusedName, AgeYear, GenderID, PersonID) VALUES (776, 335, 'Aarna Patla', 53, 2, 'A2');
INSERT INTO Accused (AccusedMasterID, CaseMasterID, AccusedName, AgeYear, GenderID, PersonID) VALUES (777, 335, 'Qadim Narayanan', 28, 1, 'A3');
INSERT INTO Accused (AccusedMasterID, CaseMasterID, AccusedName, AgeYear, GenderID, PersonID) VALUES (778, 335, 'Nakul Sarma', 26, 1, 'A4');
INSERT INTO Accused (AccusedMasterID, CaseMasterID, AccusedName, AgeYear, GenderID, PersonID) VALUES (779, 335, 'Abhiram Mistry', 47, 1, 'A5');
INSERT INTO ActSectionAssociation (CaseMasterID, ActID, SectionID, ActOrderID, SectionOrderID) VALUES (335, 'IPC', '304', 1, 1);
INSERT INTO ActSectionAssociation (CaseMasterID, ActID, SectionID, ActOrderID, SectionOrderID) VALUES (335, 'ITA', '66C', 2, 2);
INSERT INTO ActSectionAssociation (CaseMasterID, ActID, SectionID, ActOrderID, SectionOrderID) VALUES (335, 'NDPS', '27', 3, 3);
INSERT INTO Inv_OccuranceTime (CaseMasterID, OccuranceFromDate, OccuranceToDate, PlaceOfOccurance, latitude, longitude) VALUES (335, '2025-12-20T03:13:00', '2025-12-20T04:13:00', 'Kapur Ganj, Ballari', 12.2642809, 76.696572);

INSERT INTO CaseMaster (CaseMasterID, CrimeNo, CaseNo, CrimeRegisteredDate, PolicePersonID, PoliceStationID, CaseCategoryID, GravityOffenceID, CrimeMajorHeadID, CrimeMinorHeadID, CaseStatusID, CourtID, IncidentFromDate, IncidentToDate, InfoReceivedPSDate, latitude, longitude, BriefFacts) VALUES (336, '300030002202500002', '202500002', '2025-11-24', 48, 2, 3, 1, 5, 29, 4, 27, '2025-11-24T14:46:00', '2025-11-24T14:46:00', '2025-11-24T21:46:00', 13.3126045, 77.9739402, 'On 2025-11-24, at about 7:00 AM, the accused Indali Srinivas along with 3 associates formed an unlawful assembly near Garde Chowk, Mysuru and attacked the complainant Sudiksha Sura with lethal weapons resulting in injuries.');
INSERT INTO ComplainantDetails (ComplainantID, CaseMasterID, ComplainantName, AgeYear, OccupationID, ReligionID, CasteID, GenderID) VALUES (336, 336, 'Sudiksha Sura', 29, 11, 5, 1, 1);
INSERT INTO Victim (VictimMasterID, CaseMasterID, VictimName, AgeYear, GenderID, VictimPolice) VALUES (473, 336, 'Dhruv Soman', 10, 3, '0');
INSERT INTO Accused (AccusedMasterID, CaseMasterID, AccusedName, AgeYear, GenderID, PersonID) VALUES (780, 336, 'Indali Srinivas', 43, 2, 'A1');
INSERT INTO ActSectionAssociation (CaseMasterID, ActID, SectionID, ActOrderID, SectionOrderID) VALUES (336, 'POCSO', '8', 1, 1);
INSERT INTO ActSectionAssociation (CaseMasterID, ActID, SectionID, ActOrderID, SectionOrderID) VALUES (336, 'NDPS', '20', 2, 2);
INSERT INTO ActSectionAssociation (CaseMasterID, ActID, SectionID, ActOrderID, SectionOrderID) VALUES (336, 'ITA', '66C', 3, 3);
INSERT INTO Inv_OccuranceTime (CaseMasterID, OccuranceFromDate, OccuranceToDate, PlaceOfOccurance, latitude, longitude) VALUES (336, '2025-11-24T14:46:00', '2025-11-24T14:46:00', 'Garde Chowk, Mysuru', 13.3126045, 77.9739402);

INSERT INTO CaseMaster (CaseMasterID, CrimeNo, CaseNo, CrimeRegisteredDate, PolicePersonID, PoliceStationID, CaseCategoryID, GravityOffenceID, CrimeMajorHeadID, CrimeMinorHeadID, CaseStatusID, CourtID, IncidentFromDate, IncidentToDate, InfoReceivedPSDate, latitude, longitude, BriefFacts) VALUES (337, '400200019202400003', '202400003', '2024-05-18', 10, 19, 4, 2, 1, 7, 1, 6, '2024-05-18T16:02:00', '2024-05-18T17:02:00', '2024-05-19T04:02:00', 12.3345807, 76.0605032, 'A cyber fraud was reported by Joshua Trivedi. The accused posed as a bank official and obtained OTP and banking credentials through a phone call on 2024-05-18. An amount of Rs. 10000 was fraudulently transferred from the complainant''s account.');
INSERT INTO ComplainantDetails (ComplainantID, CaseMasterID, ComplainantName, AgeYear, OccupationID, ReligionID, CasteID, GenderID) VALUES (337, 337, 'Joshua Trivedi', 36, 12, 2, 5, 2);
INSERT INTO Victim (VictimMasterID, CaseMasterID, VictimName, AgeYear, GenderID, VictimPolice) VALUES (474, 337, 'Nidra Chhabra', 19, 2, '0');
INSERT INTO Victim (VictimMasterID, CaseMasterID, VictimName, AgeYear, GenderID, VictimPolice) VALUES (475, 337, 'Odika Khare', 27, 1, '0');
INSERT INTO Accused (AccusedMasterID, CaseMasterID, AccusedName, AgeYear, GenderID, PersonID) VALUES (781, 337, 'Ekavir Mittal', 34, 1, 'A1');
INSERT INTO Accused (AccusedMasterID, CaseMasterID, AccusedName, AgeYear, GenderID, PersonID) VALUES (782, 337, 'Nathan Subramaniam', 47, 1, 'A2');
INSERT INTO Accused (AccusedMasterID, CaseMasterID, AccusedName, AgeYear, GenderID, PersonID) VALUES (783, 337, 'Dominic Oak', 41, 2, 'A3');
INSERT INTO Accused (AccusedMasterID, CaseMasterID, AccusedName, AgeYear, GenderID, PersonID) VALUES (784, 337, 'Diya Bora', 42, 1, 'A4');
INSERT INTO Accused (AccusedMasterID, CaseMasterID, AccusedName, AgeYear, GenderID, PersonID) VALUES (785, 337, 'Raagini Saran', 38, 2, 'A5');
INSERT INTO ActSectionAssociation (CaseMasterID, ActID, SectionID, ActOrderID, SectionOrderID) VALUES (337, 'ITA', '66C', 1, 1);
INSERT INTO ActSectionAssociation (CaseMasterID, ActID, SectionID, ActOrderID, SectionOrderID) VALUES (337, 'NDPS', '27', 2, 2);
INSERT INTO ActSectionAssociation (CaseMasterID, ActID, SectionID, ActOrderID, SectionOrderID) VALUES (337, 'IPC', '363', 3, 3);
INSERT INTO ArrestSurrender (ArrestSurrenderID, CaseMasterID, ArrestSurrenderTypeID, ArrestSurrenderDate, ArrestSurrenderStateId, ArrestSurrenderDistrictId, PoliceStationID, IOID, CourtID, AccusedMasterID, IsAccused, IsComplainantAccused) VALUES (248, 337, 2, '2024-06-05', 1, 20, 19, 39, 6, 782, TRUE, FALSE);
INSERT INTO inv_arrestsurrenderaccused (ArrestSurrenderID, AccusedMasterID) VALUES (248, 782);
INSERT INTO Inv_OccuranceTime (CaseMasterID, OccuranceFromDate, OccuranceToDate, PlaceOfOccurance, latitude, longitude) VALUES (337, '2024-05-18T16:02:00', '2024-05-18T17:02:00', 'Shenoy Circle, Haveri', 12.3345807, 76.0605032);

INSERT INTO CaseMaster (CaseMasterID, CrimeNo, CaseNo, CrimeRegisteredDate, PolicePersonID, PoliceStationID, CaseCategoryID, GravityOffenceID, CrimeMajorHeadID, CrimeMinorHeadID, CaseStatusID, CourtID, IncidentFromDate, IncidentToDate, InfoReceivedPSDate, latitude, longitude, BriefFacts) VALUES (338, '400300029202500003', '202500003', '2025-03-26', 3, 29, 4, 3, 6, 33, 4, 32, '2025-03-26T14:01:00', '2025-03-26T15:01:00', '2025-03-26T15:01:00', 12.8752909, 74.8389016, 'A cyber fraud was reported by Warinder Ghose. The accused posed as a bank official and obtained OTP and banking credentials through a phone call on 2025-03-26. An amount of Rs. 250000 was fraudulently transferred from the complainant''s account.');
INSERT INTO ComplainantDetails (ComplainantID, CaseMasterID, ComplainantName, AgeYear, OccupationID, ReligionID, CasteID, GenderID) VALUES (338, 338, 'Warinder Ghose', 46, 8, 3, 2, 2);
INSERT INTO Victim (VictimMasterID, CaseMasterID, VictimName, AgeYear, GenderID, VictimPolice) VALUES (476, 338, 'Vidhi Contractor', 65, 2, '0');
INSERT INTO Victim (VictimMasterID, CaseMasterID, VictimName, AgeYear, GenderID, VictimPolice) VALUES (477, 338, 'Nidra Boase', 25, 2, '0');
INSERT INTO Victim (VictimMasterID, CaseMasterID, VictimName, AgeYear, GenderID, VictimPolice) VALUES (478, 338, 'Ladli Narang', 7, 2, '0');
INSERT INTO Accused (AccusedMasterID, CaseMasterID, AccusedName, AgeYear, GenderID, PersonID) VALUES (786, 338, 'Eshana Chatterjee', 52, 1, 'A1');
INSERT INTO ActSectionAssociation (CaseMasterID, ActID, SectionID, ActOrderID, SectionOrderID) VALUES (338, 'NDPS', '20', 1, 1);
INSERT INTO Inv_OccuranceTime (CaseMasterID, OccuranceFromDate, OccuranceToDate, PlaceOfOccurance, latitude, longitude) VALUES (338, '2025-03-26T14:01:00', '2025-03-26T15:01:00', 'Goda Chowk, Bidar', 12.8752909, 74.8389016);

INSERT INTO CaseMaster (CaseMasterID, CrimeNo, CaseNo, CrimeRegisteredDate, PolicePersonID, PoliceStationID, CaseCategoryID, GravityOffenceID, CrimeMajorHeadID, CrimeMinorHeadID, CaseStatusID, CourtID, IncidentFromDate, IncidentToDate, InfoReceivedPSDate, latitude, longitude, BriefFacts) VALUES (339, '800250024202500002', '202500002', '2025-01-05', 21, 24, 8, 2, 7, 38, 1, 5, '2025-01-05T10:20:00', '2025-01-05T14:20:00', '2025-01-05T20:20:00', 15.8553619, 74.5258098, 'A case of cheating was reported by Gautam Kalla stating that the accused Aadi Din fraudulently obtained Rs. 100000 by promising a job in a government department. The accused collected money over a period of 3 months and disappeared.');
INSERT INTO ComplainantDetails (ComplainantID, CaseMasterID, ComplainantName, AgeYear, OccupationID, ReligionID, CasteID, GenderID) VALUES (339, 339, 'Gautam Kalla', 26, 7, 2, 1, 1);
INSERT INTO Victim (VictimMasterID, CaseMasterID, VictimName, AgeYear, GenderID, VictimPolice) VALUES (479, 339, 'Gautam Kalla', 10, 1, '0');
INSERT INTO Accused (AccusedMasterID, CaseMasterID, AccusedName, AgeYear, GenderID, PersonID) VALUES (787, 339, 'Aadi Din', 32, 1, 'A1');
INSERT INTO Accused (AccusedMasterID, CaseMasterID, AccusedName, AgeYear, GenderID, PersonID) VALUES (788, 339, 'Kala Divan', 23, 1, 'A2');
INSERT INTO ActSectionAssociation (CaseMasterID, ActID, SectionID, ActOrderID, SectionOrderID) VALUES (339, 'IPC', '457', 1, 1);
INSERT INTO ArrestSurrender (ArrestSurrenderID, CaseMasterID, ArrestSurrenderTypeID, ArrestSurrenderDate, ArrestSurrenderStateId, ArrestSurrenderDistrictId, PoliceStationID, IOID, CourtID, AccusedMasterID, IsAccused, IsComplainantAccused) VALUES (249, 339, 2, '2025-02-21', 1, 25, 24, 66, 5, 788, TRUE, FALSE);
INSERT INTO inv_arrestsurrenderaccused (ArrestSurrenderID, AccusedMasterID) VALUES (249, 788);
INSERT INTO Inv_OccuranceTime (CaseMasterID, OccuranceFromDate, OccuranceToDate, PlaceOfOccurance, latitude, longitude) VALUES (339, '2025-01-05T10:20:00', '2025-01-05T14:20:00', 'Sethi Street, Chikkamagaluru', 15.8553619, 74.5258098);

INSERT INTO CaseMaster (CaseMasterID, CrimeNo, CaseNo, CrimeRegisteredDate, PolicePersonID, PoliceStationID, CaseCategoryID, GravityOffenceID, CrimeMajorHeadID, CrimeMinorHeadID, CaseStatusID, CourtID, IncidentFromDate, IncidentToDate, InfoReceivedPSDate, latitude, longitude, BriefFacts) VALUES (340, '100240023202500002', '202500002', '2025-02-15', 48, 23, 1, 2, 5, 28, 2, 35, '2025-02-15T18:07:00', '2025-02-15T22:07:00', '2025-02-16T03:07:00', 15.8477685, 74.5039152, 'A cyber fraud was reported by Sanya Hayre. The accused posed as a bank official and obtained OTP and banking credentials through a phone call on 2025-02-15. An amount of Rs. 5000 was fraudulently transferred from the complainant''s account.');
INSERT INTO ComplainantDetails (ComplainantID, CaseMasterID, ComplainantName, AgeYear, OccupationID, ReligionID, CasteID, GenderID) VALUES (340, 340, 'Sanya Hayre', 44, 13, 3, 4, 2);
INSERT INTO Victim (VictimMasterID, CaseMasterID, VictimName, AgeYear, GenderID, VictimPolice) VALUES (480, 340, 'Sanya Hayre', 20, 3, '0');
INSERT INTO Victim (VictimMasterID, CaseMasterID, VictimName, AgeYear, GenderID, VictimPolice) VALUES (481, 340, 'Hemangini Chakraborty', 21, 1, '0');
INSERT INTO Accused (AccusedMasterID, CaseMasterID, AccusedName, AgeYear, GenderID, PersonID) VALUES (789, 340, 'Edhitha Mistry', 27, 2, 'A1');
INSERT INTO ActSectionAssociation (CaseMasterID, ActID, SectionID, ActOrderID, SectionOrderID) VALUES (340, 'NDPS', '20', 1, 1);
INSERT INTO ArrestSurrender (ArrestSurrenderID, CaseMasterID, ArrestSurrenderTypeID, ArrestSurrenderDate, ArrestSurrenderStateId, ArrestSurrenderDistrictId, PoliceStationID, IOID, CourtID, AccusedMasterID, IsAccused, IsComplainantAccused) VALUES (250, 340, 1, '2025-03-31', 1, 24, 23, 6, 35, 789, TRUE, FALSE);
INSERT INTO inv_arrestsurrenderaccused (ArrestSurrenderID, AccusedMasterID) VALUES (250, 789);
INSERT INTO Inv_OccuranceTime (CaseMasterID, OccuranceFromDate, OccuranceToDate, PlaceOfOccurance, latitude, longitude) VALUES (340, '2025-02-15T18:07:00', '2025-02-15T22:07:00', 'Modi, Chikkaballapura', 15.8477685, 74.5039152);
INSERT INTO ChargesheetDetails (CSID, CaseMasterID, csdate, cstype, PolicePersonID) VALUES (96, 340, '2025-05-28', 'A', 21);

INSERT INTO CaseMaster (CaseMasterID, CrimeNo, CaseNo, CrimeRegisteredDate, PolicePersonID, PoliceStationID, CaseCategoryID, GravityOffenceID, CrimeMajorHeadID, CrimeMinorHeadID, CaseStatusID, CourtID, IncidentFromDate, IncidentToDate, InfoReceivedPSDate, latitude, longitude, BriefFacts) VALUES (341, '800100009202500001', '202500001', '2025-04-12', 69, 9, 8, 2, 1, 8, 1, 32, '2025-04-12T22:55:00', '2025-04-12T22:55:00', '2025-04-12T23:55:00', 17.919256, 76.5575838, 'A case of cheating was reported by Joshua Menon stating that the accused Jagrati Choudhary fraudulently obtained Rs. 2500000 by promising a job in a government department. The accused collected money over a period of 7 months and disappeared.');
INSERT INTO ComplainantDetails (ComplainantID, CaseMasterID, ComplainantName, AgeYear, OccupationID, ReligionID, CasteID, GenderID) VALUES (341, 341, 'Joshua Menon', 64, 6, 6, 1, 1);
INSERT INTO Victim (VictimMasterID, CaseMasterID, VictimName, AgeYear, GenderID, VictimPolice) VALUES (482, 341, 'Kala Bera', 30, 3, '0');
INSERT INTO Accused (AccusedMasterID, CaseMasterID, AccusedName, AgeYear, GenderID, PersonID) VALUES (790, 341, 'Jagrati Choudhary', 52, 2, 'A1');
INSERT INTO ActSectionAssociation (CaseMasterID, ActID, SectionID, ActOrderID, SectionOrderID) VALUES (341, 'IPC', '302', 1, 1);
INSERT INTO ArrestSurrender (ArrestSurrenderID, CaseMasterID, ArrestSurrenderTypeID, ArrestSurrenderDate, ArrestSurrenderStateId, ArrestSurrenderDistrictId, PoliceStationID, IOID, CourtID, AccusedMasterID, IsAccused, IsComplainantAccused) VALUES (251, 341, 1, '2025-06-02', 1, 10, 9, 35, 32, 790, TRUE, FALSE);
INSERT INTO inv_arrestsurrenderaccused (ArrestSurrenderID, AccusedMasterID) VALUES (251, 790);
INSERT INTO Inv_OccuranceTime (CaseMasterID, OccuranceFromDate, OccuranceToDate, PlaceOfOccurance, latitude, longitude) VALUES (341, '2025-04-12T22:55:00', '2025-04-12T22:55:00', 'Balasubramanian Road, Shivamogga', 17.919256, 76.5575838);

INSERT INTO CaseMaster (CaseMasterID, CrimeNo, CaseNo, CrimeRegisteredDate, PolicePersonID, PoliceStationID, CaseCategoryID, GravityOffenceID, CrimeMajorHeadID, CrimeMinorHeadID, CaseStatusID, CourtID, IncidentFromDate, IncidentToDate, InfoReceivedPSDate, latitude, longitude, BriefFacts) VALUES (342, '200300029202400001', '202400001', '2024-03-27', 68, 29, 2, 2, 6, 36, 3, 23, '2024-03-27T19:10:00', '2024-03-27T23:10:00', '2024-03-28T11:10:00', 12.3814223, 76.5957088, 'On 2024-03-27, the Anti-Narcotics squad conducted a raid at Kakar Circle, Bidar and seized 100 grams of MDMA from the possession of the accused Baghyawati Kade. The accused was found to be part of a supply chain operating across Hassan and Uttara Kannada.');
INSERT INTO ComplainantDetails (ComplainantID, CaseMasterID, ComplainantName, AgeYear, OccupationID, ReligionID, CasteID, GenderID) VALUES (342, 342, 'Eesha Raja', 25, 11, 6, 1, 2);
INSERT INTO Victim (VictimMasterID, CaseMasterID, VictimName, AgeYear, GenderID, VictimPolice) VALUES (483, 342, 'Lakshmi Saran', 63, 1, '0');
INSERT INTO Accused (AccusedMasterID, CaseMasterID, AccusedName, AgeYear, GenderID, PersonID) VALUES (791, 342, 'Baghyawati Kade', 24, 1, 'A1');
INSERT INTO Accused (AccusedMasterID, CaseMasterID, AccusedName, AgeYear, GenderID, PersonID) VALUES (792, 342, 'Vaishnavi Dewan', 30, 1, 'A2');
INSERT INTO ActSectionAssociation (CaseMasterID, ActID, SectionID, ActOrderID, SectionOrderID) VALUES (342, 'NDPS', '20', 1, 1);
INSERT INTO ActSectionAssociation (CaseMasterID, ActID, SectionID, ActOrderID, SectionOrderID) VALUES (342, 'NDPS', '27', 2, 2);
INSERT INTO Inv_OccuranceTime (CaseMasterID, OccuranceFromDate, OccuranceToDate, PlaceOfOccurance, latitude, longitude) VALUES (342, '2024-03-27T19:10:00', '2024-03-27T23:10:00', 'Kakar Circle, Bidar', 12.3814223, 76.5957088);

INSERT INTO CaseMaster (CaseMasterID, CrimeNo, CaseNo, CrimeRegisteredDate, PolicePersonID, PoliceStationID, CaseCategoryID, GravityOffenceID, CrimeMajorHeadID, CrimeMinorHeadID, CaseStatusID, CourtID, IncidentFromDate, IncidentToDate, InfoReceivedPSDate, latitude, longitude, BriefFacts) VALUES (343, '800250024202400002', '202400002', '2024-02-05', 29, 24, 8, 3, 2, 12, 2, 39, '2024-02-05T22:48:00', '2024-02-05T22:48:00', '2024-02-06T04:48:00', 11.9431048, 76.1459182, 'A cyber fraud was reported by Jagvi Sahni. The accused posed as a bank official and obtained OTP and banking credentials through a phone call on 2024-02-05. An amount of Rs. 250000 was fraudulently transferred from the complainant''s account.');
INSERT INTO ComplainantDetails (ComplainantID, CaseMasterID, ComplainantName, AgeYear, OccupationID, ReligionID, CasteID, GenderID) VALUES (343, 343, 'Jagvi Sahni', 46, 4, 4, 5, 1);
INSERT INTO Victim (VictimMasterID, CaseMasterID, VictimName, AgeYear, GenderID, VictimPolice) VALUES (484, 343, 'Bhavya Dass', 58, 3, '0');
INSERT INTO Accused (AccusedMasterID, CaseMasterID, AccusedName, AgeYear, GenderID, PersonID) VALUES (793, 343, 'Advay Bora', 52, 2, 'A1');
INSERT INTO Accused (AccusedMasterID, CaseMasterID, AccusedName, AgeYear, GenderID, PersonID) VALUES (794, 343, 'Rajeshri Deshpande', 49, 1, 'A2');
INSERT INTO ActSectionAssociation (CaseMasterID, ActID, SectionID, ActOrderID, SectionOrderID) VALUES (343, 'IPC', '363', 1, 1);
INSERT INTO ActSectionAssociation (CaseMasterID, ActID, SectionID, ActOrderID, SectionOrderID) VALUES (343, 'NDPS', '27', 2, 2);
INSERT INTO ActSectionAssociation (CaseMasterID, ActID, SectionID, ActOrderID, SectionOrderID) VALUES (343, 'ITA', '67', 3, 3);
INSERT INTO ArrestSurrender (ArrestSurrenderID, CaseMasterID, ArrestSurrenderTypeID, ArrestSurrenderDate, ArrestSurrenderStateId, ArrestSurrenderDistrictId, PoliceStationID, IOID, CourtID, AccusedMasterID, IsAccused, IsComplainantAccused) VALUES (252, 343, 2, '2024-03-15', 1, 25, 24, 74, 39, 794, TRUE, FALSE);
INSERT INTO inv_arrestsurrenderaccused (ArrestSurrenderID, AccusedMasterID) VALUES (252, 794);
INSERT INTO ArrestSurrender (ArrestSurrenderID, CaseMasterID, ArrestSurrenderTypeID, ArrestSurrenderDate, ArrestSurrenderStateId, ArrestSurrenderDistrictId, PoliceStationID, IOID, CourtID, AccusedMasterID, IsAccused, IsComplainantAccused) VALUES (253, 343, 1, '2024-03-29', 1, 25, 24, 18, 39, 793, TRUE, FALSE);
INSERT INTO inv_arrestsurrenderaccused (ArrestSurrenderID, AccusedMasterID) VALUES (253, 793);
INSERT INTO Inv_OccuranceTime (CaseMasterID, OccuranceFromDate, OccuranceToDate, PlaceOfOccurance, latitude, longitude) VALUES (343, '2024-02-05T22:48:00', '2024-02-05T22:48:00', 'Dhawan Nagar, Chikkamagaluru', 11.9431048, 76.1459182);
INSERT INTO ChargesheetDetails (CSID, CaseMasterID, csdate, cstype, PolicePersonID) VALUES (97, 343, '2024-05-27', 'A', 58);

INSERT INTO CaseMaster (CaseMasterID, CrimeNo, CaseNo, CrimeRegisteredDate, PolicePersonID, PoliceStationID, CaseCategoryID, GravityOffenceID, CrimeMajorHeadID, CrimeMinorHeadID, CaseStatusID, CourtID, IncidentFromDate, IncidentToDate, InfoReceivedPSDate, latitude, longitude, BriefFacts) VALUES (344, '200110010202300001', '202300001', '2023-10-14', 79, 10, 2, 2, 3, 22, 1, 39, '2023-10-14T14:47:00', '2023-10-14T16:47:00', '2023-10-14T18:47:00', 15.8450362, 74.4928403, 'The deceased Suhani Upadhyay, aged 35, was found dead under suspicious circumstances at Kara Path, Raichur on 2023-10-14. The investigation revealed that the accused Shivani Rajagopalan, who is a relative of the deceased, had a dispute over property worth Rs. 500000.');
INSERT INTO ComplainantDetails (ComplainantID, CaseMasterID, ComplainantName, AgeYear, OccupationID, ReligionID, CasteID, GenderID) VALUES (344, 344, 'Tamanna Sandal', 49, 10, 6, 4, 2);
INSERT INTO Victim (VictimMasterID, CaseMasterID, VictimName, AgeYear, GenderID, VictimPolice) VALUES (485, 344, 'Suhani Upadhyay', 41, 2, '0');
INSERT INTO Accused (AccusedMasterID, CaseMasterID, AccusedName, AgeYear, GenderID, PersonID) VALUES (795, 344, 'Shivani Rajagopalan', 30, 2, 'A1');
INSERT INTO Accused (AccusedMasterID, CaseMasterID, AccusedName, AgeYear, GenderID, PersonID) VALUES (796, 344, 'Zayan Behl', 33, 2, 'A2');
INSERT INTO Accused (AccusedMasterID, CaseMasterID, AccusedName, AgeYear, GenderID, PersonID) VALUES (797, 344, 'Panini Amble', 51, 2, 'A3');
INSERT INTO Accused (AccusedMasterID, CaseMasterID, AccusedName, AgeYear, GenderID, PersonID) VALUES (798, 344, 'Warjas Thaker', 55, 1, 'A4');
INSERT INTO Accused (AccusedMasterID, CaseMasterID, AccusedName, AgeYear, GenderID, PersonID) VALUES (799, 344, 'Nirja Peri', 36, 1, 'A5');
INSERT INTO ActSectionAssociation (CaseMasterID, ActID, SectionID, ActOrderID, SectionOrderID) VALUES (344, 'POCSO', '6', 1, 1);
INSERT INTO ActSectionAssociation (CaseMasterID, ActID, SectionID, ActOrderID, SectionOrderID) VALUES (344, 'IPC', '452', 2, 2);
INSERT INTO Inv_OccuranceTime (CaseMasterID, OccuranceFromDate, OccuranceToDate, PlaceOfOccurance, latitude, longitude) VALUES (344, '2023-10-14T14:47:00', '2023-10-14T16:47:00', 'Kara Path, Raichur', 15.8450362, 74.4928403);

INSERT INTO CaseMaster (CaseMasterID, CrimeNo, CaseNo, CrimeRegisteredDate, PolicePersonID, PoliceStationID, CaseCategoryID, GravityOffenceID, CrimeMajorHeadID, CrimeMinorHeadID, CaseStatusID, CourtID, IncidentFromDate, IncidentToDate, InfoReceivedPSDate, latitude, longitude, BriefFacts) VALUES (345, '800270026202300002', '202300002', '2023-08-19', 51, 26, 8, 1, 3, 21, 7, 8, '2023-08-19T04:29:00', '2023-08-19T04:29:00', '2023-08-19T10:29:00', 18.4060962, 74.7381188, 'On 2023-08-19, the complainant Vasudha Pillay reported that unknown persons broke into their residence at Brar Circle, Chamarajanagara and stole cash amounting to Rs. 100000 and gold ornaments. The accused Ati Shroff was later identified through CCTV footage from a nearby shop.');
INSERT INTO ComplainantDetails (ComplainantID, CaseMasterID, ComplainantName, AgeYear, OccupationID, ReligionID, CasteID, GenderID) VALUES (345, 345, 'Vasudha Pillay', 41, 16, 3, 5, 1);
INSERT INTO Victim (VictimMasterID, CaseMasterID, VictimName, AgeYear, GenderID, VictimPolice) VALUES (486, 345, 'Vasatika Buch', 65, 2, '0');
INSERT INTO Accused (AccusedMasterID, CaseMasterID, AccusedName, AgeYear, GenderID, PersonID) VALUES (800, 345, 'Ati Shroff', 24, 2, 'A1');
INSERT INTO Accused (AccusedMasterID, CaseMasterID, AccusedName, AgeYear, GenderID, PersonID) VALUES (801, 345, 'Yatan Sodhi', 33, 1, 'A2');
INSERT INTO Accused (AccusedMasterID, CaseMasterID, AccusedName, AgeYear, GenderID, PersonID) VALUES (802, 345, 'Zayan Behl', 41, 1, 'A3');
INSERT INTO ActSectionAssociation (CaseMasterID, ActID, SectionID, ActOrderID, SectionOrderID) VALUES (345, 'IPC', '376', 1, 1);
INSERT INTO ArrestSurrender (ArrestSurrenderID, CaseMasterID, ArrestSurrenderTypeID, ArrestSurrenderDate, ArrestSurrenderStateId, ArrestSurrenderDistrictId, PoliceStationID, IOID, CourtID, AccusedMasterID, IsAccused, IsComplainantAccused) VALUES (254, 345, 2, '2023-10-06', 1, 27, 26, 14, 8, 802, TRUE, FALSE);
INSERT INTO inv_arrestsurrenderaccused (ArrestSurrenderID, AccusedMasterID) VALUES (254, 802);
INSERT INTO ArrestSurrender (ArrestSurrenderID, CaseMasterID, ArrestSurrenderTypeID, ArrestSurrenderDate, ArrestSurrenderStateId, ArrestSurrenderDistrictId, PoliceStationID, IOID, CourtID, AccusedMasterID, IsAccused, IsComplainantAccused) VALUES (255, 345, 2, '2023-09-25', 1, 27, 26, 27, 8, 801, TRUE, FALSE);
INSERT INTO inv_arrestsurrenderaccused (ArrestSurrenderID, AccusedMasterID) VALUES (255, 801);
INSERT INTO Inv_OccuranceTime (CaseMasterID, OccuranceFromDate, OccuranceToDate, PlaceOfOccurance, latitude, longitude) VALUES (345, '2023-08-19T04:29:00', '2023-08-19T04:29:00', 'Brar Circle, Chamarajanagara', 18.4060962, 74.7381188);

INSERT INTO CaseMaster (CaseMasterID, CrimeNo, CaseNo, CrimeRegisteredDate, PolicePersonID, PoliceStationID, CaseCategoryID, GravityOffenceID, CrimeMajorHeadID, CrimeMinorHeadID, CaseStatusID, CourtID, IncidentFromDate, IncidentToDate, InfoReceivedPSDate, latitude, longitude, BriefFacts) VALUES (346, '100010030202500001', '202500001', '2025-06-04', 46, 30, 1, 4, 3, 19, 1, 17, '2025-06-04T17:42:00', '2025-06-04T19:42:00', '2025-06-05T01:42:00', 12.8410733, 75.9722371, 'The deceased Advay Singh, aged 64, was found dead under suspicious circumstances at Vala Chowk, Bengaluru Urban on 2025-06-04. The investigation revealed that the accused Irya Ray, who is a relative of the deceased, had a dispute over property worth Rs. 25000.');
INSERT INTO ComplainantDetails (ComplainantID, CaseMasterID, ComplainantName, AgeYear, OccupationID, ReligionID, CasteID, GenderID) VALUES (346, 346, 'Devika Bera', 38, 10, 3, 2, 1);
INSERT INTO Victim (VictimMasterID, CaseMasterID, VictimName, AgeYear, GenderID, VictimPolice) VALUES (487, 346, 'Advay Singh', 40, 3, '0');
INSERT INTO Accused (AccusedMasterID, CaseMasterID, AccusedName, AgeYear, GenderID, PersonID) VALUES (803, 346, 'Irya Ray', 43, 2, 'A1');
INSERT INTO Accused (AccusedMasterID, CaseMasterID, AccusedName, AgeYear, GenderID, PersonID) VALUES (804, 346, 'Garima Sama', 20, 2, 'A2');
INSERT INTO ActSectionAssociation (CaseMasterID, ActID, SectionID, ActOrderID, SectionOrderID) VALUES (346, 'NDPS', '20', 1, 1);
INSERT INTO ArrestSurrender (ArrestSurrenderID, CaseMasterID, ArrestSurrenderTypeID, ArrestSurrenderDate, ArrestSurrenderStateId, ArrestSurrenderDistrictId, PoliceStationID, IOID, CourtID, AccusedMasterID, IsAccused, IsComplainantAccused) VALUES (256, 346, 2, '2025-06-12', 1, 1, 30, 55, 17, 804, TRUE, FALSE);
INSERT INTO inv_arrestsurrenderaccused (ArrestSurrenderID, AccusedMasterID) VALUES (256, 804);
INSERT INTO ArrestSurrender (ArrestSurrenderID, CaseMasterID, ArrestSurrenderTypeID, ArrestSurrenderDate, ArrestSurrenderStateId, ArrestSurrenderDistrictId, PoliceStationID, IOID, CourtID, AccusedMasterID, IsAccused, IsComplainantAccused) VALUES (257, 346, 1, '2025-07-23', 1, 1, 30, 24, 17, 803, TRUE, FALSE);
INSERT INTO inv_arrestsurrenderaccused (ArrestSurrenderID, AccusedMasterID) VALUES (257, 803);
INSERT INTO Inv_OccuranceTime (CaseMasterID, OccuranceFromDate, OccuranceToDate, PlaceOfOccurance, latitude, longitude) VALUES (346, '2025-06-04T17:42:00', '2025-06-04T19:42:00', 'Vala Chowk, Bengaluru Urban', 12.8410733, 75.9722371);

INSERT INTO CaseMaster (CaseMasterID, CrimeNo, CaseNo, CrimeRegisteredDate, PolicePersonID, PoliceStationID, CaseCategoryID, GravityOffenceID, CrimeMajorHeadID, CrimeMinorHeadID, CaseStatusID, CourtID, IncidentFromDate, IncidentToDate, InfoReceivedPSDate, latitude, longitude, BriefFacts) VALUES (347, '200050004202400002', '202400002', '2024-08-03', 78, 4, 2, 1, 3, 22, 1, 41, '2024-08-03T08:31:00', '2024-08-03T10:31:00', '2024-08-03T17:31:00', 13.5642665, 77.5690769, 'The complainant Bimala Ganesh reported domestic violence by husband Urvashi Gara and in-laws. The accused demanded additional dowry of Rs. 500000 and subjected the complainant to physical and mental harassment since 1 years.');
INSERT INTO ComplainantDetails (ComplainantID, CaseMasterID, ComplainantName, AgeYear, OccupationID, ReligionID, CasteID, GenderID) VALUES (347, 347, 'Bimala Ganesh', 41, 12, 2, 1, 1);
INSERT INTO Victim (VictimMasterID, CaseMasterID, VictimName, AgeYear, GenderID, VictimPolice) VALUES (488, 347, 'Daksha Lad', 12, 1, '0');
INSERT INTO Victim (VictimMasterID, CaseMasterID, VictimName, AgeYear, GenderID, VictimPolice) VALUES (489, 347, 'Avi Mangat', 55, 1, '0');
INSERT INTO Accused (AccusedMasterID, CaseMasterID, AccusedName, AgeYear, GenderID, PersonID) VALUES (805, 347, 'Urvashi Gara', 22, 2, 'A1');
INSERT INTO Accused (AccusedMasterID, CaseMasterID, AccusedName, AgeYear, GenderID, PersonID) VALUES (806, 347, 'Fitan Date', 27, 2, 'A2');
INSERT INTO Accused (AccusedMasterID, CaseMasterID, AccusedName, AgeYear, GenderID, PersonID) VALUES (807, 347, 'Arunima Krishnan', 45, 2, 'A3');
INSERT INTO Accused (AccusedMasterID, CaseMasterID, AccusedName, AgeYear, GenderID, PersonID) VALUES (808, 347, 'Avni Maharaj', 52, 1, 'A4');
INSERT INTO Accused (AccusedMasterID, CaseMasterID, AccusedName, AgeYear, GenderID, PersonID) VALUES (809, 347, 'Akshay Choudhury', 53, 2, 'A5');
INSERT INTO ActSectionAssociation (CaseMasterID, ActID, SectionID, ActOrderID, SectionOrderID) VALUES (347, 'POCSO', '8', 1, 1);
INSERT INTO ActSectionAssociation (CaseMasterID, ActID, SectionID, ActOrderID, SectionOrderID) VALUES (347, 'POCSO', '4', 2, 2);
INSERT INTO ActSectionAssociation (CaseMasterID, ActID, SectionID, ActOrderID, SectionOrderID) VALUES (347, 'NDPS', '27', 3, 3);
INSERT INTO Inv_OccuranceTime (CaseMasterID, OccuranceFromDate, OccuranceToDate, PlaceOfOccurance, latitude, longitude) VALUES (347, '2024-08-03T08:31:00', '2024-08-03T10:31:00', 'Behl, Hubballi-Dharwad', 13.5642665, 77.5690769);

INSERT INTO CaseMaster (CaseMasterID, CrimeNo, CaseNo, CrimeRegisteredDate, PolicePersonID, PoliceStationID, CaseCategoryID, GravityOffenceID, CrimeMajorHeadID, CrimeMinorHeadID, CaseStatusID, CourtID, IncidentFromDate, IncidentToDate, InfoReceivedPSDate, latitude, longitude, BriefFacts) VALUES (348, '200230022202500002', '202500002', '2025-05-05', 45, 22, 2, 2, 3, 21, 1, 8, '2025-05-05T02:28:00', '2025-05-05T02:28:00', '2025-05-05T02:28:00', 13.7938422, 75.6570953, 'On 2025-05-05, the complainant Sanya Pingle reported that unknown persons broke into their residence at Golla Chowk, Ramanagara and stole cash amounting to Rs. 1000000 and gold ornaments. The accused Gaurangi Sabharwal was later identified through CCTV footage from a nearby shop.');
INSERT INTO ComplainantDetails (ComplainantID, CaseMasterID, ComplainantName, AgeYear, OccupationID, ReligionID, CasteID, GenderID) VALUES (348, 348, 'Sanya Pingle', 38, 4, 7, 4, 1);
INSERT INTO Victim (VictimMasterID, CaseMasterID, VictimName, AgeYear, GenderID, VictimPolice) VALUES (490, 348, 'Advika Keer', 43, 3, '0');
INSERT INTO Accused (AccusedMasterID, CaseMasterID, AccusedName, AgeYear, GenderID, PersonID) VALUES (810, 348, 'Gaurangi Sabharwal', 30, 2, 'A1');
INSERT INTO Accused (AccusedMasterID, CaseMasterID, AccusedName, AgeYear, GenderID, PersonID) VALUES (811, 348, 'Hemal Chad', 31, 1, 'A2');
INSERT INTO ActSectionAssociation (CaseMasterID, ActID, SectionID, ActOrderID, SectionOrderID) VALUES (348, 'NDPS', '22', 1, 1);
INSERT INTO ActSectionAssociation (CaseMasterID, ActID, SectionID, ActOrderID, SectionOrderID) VALUES (348, 'IPC', '379', 2, 2);
INSERT INTO ArrestSurrender (ArrestSurrenderID, CaseMasterID, ArrestSurrenderTypeID, ArrestSurrenderDate, ArrestSurrenderStateId, ArrestSurrenderDistrictId, PoliceStationID, IOID, CourtID, AccusedMasterID, IsAccused, IsComplainantAccused) VALUES (258, 348, 1, '2025-05-10', 1, 23, 22, 26, 8, 811, TRUE, FALSE);
INSERT INTO inv_arrestsurrenderaccused (ArrestSurrenderID, AccusedMasterID) VALUES (258, 811);
INSERT INTO Inv_OccuranceTime (CaseMasterID, OccuranceFromDate, OccuranceToDate, PlaceOfOccurance, latitude, longitude) VALUES (348, '2025-05-05T02:28:00', '2025-05-05T02:28:00', 'Golla Chowk, Ramanagara', 13.7938422, 75.6570953);

INSERT INTO CaseMaster (CaseMasterID, CrimeNo, CaseNo, CrimeRegisteredDate, PolicePersonID, PoliceStationID, CaseCategoryID, GravityOffenceID, CrimeMajorHeadID, CrimeMinorHeadID, CaseStatusID, CourtID, IncidentFromDate, IncidentToDate, InfoReceivedPSDate, latitude, longitude, BriefFacts) VALUES (349, '200280027202600003', '202600003', '2026-06-08', 67, 27, 2, 2, 5, 28, 6, 33, '2026-06-08T17:04:00', '2026-06-08T19:04:00', '2026-06-09T07:04:00', 12.9388077, 74.7840564, 'On 2026-06-08, the complainant Warhi Sachar reported that their two-wheeler bearing registration number KA-29-WJ-7694 was stolen from Kade Street, Dharwad. The vehicle was parked outside a commercial complex and was found missing when the complainant returned.');
INSERT INTO ComplainantDetails (ComplainantID, CaseMasterID, ComplainantName, AgeYear, OccupationID, ReligionID, CasteID, GenderID) VALUES (349, 349, 'Warhi Sachar', 52, 2, 1, 5, 1);
INSERT INTO Victim (VictimMasterID, CaseMasterID, VictimName, AgeYear, GenderID, VictimPolice) VALUES (491, 349, 'Warhi Sachar', 66, 1, '0');
INSERT INTO Accused (AccusedMasterID, CaseMasterID, AccusedName, AgeYear, GenderID, PersonID) VALUES (812, 349, 'Wazir Sarraf', 49, 1, 'A1');
INSERT INTO Accused (AccusedMasterID, CaseMasterID, AccusedName, AgeYear, GenderID, PersonID) VALUES (813, 349, 'Chatura Lalla', 46, 2, 'A2');
INSERT INTO Accused (AccusedMasterID, CaseMasterID, AccusedName, AgeYear, GenderID, PersonID) VALUES (814, 349, 'Charles Ganesh', 55, 2, 'A3');
INSERT INTO Accused (AccusedMasterID, CaseMasterID, AccusedName, AgeYear, GenderID, PersonID) VALUES (815, 349, 'Mohini Soni', 22, 2, 'A4');
INSERT INTO ActSectionAssociation (CaseMasterID, ActID, SectionID, ActOrderID, SectionOrderID) VALUES (349, 'NDPS', '22', 1, 1);
INSERT INTO ArrestSurrender (ArrestSurrenderID, CaseMasterID, ArrestSurrenderTypeID, ArrestSurrenderDate, ArrestSurrenderStateId, ArrestSurrenderDistrictId, PoliceStationID, IOID, CourtID, AccusedMasterID, IsAccused, IsComplainantAccused) VALUES (259, 349, 2, '2026-07-28', 1, 28, 27, 34, 33, 815, TRUE, FALSE);
INSERT INTO inv_arrestsurrenderaccused (ArrestSurrenderID, AccusedMasterID) VALUES (259, 815);
INSERT INTO ArrestSurrender (ArrestSurrenderID, CaseMasterID, ArrestSurrenderTypeID, ArrestSurrenderDate, ArrestSurrenderStateId, ArrestSurrenderDistrictId, PoliceStationID, IOID, CourtID, AccusedMasterID, IsAccused, IsComplainantAccused) VALUES (260, 349, 2, '2026-08-04', 1, 28, 27, 7, 33, 814, TRUE, FALSE);
INSERT INTO inv_arrestsurrenderaccused (ArrestSurrenderID, AccusedMasterID) VALUES (260, 814);
INSERT INTO Inv_OccuranceTime (CaseMasterID, OccuranceFromDate, OccuranceToDate, PlaceOfOccurance, latitude, longitude) VALUES (349, '2026-06-08T17:04:00', '2026-06-08T19:04:00', 'Kade Street, Dharwad', 12.9388077, 74.7840564);

INSERT INTO CaseMaster (CaseMasterID, CrimeNo, CaseNo, CrimeRegisteredDate, PolicePersonID, PoliceStationID, CaseCategoryID, GravityOffenceID, CrimeMajorHeadID, CrimeMinorHeadID, CaseStatusID, CourtID, IncidentFromDate, IncidentToDate, InfoReceivedPSDate, latitude, longitude, BriefFacts) VALUES (350, '800200019202400002', '202400002', '2024-06-08', 74, 19, 8, 1, 1, 3, 1, 35, '2024-06-08T17:57:00', '2024-06-08T18:57:00', '2024-06-09T04:57:00', 15.299605, 75.132352, 'The victim Adweta Dhillon, aged 52, was assaulted by the accused Janya Baral near Saran Circle, Haveri on 2024-06-08 at approximately 10:45 AM. The accused used a sharp weapon causing grievous injuries. The victim was rushed to St. John''s Hospital for treatment.');
INSERT INTO ComplainantDetails (ComplainantID, CaseMasterID, ComplainantName, AgeYear, OccupationID, ReligionID, CasteID, GenderID) VALUES (350, 350, 'Ladli Ramakrishnan', 49, 12, 4, 2, 2);
INSERT INTO Victim (VictimMasterID, CaseMasterID, VictimName, AgeYear, GenderID, VictimPolice) VALUES (492, 350, 'Adweta Dhillon', 67, 2, '0');
INSERT INTO Victim (VictimMasterID, CaseMasterID, VictimName, AgeYear, GenderID, VictimPolice) VALUES (493, 350, 'Bhavya Sen', 49, 3, '0');
INSERT INTO Accused (AccusedMasterID, CaseMasterID, AccusedName, AgeYear, GenderID, PersonID) VALUES (816, 350, 'Janya Baral', 25, 1, 'A1');
INSERT INTO Accused (AccusedMasterID, CaseMasterID, AccusedName, AgeYear, GenderID, PersonID) VALUES (817, 350, 'Diya Wagle', 22, 2, 'A2');
INSERT INTO ActSectionAssociation (CaseMasterID, ActID, SectionID, ActOrderID, SectionOrderID) VALUES (350, 'ITA', '66', 1, 1);
INSERT INTO ActSectionAssociation (CaseMasterID, ActID, SectionID, ActOrderID, SectionOrderID) VALUES (350, 'NDPS', '22', 2, 2);
INSERT INTO ActSectionAssociation (CaseMasterID, ActID, SectionID, ActOrderID, SectionOrderID) VALUES (350, 'NDPS', '27', 3, 3);
INSERT INTO Inv_OccuranceTime (CaseMasterID, OccuranceFromDate, OccuranceToDate, PlaceOfOccurance, latitude, longitude) VALUES (350, '2024-06-08T17:57:00', '2024-06-08T18:57:00', 'Saran Circle, Haveri', 15.299605, 75.132352);

INSERT INTO CaseMaster (CaseMasterID, CrimeNo, CaseNo, CrimeRegisteredDate, PolicePersonID, PoliceStationID, CaseCategoryID, GravityOffenceID, CrimeMajorHeadID, CrimeMinorHeadID, CaseStatusID, CourtID, IncidentFromDate, IncidentToDate, InfoReceivedPSDate, latitude, longitude, BriefFacts) VALUES (351, '400300029202500004', '202500004', '2025-07-31', 11, 29, 4, 4, 1, 1, 6, 38, '2025-07-31T08:50:00', '2025-07-31T09:50:00', '2025-07-31T15:50:00', 15.4461209, 75.0827975, 'On 2025-07-31, the Anti-Narcotics squad conducted a raid at Kumer Zila, Bidar and seized 1000 grams of heroin from the possession of the accused Anamika Loke. The accused was found to be part of a supply chain operating across Haveri and Mandya.');
INSERT INTO ComplainantDetails (ComplainantID, CaseMasterID, ComplainantName, AgeYear, OccupationID, ReligionID, CasteID, GenderID) VALUES (351, 351, 'Gunbir Wali', 54, 3, 3, 3, 1);
INSERT INTO Victim (VictimMasterID, CaseMasterID, VictimName, AgeYear, GenderID, VictimPolice) VALUES (494, 351, 'Rachana Mahajan', 7, 3, '0');
INSERT INTO Victim (VictimMasterID, CaseMasterID, VictimName, AgeYear, GenderID, VictimPolice) VALUES (495, 351, 'Triya Khurana', 26, 1, '0');
INSERT INTO Accused (AccusedMasterID, CaseMasterID, AccusedName, AgeYear, GenderID, PersonID) VALUES (818, 351, 'Anamika Loke', 41, 2, 'A1');
INSERT INTO Accused (AccusedMasterID, CaseMasterID, AccusedName, AgeYear, GenderID, PersonID) VALUES (819, 351, 'Gaurangi Sabharwal', 45, 2, 'A2');
INSERT INTO ActSectionAssociation (CaseMasterID, ActID, SectionID, ActOrderID, SectionOrderID) VALUES (351, 'NDPS', '20', 1, 1);
INSERT INTO ActSectionAssociation (CaseMasterID, ActID, SectionID, ActOrderID, SectionOrderID) VALUES (351, 'POCSO', '4', 2, 2);
INSERT INTO ActSectionAssociation (CaseMasterID, ActID, SectionID, ActOrderID, SectionOrderID) VALUES (351, 'POCSO', '8', 3, 3);
INSERT INTO ArrestSurrender (ArrestSurrenderID, CaseMasterID, ArrestSurrenderTypeID, ArrestSurrenderDate, ArrestSurrenderStateId, ArrestSurrenderDistrictId, PoliceStationID, IOID, CourtID, AccusedMasterID, IsAccused, IsComplainantAccused) VALUES (261, 351, 1, '2025-09-16', 1, 30, 29, 41, 38, 819, TRUE, FALSE);
INSERT INTO inv_arrestsurrenderaccused (ArrestSurrenderID, AccusedMasterID) VALUES (261, 819);
INSERT INTO Inv_OccuranceTime (CaseMasterID, OccuranceFromDate, OccuranceToDate, PlaceOfOccurance, latitude, longitude) VALUES (351, '2025-07-31T08:50:00', '2025-07-31T09:50:00', 'Kumer Zila, Bidar', 15.4461209, 75.0827975);

INSERT INTO CaseMaster (CaseMasterID, CrimeNo, CaseNo, CrimeRegisteredDate, PolicePersonID, PoliceStationID, CaseCategoryID, GravityOffenceID, CrimeMajorHeadID, CrimeMinorHeadID, CaseStatusID, CourtID, IncidentFromDate, IncidentToDate, InfoReceivedPSDate, latitude, longitude, BriefFacts) VALUES (352, '200060005202500002', '202500002', '2025-09-25', 51, 5, 2, 1, 1, 8, 1, 16, '2025-09-25T17:08:00', '2025-09-25T21:08:00', '2025-09-26T04:08:00', 12.0587416, 75.118789, 'On 2025-09-25, at about 2:15 AM, the accused Ekansh Arora along with 2 associates formed an unlawful assembly near Chaudhari Marg, Belagavi and attacked the complainant Zinal Nazareth with lethal weapons resulting in injuries.');
INSERT INTO ComplainantDetails (ComplainantID, CaseMasterID, ComplainantName, AgeYear, OccupationID, ReligionID, CasteID, GenderID) VALUES (352, 352, 'Zinal Nazareth', 28, 10, 2, 4, 1);
INSERT INTO Victim (VictimMasterID, CaseMasterID, VictimName, AgeYear, GenderID, VictimPolice) VALUES (496, 352, 'Dhriti Anne', 48, 3, '0');
INSERT INTO Accused (AccusedMasterID, CaseMasterID, AccusedName, AgeYear, GenderID, PersonID) VALUES (820, 352, 'Ekansh Arora', 31, 2, 'A1');
INSERT INTO Accused (AccusedMasterID, CaseMasterID, AccusedName, AgeYear, GenderID, PersonID) VALUES (821, 352, 'Sanaya Panchal', 26, 2, 'A2');
INSERT INTO ActSectionAssociation (CaseMasterID, ActID, SectionID, ActOrderID, SectionOrderID) VALUES (352, 'NDPS', '27', 1, 1);
INSERT INTO ArrestSurrender (ArrestSurrenderID, CaseMasterID, ArrestSurrenderTypeID, ArrestSurrenderDate, ArrestSurrenderStateId, ArrestSurrenderDistrictId, PoliceStationID, IOID, CourtID, AccusedMasterID, IsAccused, IsComplainantAccused) VALUES (262, 352, 1, '2025-10-17', 1, 6, 5, 80, 16, 820, TRUE, FALSE);
INSERT INTO inv_arrestsurrenderaccused (ArrestSurrenderID, AccusedMasterID) VALUES (262, 820);
INSERT INTO ArrestSurrender (ArrestSurrenderID, CaseMasterID, ArrestSurrenderTypeID, ArrestSurrenderDate, ArrestSurrenderStateId, ArrestSurrenderDistrictId, PoliceStationID, IOID, CourtID, AccusedMasterID, IsAccused, IsComplainantAccused) VALUES (263, 352, 1, '2025-09-28', 1, 6, 5, 43, 16, 821, TRUE, FALSE);
INSERT INTO inv_arrestsurrenderaccused (ArrestSurrenderID, AccusedMasterID) VALUES (263, 821);
INSERT INTO Inv_OccuranceTime (CaseMasterID, OccuranceFromDate, OccuranceToDate, PlaceOfOccurance, latitude, longitude) VALUES (352, '2025-09-25T17:08:00', '2025-09-25T21:08:00', 'Chaudhari Marg, Belagavi', 12.0587416, 75.118789);

INSERT INTO CaseMaster (CaseMasterID, CrimeNo, CaseNo, CrimeRegisteredDate, PolicePersonID, PoliceStationID, CaseCategoryID, GravityOffenceID, CrimeMajorHeadID, CrimeMinorHeadID, CaseStatusID, CourtID, IncidentFromDate, IncidentToDate, InfoReceivedPSDate, latitude, longitude, BriefFacts) VALUES (353, '800120011202400001', '202400001', '2024-03-10', 56, 11, 8, 1, 4, 24, 2, 19, '2024-03-10T12:52:00', '2024-03-10T15:52:00', '2024-03-10T18:52:00', 12.3344883, 76.6625924, 'On 2024-03-10, at about 2:00 PM, the accused Teerth Dara along with 5 associates formed an unlawful assembly near Chadha Zila, Vijayapura and attacked the complainant Zayan Hans with lethal weapons resulting in injuries.');
INSERT INTO ComplainantDetails (ComplainantID, CaseMasterID, ComplainantName, AgeYear, OccupationID, ReligionID, CasteID, GenderID) VALUES (353, 353, 'Zayan Hans', 46, 13, 4, 1, 2);
INSERT INTO Victim (VictimMasterID, CaseMasterID, VictimName, AgeYear, GenderID, VictimPolice) VALUES (497, 353, 'Arjun Chanda', 42, 1, '0');
INSERT INTO Victim (VictimMasterID, CaseMasterID, VictimName, AgeYear, GenderID, VictimPolice) VALUES (498, 353, 'Keya Goyal', 53, 2, '0');
INSERT INTO Victim (VictimMasterID, CaseMasterID, VictimName, AgeYear, GenderID, VictimPolice) VALUES (499, 353, 'Qarin Kulkarni', 57, 1, '1');
INSERT INTO Accused (AccusedMasterID, CaseMasterID, AccusedName, AgeYear, GenderID, PersonID) VALUES (822, 353, 'Teerth Dara', 47, 2, 'A1');
INSERT INTO ActSectionAssociation (CaseMasterID, ActID, SectionID, ActOrderID, SectionOrderID) VALUES (353, 'NDPS', '22', 1, 1);
INSERT INTO ActSectionAssociation (CaseMasterID, ActID, SectionID, ActOrderID, SectionOrderID) VALUES (353, 'POCSO', '6', 2, 2);
INSERT INTO ActSectionAssociation (CaseMasterID, ActID, SectionID, ActOrderID, SectionOrderID) VALUES (353, 'POCSO', '4', 3, 3);
INSERT INTO Inv_OccuranceTime (CaseMasterID, OccuranceFromDate, OccuranceToDate, PlaceOfOccurance, latitude, longitude) VALUES (353, '2024-03-10T12:52:00', '2024-03-10T15:52:00', 'Chadha Zila, Vijayapura', 12.3344883, 76.6625924);
INSERT INTO ChargesheetDetails (CSID, CaseMasterID, csdate, cstype, PolicePersonID) VALUES (98, 353, '2024-05-10', 'A', 5);

INSERT INTO CaseMaster (CaseMasterID, CrimeNo, CaseNo, CrimeRegisteredDate, PolicePersonID, PoliceStationID, CaseCategoryID, GravityOffenceID, CrimeMajorHeadID, CrimeMinorHeadID, CaseStatusID, CourtID, IncidentFromDate, IncidentToDate, InfoReceivedPSDate, latitude, longitude, BriefFacts) VALUES (354, '200230022202400003', '202400003', '2024-05-31', 72, 22, 2, 1, 2, 9, 2, 14, '2024-05-31T04:59:00', '2024-05-31T08:59:00', '2024-05-31T09:59:00', 12.2617257, 76.6422743, 'The complainant Sudiksha Malhotra reported domestic violence by husband Ekiya Kurian and in-laws. The accused demanded additional dowry of Rs. 50000 and subjected the complainant to physical and mental harassment since 3 years.');
INSERT INTO ComplainantDetails (ComplainantID, CaseMasterID, ComplainantName, AgeYear, OccupationID, ReligionID, CasteID, GenderID) VALUES (354, 354, 'Sudiksha Malhotra', 56, 6, 2, 5, 2);
INSERT INTO Victim (VictimMasterID, CaseMasterID, VictimName, AgeYear, GenderID, VictimPolice) VALUES (500, 354, 'Sudiksha Malhotra', 70, 2, '0');
INSERT INTO Victim (VictimMasterID, CaseMasterID, VictimName, AgeYear, GenderID, VictimPolice) VALUES (501, 354, 'David Raja', 45, 2, '0');
INSERT INTO Victim (VictimMasterID, CaseMasterID, VictimName, AgeYear, GenderID, VictimPolice) VALUES (502, 354, 'Gaurangi Bhasin', 35, 2, '0');
INSERT INTO Accused (AccusedMasterID, CaseMasterID, AccusedName, AgeYear, GenderID, PersonID) VALUES (823, 354, 'Ekiya Kurian', 26, 2, 'A1');
INSERT INTO Accused (AccusedMasterID, CaseMasterID, AccusedName, AgeYear, GenderID, PersonID) VALUES (824, 354, 'Nakul Sarma', 30, 1, 'A2');
INSERT INTO Accused (AccusedMasterID, CaseMasterID, AccusedName, AgeYear, GenderID, PersonID) VALUES (825, 354, 'Alka Gokhale', 45, 1, 'A3');
INSERT INTO Accused (AccusedMasterID, CaseMasterID, AccusedName, AgeYear, GenderID, PersonID) VALUES (826, 354, 'Ekaraj Swamy', 42, 2, 'A4');
INSERT INTO ActSectionAssociation (CaseMasterID, ActID, SectionID, ActOrderID, SectionOrderID) VALUES (354, 'IPC', '376', 1, 1);
INSERT INTO ActSectionAssociation (CaseMasterID, ActID, SectionID, ActOrderID, SectionOrderID) VALUES (354, 'POCSO', '4', 2, 2);
INSERT INTO ActSectionAssociation (CaseMasterID, ActID, SectionID, ActOrderID, SectionOrderID) VALUES (354, 'IPC', '34', 3, 3);
INSERT INTO ArrestSurrender (ArrestSurrenderID, CaseMasterID, ArrestSurrenderTypeID, ArrestSurrenderDate, ArrestSurrenderStateId, ArrestSurrenderDistrictId, PoliceStationID, IOID, CourtID, AccusedMasterID, IsAccused, IsComplainantAccused) VALUES (264, 354, 2, '2024-07-17', 1, 23, 22, 66, 14, 826, TRUE, FALSE);
INSERT INTO inv_arrestsurrenderaccused (ArrestSurrenderID, AccusedMasterID) VALUES (264, 826);
INSERT INTO ArrestSurrender (ArrestSurrenderID, CaseMasterID, ArrestSurrenderTypeID, ArrestSurrenderDate, ArrestSurrenderStateId, ArrestSurrenderDistrictId, PoliceStationID, IOID, CourtID, AccusedMasterID, IsAccused, IsComplainantAccused) VALUES (265, 354, 1, '2024-06-14', 1, 23, 22, 28, 14, 825, TRUE, FALSE);
INSERT INTO inv_arrestsurrenderaccused (ArrestSurrenderID, AccusedMasterID) VALUES (265, 825);
INSERT INTO Inv_OccuranceTime (CaseMasterID, OccuranceFromDate, OccuranceToDate, PlaceOfOccurance, latitude, longitude) VALUES (354, '2024-05-31T04:59:00', '2024-05-31T08:59:00', 'Borah Street, Ramanagara', 12.2617257, 76.6422743);
INSERT INTO ChargesheetDetails (CSID, CaseMasterID, csdate, cstype, PolicePersonID) VALUES (99, 354, '2024-10-11', 'A', 37);

INSERT INTO CaseMaster (CaseMasterID, CrimeNo, CaseNo, CrimeRegisteredDate, PolicePersonID, PoliceStationID, CaseCategoryID, GravityOffenceID, CrimeMajorHeadID, CrimeMinorHeadID, CaseStatusID, CourtID, IncidentFromDate, IncidentToDate, InfoReceivedPSDate, latitude, longitude, BriefFacts) VALUES (355, '400160015202600001', '202600001', '2026-06-21', 2, 15, 4, 3, 1, 7, 1, 1, '2026-06-21T11:12:00', '2026-06-21T15:12:00', '2026-06-22T01:12:00', 15.8588206, 74.5072269, 'A case of cheating was reported by Maya Gokhale stating that the accused Tejas Cherian fraudulently obtained Rs. 100000 by promising a job in a government department. The accused collected money over a period of 3 months and disappeared.');
INSERT INTO ComplainantDetails (ComplainantID, CaseMasterID, ComplainantName, AgeYear, OccupationID, ReligionID, CasteID, GenderID) VALUES (355, 355, 'Maya Gokhale', 49, 5, 1, 3, 2);
INSERT INTO Victim (VictimMasterID, CaseMasterID, VictimName, AgeYear, GenderID, VictimPolice) VALUES (503, 355, 'Ikbal Dhawan', 12, 3, '0');
INSERT INTO Accused (AccusedMasterID, CaseMasterID, AccusedName, AgeYear, GenderID, PersonID) VALUES (827, 355, 'Tejas Cherian', 35, 1, 'A1');
INSERT INTO Accused (AccusedMasterID, CaseMasterID, AccusedName, AgeYear, GenderID, PersonID) VALUES (828, 355, 'Bakhshi Bora', 28, 2, 'A2');
INSERT INTO Accused (AccusedMasterID, CaseMasterID, AccusedName, AgeYear, GenderID, PersonID) VALUES (829, 355, 'Zashil Sehgal', 33, 1, 'A3');
INSERT INTO ActSectionAssociation (CaseMasterID, ActID, SectionID, ActOrderID, SectionOrderID) VALUES (355, 'ITA', '66D', 1, 1);
INSERT INTO ArrestSurrender (ArrestSurrenderID, CaseMasterID, ArrestSurrenderTypeID, ArrestSurrenderDate, ArrestSurrenderStateId, ArrestSurrenderDistrictId, PoliceStationID, IOID, CourtID, AccusedMasterID, IsAccused, IsComplainantAccused) VALUES (266, 355, 2, '2026-08-08', 1, 16, 15, 70, 1, 827, TRUE, FALSE);
INSERT INTO inv_arrestsurrenderaccused (ArrestSurrenderID, AccusedMasterID) VALUES (266, 827);
INSERT INTO Inv_OccuranceTime (CaseMasterID, OccuranceFromDate, OccuranceToDate, PlaceOfOccurance, latitude, longitude) VALUES (355, '2026-06-21T11:12:00', '2026-06-21T15:12:00', 'Lad Chowk, Mandya', 15.8588206, 74.5072269);

INSERT INTO CaseMaster (CaseMasterID, CrimeNo, CaseNo, CrimeRegisteredDate, PolicePersonID, PoliceStationID, CaseCategoryID, GravityOffenceID, CrimeMajorHeadID, CrimeMinorHeadID, CaseStatusID, CourtID, IncidentFromDate, IncidentToDate, InfoReceivedPSDate, latitude, longitude, BriefFacts) VALUES (356, '400020001202300001', '202300001', '2023-08-03', 76, 1, 4, 4, 2, 10, 3, 17, '2023-08-03T05:23:00', '2023-08-03T05:23:00', '2023-08-03T12:23:00', 15.5203538, 74.9210874, 'A case of cheating was reported by Manthan Acharya stating that the accused Forum Raman fraudulently obtained Rs. 50000 by promising a job in a government department. The accused collected money over a period of 15 months and disappeared.');
INSERT INTO ComplainantDetails (ComplainantID, CaseMasterID, ComplainantName, AgeYear, OccupationID, ReligionID, CasteID, GenderID) VALUES (356, 356, 'Manthan Acharya', 64, 13, 2, 1, 2);
INSERT INTO Victim (VictimMasterID, CaseMasterID, VictimName, AgeYear, GenderID, VictimPolice) VALUES (504, 356, 'Madhavi Lata', 74, 2, '0');
INSERT INTO Accused (AccusedMasterID, CaseMasterID, AccusedName, AgeYear, GenderID, PersonID) VALUES (830, 356, 'Forum Raman', 21, 1, 'A1');
INSERT INTO Accused (AccusedMasterID, CaseMasterID, AccusedName, AgeYear, GenderID, PersonID) VALUES (831, 356, 'Vanya Sarin', 20, 2, 'A2');
INSERT INTO Accused (AccusedMasterID, CaseMasterID, AccusedName, AgeYear, GenderID, PersonID) VALUES (832, 356, 'Ekaraj Zachariah', 33, 2, 'A3');
INSERT INTO ActSectionAssociation (CaseMasterID, ActID, SectionID, ActOrderID, SectionOrderID) VALUES (356, 'NDPS', '20', 1, 1);
INSERT INTO ActSectionAssociation (CaseMasterID, ActID, SectionID, ActOrderID, SectionOrderID) VALUES (356, 'POCSO', '4', 2, 2);
INSERT INTO ArrestSurrender (ArrestSurrenderID, CaseMasterID, ArrestSurrenderTypeID, ArrestSurrenderDate, ArrestSurrenderStateId, ArrestSurrenderDistrictId, PoliceStationID, IOID, CourtID, AccusedMasterID, IsAccused, IsComplainantAccused) VALUES (267, 356, 2, '2023-08-24', 1, 2, 1, 61, 17, 830, TRUE, FALSE);
INSERT INTO inv_arrestsurrenderaccused (ArrestSurrenderID, AccusedMasterID) VALUES (267, 830);
INSERT INTO Inv_OccuranceTime (CaseMasterID, OccuranceFromDate, OccuranceToDate, PlaceOfOccurance, latitude, longitude) VALUES (356, '2023-08-03T05:23:00', '2023-08-03T05:23:00', 'Aggarwal, Bengaluru Rural', 15.5203538, 74.9210874);

INSERT INTO CaseMaster (CaseMasterID, CrimeNo, CaseNo, CrimeRegisteredDate, PolicePersonID, PoliceStationID, CaseCategoryID, GravityOffenceID, CrimeMajorHeadID, CrimeMinorHeadID, CaseStatusID, CourtID, IncidentFromDate, IncidentToDate, InfoReceivedPSDate, latitude, longitude, BriefFacts) VALUES (357, '800120011202400002', '202400002', '2024-03-17', 4, 11, 8, 1, 1, 7, 2, 9, '2024-03-17T14:13:00', '2024-03-17T18:13:00', '2024-03-18T01:13:00', 12.8797107, 74.8400456, 'On 2024-03-17, the complainant Vasatika Dara reported that unknown persons broke into their residence at Bhakta Marg, Vijayapura and stole cash amounting to Rs. 10000 and gold ornaments. The accused Gauri Mitter was later identified through CCTV footage from a nearby shop.');
INSERT INTO ComplainantDetails (ComplainantID, CaseMasterID, ComplainantName, AgeYear, OccupationID, ReligionID, CasteID, GenderID) VALUES (357, 357, 'Vasatika Dara', 36, 11, 7, 3, 2);
INSERT INTO Victim (VictimMasterID, CaseMasterID, VictimName, AgeYear, GenderID, VictimPolice) VALUES (505, 357, 'Vasatika Dara', 68, 1, '0');
INSERT INTO Victim (VictimMasterID, CaseMasterID, VictimName, AgeYear, GenderID, VictimPolice) VALUES (506, 357, 'Jasmit Warrior', 75, 1, '0');
INSERT INTO Accused (AccusedMasterID, CaseMasterID, AccusedName, AgeYear, GenderID, PersonID) VALUES (833, 357, 'Gauri Mitter', 34, 2, 'A1');
INSERT INTO ActSectionAssociation (CaseMasterID, ActID, SectionID, ActOrderID, SectionOrderID) VALUES (357, 'ITA', '66', 1, 1);
INSERT INTO Inv_OccuranceTime (CaseMasterID, OccuranceFromDate, OccuranceToDate, PlaceOfOccurance, latitude, longitude) VALUES (357, '2024-03-17T14:13:00', '2024-03-17T18:13:00', 'Bhakta Marg, Vijayapura', 12.8797107, 74.8400456);
INSERT INTO ChargesheetDetails (CSID, CaseMasterID, csdate, cstype, PolicePersonID) VALUES (100, 357, '2024-05-23', 'A', 29);

INSERT INTO CaseMaster (CaseMasterID, CrimeNo, CaseNo, CrimeRegisteredDate, PolicePersonID, PoliceStationID, CaseCategoryID, GravityOffenceID, CrimeMajorHeadID, CrimeMinorHeadID, CaseStatusID, CourtID, IncidentFromDate, IncidentToDate, InfoReceivedPSDate, latitude, longitude, BriefFacts) VALUES (358, '300110010202600002', '202600002', '2026-02-03', 17, 10, 3, 2, 4, 24, 1, 42, '2026-02-03T18:17:00', '2026-02-03T18:17:00', '2026-02-03T20:17:00', 12.2767484, 76.6684744, 'On 2026-02-03, the complainant Faris Sharaf reported that unknown persons broke into their residence at Ramakrishnan Road, Raichur and stole cash amounting to Rs. 1000000 and gold ornaments. The accused Leena Halder was later identified through CCTV footage from a nearby shop.');
INSERT INTO ComplainantDetails (ComplainantID, CaseMasterID, ComplainantName, AgeYear, OccupationID, ReligionID, CasteID, GenderID) VALUES (358, 358, 'Faris Sharaf', 50, 14, 1, 4, 2);
INSERT INTO Victim (VictimMasterID, CaseMasterID, VictimName, AgeYear, GenderID, VictimPolice) VALUES (507, 358, 'Samaksh Goda', 8, 3, '0');
INSERT INTO Victim (VictimMasterID, CaseMasterID, VictimName, AgeYear, GenderID, VictimPolice) VALUES (508, 358, 'Jagrati Sur', 49, 3, '0');
INSERT INTO Accused (AccusedMasterID, CaseMasterID, AccusedName, AgeYear, GenderID, PersonID) VALUES (834, 358, 'Leena Halder', 25, 2, 'A1');
INSERT INTO Accused (AccusedMasterID, CaseMasterID, AccusedName, AgeYear, GenderID, PersonID) VALUES (835, 358, 'Diya Bora', 24, 1, 'A2');
INSERT INTO ActSectionAssociation (CaseMasterID, ActID, SectionID, ActOrderID, SectionOrderID) VALUES (358, 'IPC', '354', 1, 1);
INSERT INTO ActSectionAssociation (CaseMasterID, ActID, SectionID, ActOrderID, SectionOrderID) VALUES (358, 'ITA', '67', 2, 2);
INSERT INTO Inv_OccuranceTime (CaseMasterID, OccuranceFromDate, OccuranceToDate, PlaceOfOccurance, latitude, longitude) VALUES (358, '2026-02-03T18:17:00', '2026-02-03T18:17:00', 'Ramakrishnan Road, Raichur', 12.2767484, 76.6684744);

INSERT INTO CaseMaster (CaseMasterID, CrimeNo, CaseNo, CrimeRegisteredDate, PolicePersonID, PoliceStationID, CaseCategoryID, GravityOffenceID, CrimeMajorHeadID, CrimeMinorHeadID, CaseStatusID, CourtID, IncidentFromDate, IncidentToDate, InfoReceivedPSDate, latitude, longitude, BriefFacts) VALUES (359, '300250024202300001', '202300001', '2023-10-15', 78, 24, 3, 4, 3, 17, 2, 28, '2023-10-15T13:08:00', '2023-10-15T14:08:00', '2023-10-15T21:08:00', 17.8581064, 76.3116281, 'On 2023-10-15, the Anti-Narcotics squad conducted a raid at Khare, Chikkamagaluru and seized 50 grams of MDMA from the possession of the accused Advika Jayaraman. The accused was found to be part of a supply chain operating across Shivamogga and Haveri.');
INSERT INTO ComplainantDetails (ComplainantID, CaseMasterID, ComplainantName, AgeYear, OccupationID, ReligionID, CasteID, GenderID) VALUES (359, 359, 'Ranveer Dey', 56, 5, 1, 4, 2);
INSERT INTO Victim (VictimMasterID, CaseMasterID, VictimName, AgeYear, GenderID, VictimPolice) VALUES (509, 359, 'Reyansh Bakshi', 56, 3, '0');
INSERT INTO Accused (AccusedMasterID, CaseMasterID, AccusedName, AgeYear, GenderID, PersonID) VALUES (836, 359, 'Advika Jayaraman', 30, 2, 'A1');
INSERT INTO Accused (AccusedMasterID, CaseMasterID, AccusedName, AgeYear, GenderID, PersonID) VALUES (837, 359, 'Lopa Bhatnagar', 26, 1, 'A2');
INSERT INTO Accused (AccusedMasterID, CaseMasterID, AccusedName, AgeYear, GenderID, PersonID) VALUES (838, 359, 'Xalak Walla', 32, 2, 'A3');
INSERT INTO ActSectionAssociation (CaseMasterID, ActID, SectionID, ActOrderID, SectionOrderID) VALUES (359, 'POCSO', '8', 1, 1);
INSERT INTO ActSectionAssociation (CaseMasterID, ActID, SectionID, ActOrderID, SectionOrderID) VALUES (359, 'ITA', '66D', 2, 2);
INSERT INTO ActSectionAssociation (CaseMasterID, ActID, SectionID, ActOrderID, SectionOrderID) VALUES (359, 'ITA', '66', 3, 3);
INSERT INTO ArrestSurrender (ArrestSurrenderID, CaseMasterID, ArrestSurrenderTypeID, ArrestSurrenderDate, ArrestSurrenderStateId, ArrestSurrenderDistrictId, PoliceStationID, IOID, CourtID, AccusedMasterID, IsAccused, IsComplainantAccused) VALUES (268, 359, 2, '2023-11-20', 1, 25, 24, 41, 28, 836, TRUE, FALSE);
INSERT INTO inv_arrestsurrenderaccused (ArrestSurrenderID, AccusedMasterID) VALUES (268, 836);
INSERT INTO Inv_OccuranceTime (CaseMasterID, OccuranceFromDate, OccuranceToDate, PlaceOfOccurance, latitude, longitude) VALUES (359, '2023-10-15T13:08:00', '2023-10-15T14:08:00', 'Khare, Chikkamagaluru', 17.8581064, 76.3116281);
INSERT INTO ChargesheetDetails (CSID, CaseMasterID, csdate, cstype, PolicePersonID) VALUES (101, 359, '2024-01-23', 'A', 56);

INSERT INTO CaseMaster (CaseMasterID, CrimeNo, CaseNo, CrimeRegisteredDate, PolicePersonID, PoliceStationID, CaseCategoryID, GravityOffenceID, CrimeMajorHeadID, CrimeMinorHeadID, CaseStatusID, CourtID, IncidentFromDate, IncidentToDate, InfoReceivedPSDate, latitude, longitude, BriefFacts) VALUES (360, '200060005202600001', '202600001', '2026-06-05', 2, 5, 2, 2, 1, 5, 7, 13, '2026-06-05T04:55:00', '2026-06-05T04:55:00', '2026-06-05T09:55:00', 14.9416758, 78.2246019, 'On 2026-06-05, the complainant Amol Bansal reported that their auto-rickshaw bearing registration number KA-48-WM-8429 was stolen from Ravi Nagar, Belagavi. The vehicle was parked outside a residential apartment and was found missing when the complainant returned.');
INSERT INTO ComplainantDetails (ComplainantID, CaseMasterID, ComplainantName, AgeYear, OccupationID, ReligionID, CasteID, GenderID) VALUES (360, 360, 'Amol Bansal', 53, 3, 1, 3, 1);
INSERT INTO Victim (VictimMasterID, CaseMasterID, VictimName, AgeYear, GenderID, VictimPolice) VALUES (510, 360, 'Daksh Nazareth', 5, 1, '0');
INSERT INTO Accused (AccusedMasterID, CaseMasterID, AccusedName, AgeYear, GenderID, PersonID) VALUES (839, 360, 'Kevin Palla', 23, 2, 'A1');
INSERT INTO Accused (AccusedMasterID, CaseMasterID, AccusedName, AgeYear, GenderID, PersonID) VALUES (840, 360, 'Siddharth Virk', 27, 1, 'A2');
INSERT INTO Accused (AccusedMasterID, CaseMasterID, AccusedName, AgeYear, GenderID, PersonID) VALUES (841, 360, 'Pallavi Malhotra', 30, 2, 'A3');
INSERT INTO Accused (AccusedMasterID, CaseMasterID, AccusedName, AgeYear, GenderID, PersonID) VALUES (842, 360, 'Manthan Kaul', 55, 2, 'A4');
INSERT INTO ActSectionAssociation (CaseMasterID, ActID, SectionID, ActOrderID, SectionOrderID) VALUES (360, 'IPC', '420', 1, 1);
INSERT INTO ActSectionAssociation (CaseMasterID, ActID, SectionID, ActOrderID, SectionOrderID) VALUES (360, 'IPC', '120B', 2, 2);
INSERT INTO ActSectionAssociation (CaseMasterID, ActID, SectionID, ActOrderID, SectionOrderID) VALUES (360, 'POCSO', '6', 3, 3);
INSERT INTO ArrestSurrender (ArrestSurrenderID, CaseMasterID, ArrestSurrenderTypeID, ArrestSurrenderDate, ArrestSurrenderStateId, ArrestSurrenderDistrictId, PoliceStationID, IOID, CourtID, AccusedMasterID, IsAccused, IsComplainantAccused) VALUES (269, 360, 2, '2026-07-05', 1, 6, 5, 50, 13, 842, TRUE, FALSE);
INSERT INTO inv_arrestsurrenderaccused (ArrestSurrenderID, AccusedMasterID) VALUES (269, 842);
INSERT INTO Inv_OccuranceTime (CaseMasterID, OccuranceFromDate, OccuranceToDate, PlaceOfOccurance, latitude, longitude) VALUES (360, '2026-06-05T04:55:00', '2026-06-05T04:55:00', 'Ravi Nagar, Belagavi', 14.9416758, 78.2246019);

INSERT INTO CaseMaster (CaseMasterID, CrimeNo, CaseNo, CrimeRegisteredDate, PolicePersonID, PoliceStationID, CaseCategoryID, GravityOffenceID, CrimeMajorHeadID, CrimeMinorHeadID, CaseStatusID, CourtID, IncidentFromDate, IncidentToDate, InfoReceivedPSDate, latitude, longitude, BriefFacts) VALUES (361, '200030002202600001', '202600001', '2026-04-22', 7, 2, 2, 1, 7, 39, 4, 38, '2026-04-22T03:46:00', '2026-04-22T04:46:00', '2026-04-22T11:46:00', 12.2959515, 76.6645395, 'The victim Lohit Suresh, aged 38, was assaulted by the accused Amara Dutta near Sinha Nagar, Mysuru on 2026-04-22 at approximately 2:30 AM. The accused used a sharp weapon causing grievous injuries. The victim was rushed to District Hospital for treatment.');
INSERT INTO ComplainantDetails (ComplainantID, CaseMasterID, ComplainantName, AgeYear, OccupationID, ReligionID, CasteID, GenderID) VALUES (361, 361, 'Lohit Suresh', 35, 9, 4, 4, 1);
INSERT INTO Victim (VictimMasterID, CaseMasterID, VictimName, AgeYear, GenderID, VictimPolice) VALUES (511, 361, 'Lohit Suresh', 53, 3, '0');
INSERT INTO Accused (AccusedMasterID, CaseMasterID, AccusedName, AgeYear, GenderID, PersonID) VALUES (843, 361, 'Amara Dutta', 55, 2, 'A1');
INSERT INTO ActSectionAssociation (CaseMasterID, ActID, SectionID, ActOrderID, SectionOrderID) VALUES (361, 'ITA', '67', 1, 1);
INSERT INTO ActSectionAssociation (CaseMasterID, ActID, SectionID, ActOrderID, SectionOrderID) VALUES (361, 'NDPS', '27', 2, 2);
INSERT INTO ArrestSurrender (ArrestSurrenderID, CaseMasterID, ArrestSurrenderTypeID, ArrestSurrenderDate, ArrestSurrenderStateId, ArrestSurrenderDistrictId, PoliceStationID, IOID, CourtID, AccusedMasterID, IsAccused, IsComplainantAccused) VALUES (270, 361, 1, '2026-05-09', 1, 3, 2, 18, 38, 843, TRUE, FALSE);
INSERT INTO inv_arrestsurrenderaccused (ArrestSurrenderID, AccusedMasterID) VALUES (270, 843);
INSERT INTO Inv_OccuranceTime (CaseMasterID, OccuranceFromDate, OccuranceToDate, PlaceOfOccurance, latitude, longitude) VALUES (361, '2026-04-22T03:46:00', '2026-04-22T04:46:00', 'Sinha Nagar, Mysuru', 12.2959515, 76.6645395);

INSERT INTO CaseMaster (CaseMasterID, CrimeNo, CaseNo, CrimeRegisteredDate, PolicePersonID, PoliceStationID, CaseCategoryID, GravityOffenceID, CrimeMajorHeadID, CrimeMinorHeadID, CaseStatusID, CourtID, IncidentFromDate, IncidentToDate, InfoReceivedPSDate, latitude, longitude, BriefFacts) VALUES (362, '800010030202600002', '202600002', '2026-04-03', 12, 30, 8, 2, 2, 9, 3, 33, '2026-04-03T12:09:00', '2026-04-03T12:09:00', '2026-04-03T20:09:00', 15.3925653, 75.1183472, 'The deceased Orinder Bedi, aged 34, was found dead under suspicious circumstances at Garde, Bengaluru Urban on 2026-04-03. The investigation revealed that the accused Gunbir Shan, who is a relative of the deceased, had a dispute over property worth Rs. 1000000.');
INSERT INTO ComplainantDetails (ComplainantID, CaseMasterID, ComplainantName, AgeYear, OccupationID, ReligionID, CasteID, GenderID) VALUES (362, 362, 'Xavier De', 30, 4, 7, 5, 1);
INSERT INTO Victim (VictimMasterID, CaseMasterID, VictimName, AgeYear, GenderID, VictimPolice) VALUES (512, 362, 'Orinder Bedi', 47, 1, '0');
INSERT INTO Accused (AccusedMasterID, CaseMasterID, AccusedName, AgeYear, GenderID, PersonID) VALUES (844, 362, 'Gunbir Shan', 22, 1, 'A1');
INSERT INTO Accused (AccusedMasterID, CaseMasterID, AccusedName, AgeYear, GenderID, PersonID) VALUES (845, 362, 'Hitesh Comar', 38, 2, 'A2');
INSERT INTO Accused (AccusedMasterID, CaseMasterID, AccusedName, AgeYear, GenderID, PersonID) VALUES (846, 362, 'Thomas Bhatnagar', 36, 2, 'A3');
INSERT INTO ActSectionAssociation (CaseMasterID, ActID, SectionID, ActOrderID, SectionOrderID) VALUES (362, 'IPC', '307', 1, 1);
INSERT INTO ArrestSurrender (ArrestSurrenderID, CaseMasterID, ArrestSurrenderTypeID, ArrestSurrenderDate, ArrestSurrenderStateId, ArrestSurrenderDistrictId, PoliceStationID, IOID, CourtID, AccusedMasterID, IsAccused, IsComplainantAccused) VALUES (271, 362, 2, '2026-04-06', 1, 1, 30, 55, 33, 844, TRUE, FALSE);
INSERT INTO inv_arrestsurrenderaccused (ArrestSurrenderID, AccusedMasterID) VALUES (271, 844);
INSERT INTO Inv_OccuranceTime (CaseMasterID, OccuranceFromDate, OccuranceToDate, PlaceOfOccurance, latitude, longitude) VALUES (362, '2026-04-03T12:09:00', '2026-04-03T12:09:00', 'Garde, Bengaluru Urban', 15.3925653, 75.1183472);

INSERT INTO CaseMaster (CaseMasterID, CrimeNo, CaseNo, CrimeRegisteredDate, PolicePersonID, PoliceStationID, CaseCategoryID, GravityOffenceID, CrimeMajorHeadID, CrimeMinorHeadID, CaseStatusID, CourtID, IncidentFromDate, IncidentToDate, InfoReceivedPSDate, latitude, longitude, BriefFacts) VALUES (363, '400020001202500001', '202500001', '2025-12-11', 7, 1, 4, 1, 2, 9, 2, 34, '2025-12-11T23:58:00', '2025-12-12T00:58:00', '2025-12-12T03:58:00', 13.0503778, 77.6094352, 'A cyber fraud was reported by Geetika Ratti. The accused posed as a bank official and obtained OTP and banking credentials through a phone call on 2025-12-11. An amount of Rs. 100000 was fraudulently transferred from the complainant''s account.');
INSERT INTO ComplainantDetails (ComplainantID, CaseMasterID, ComplainantName, AgeYear, OccupationID, ReligionID, CasteID, GenderID) VALUES (363, 363, 'Geetika Ratti', 39, 6, 2, 4, 2);
INSERT INTO Victim (VictimMasterID, CaseMasterID, VictimName, AgeYear, GenderID, VictimPolice) VALUES (513, 363, 'Jai Devan', 43, 2, '0');
INSERT INTO Victim (VictimMasterID, CaseMasterID, VictimName, AgeYear, GenderID, VictimPolice) VALUES (514, 363, 'Oscar Nayak', 8, 1, '0');
INSERT INTO Victim (VictimMasterID, CaseMasterID, VictimName, AgeYear, GenderID, VictimPolice) VALUES (515, 363, 'Jai Mahal', 47, 1, '1');
INSERT INTO Accused (AccusedMasterID, CaseMasterID, AccusedName, AgeYear, GenderID, PersonID) VALUES (847, 363, 'Shivansh Krish', 31, 2, 'A1');
INSERT INTO Accused (AccusedMasterID, CaseMasterID, AccusedName, AgeYear, GenderID, PersonID) VALUES (848, 363, 'Ojasvi Ganguly', 27, 2, 'A2');
INSERT INTO ActSectionAssociation (CaseMasterID, ActID, SectionID, ActOrderID, SectionOrderID) VALUES (363, 'POCSO', '8', 1, 1);
INSERT INTO Inv_OccuranceTime (CaseMasterID, OccuranceFromDate, OccuranceToDate, PlaceOfOccurance, latitude, longitude) VALUES (363, '2025-12-11T23:58:00', '2025-12-12T00:58:00', 'Kala Path, Bengaluru Rural', 13.0503778, 77.6094352);
INSERT INTO ChargesheetDetails (CSID, CaseMasterID, csdate, cstype, PolicePersonID) VALUES (102, 363, '2026-01-31', 'A', 63);

INSERT INTO CaseMaster (CaseMasterID, CrimeNo, CaseNo, CrimeRegisteredDate, PolicePersonID, PoliceStationID, CaseCategoryID, GravityOffenceID, CrimeMajorHeadID, CrimeMinorHeadID, CaseStatusID, CourtID, IncidentFromDate, IncidentToDate, InfoReceivedPSDate, latitude, longitude, BriefFacts) VALUES (364, '400190018202500001', '202500001', '2025-08-15', 22, 18, 4, 2, 3, 21, 3, 9, '2025-08-15T14:00:00', '2025-08-15T18:00:00', '2025-08-16T00:00:00', 16.1772495, 74.824728, 'A cyber fraud was reported by Reva Kohli. The accused posed as a bank official and obtained OTP and banking credentials through a phone call on 2025-08-15. An amount of Rs. 25000 was fraudulently transferred from the complainant''s account.');
INSERT INTO ComplainantDetails (ComplainantID, CaseMasterID, ComplainantName, AgeYear, OccupationID, ReligionID, CasteID, GenderID) VALUES (364, 364, 'Reva Kohli', 25, 6, 5, 1, 1);
INSERT INTO Victim (VictimMasterID, CaseMasterID, VictimName, AgeYear, GenderID, VictimPolice) VALUES (516, 364, 'Kiaan Chaudhry', 9, 2, '0');
INSERT INTO Accused (AccusedMasterID, CaseMasterID, AccusedName, AgeYear, GenderID, PersonID) VALUES (849, 364, 'Nakul Babu', 50, 2, 'A1');
INSERT INTO ActSectionAssociation (CaseMasterID, ActID, SectionID, ActOrderID, SectionOrderID) VALUES (364, 'ITA', '66D', 1, 1);
INSERT INTO ActSectionAssociation (CaseMasterID, ActID, SectionID, ActOrderID, SectionOrderID) VALUES (364, 'NDPS', '20', 2, 2);
INSERT INTO ActSectionAssociation (CaseMasterID, ActID, SectionID, ActOrderID, SectionOrderID) VALUES (364, 'NDPS', '22', 3, 3);
INSERT INTO Inv_OccuranceTime (CaseMasterID, OccuranceFromDate, OccuranceToDate, PlaceOfOccurance, latitude, longitude) VALUES (364, '2025-08-15T14:00:00', '2025-08-15T18:00:00', 'Buch Chowk, Gadag', 16.1772495, 74.824728);

INSERT INTO CaseMaster (CaseMasterID, CrimeNo, CaseNo, CrimeRegisteredDate, PolicePersonID, PoliceStationID, CaseCategoryID, GravityOffenceID, CrimeMajorHeadID, CrimeMinorHeadID, CaseStatusID, CourtID, IncidentFromDate, IncidentToDate, InfoReceivedPSDate, latitude, longitude, BriefFacts) VALUES (365, '200110010202300002', '202300002', '2023-07-20', 7, 10, 2, 3, 5, 27, 5, 25, '2023-07-20T20:27:00', '2023-07-20T22:27:00', '2023-07-21T07:27:00', 12.9980215, 77.6313609, 'On 2023-07-20, at about 10:15 PM, the accused Luke Madan along with 5 associates formed an unlawful assembly near Seshadri Circle, Raichur and attacked the complainant Gaurav Mander with lethal weapons resulting in injuries.');
INSERT INTO ComplainantDetails (ComplainantID, CaseMasterID, ComplainantName, AgeYear, OccupationID, ReligionID, CasteID, GenderID) VALUES (365, 365, 'Gaurav Mander', 25, 5, 4, 2, 1);
INSERT INTO Victim (VictimMasterID, CaseMasterID, VictimName, AgeYear, GenderID, VictimPolice) VALUES (517, 365, 'Vamakshi Date', 59, 1, '0');
INSERT INTO Victim (VictimMasterID, CaseMasterID, VictimName, AgeYear, GenderID, VictimPolice) VALUES (518, 365, 'William Ghosh', 48, 3, '0');
INSERT INTO Accused (AccusedMasterID, CaseMasterID, AccusedName, AgeYear, GenderID, PersonID) VALUES (850, 365, 'Luke Madan', 50, 1, 'A1');
INSERT INTO ActSectionAssociation (CaseMasterID, ActID, SectionID, ActOrderID, SectionOrderID) VALUES (365, 'IPC', '34', 1, 1);
INSERT INTO ActSectionAssociation (CaseMasterID, ActID, SectionID, ActOrderID, SectionOrderID) VALUES (365, 'POCSO', '8', 2, 2);
INSERT INTO ActSectionAssociation (CaseMasterID, ActID, SectionID, ActOrderID, SectionOrderID) VALUES (365, 'ITA', '66', 3, 3);
INSERT INTO Inv_OccuranceTime (CaseMasterID, OccuranceFromDate, OccuranceToDate, PlaceOfOccurance, latitude, longitude) VALUES (365, '2023-07-20T20:27:00', '2023-07-20T22:27:00', 'Seshadri Circle, Raichur', 12.9980215, 77.6313609);

INSERT INTO CaseMaster (CaseMasterID, CrimeNo, CaseNo, CrimeRegisteredDate, PolicePersonID, PoliceStationID, CaseCategoryID, GravityOffenceID, CrimeMajorHeadID, CrimeMinorHeadID, CaseStatusID, CourtID, IncidentFromDate, IncidentToDate, InfoReceivedPSDate, latitude, longitude, BriefFacts) VALUES (366, '400100009202500002', '202500002', '2025-05-13', 3, 9, 4, 3, 1, 7, 4, 3, '2025-05-13T06:42:00', '2025-05-13T08:42:00', '2025-05-13T09:42:00', 12.314973, 76.5952291, 'On 2025-05-13, the complainant Pranit Tata reported that unknown persons broke into their residence at Agrawal Marg, Shivamogga and stole cash amounting to Rs. 2500000 and gold ornaments. The accused Gaurangi Sabharwal was later identified through CCTV footage from a nearby shop.');
INSERT INTO ComplainantDetails (ComplainantID, CaseMasterID, ComplainantName, AgeYear, OccupationID, ReligionID, CasteID, GenderID) VALUES (366, 366, 'Pranit Tata', 32, 4, 5, 4, 1);
INSERT INTO Victim (VictimMasterID, CaseMasterID, VictimName, AgeYear, GenderID, VictimPolice) VALUES (519, 366, 'Charvi Pall', 40, 1, '0');
INSERT INTO Accused (AccusedMasterID, CaseMasterID, AccusedName, AgeYear, GenderID, PersonID) VALUES (851, 366, 'Gaurangi Sabharwal', 48, 1, 'A1');
INSERT INTO ActSectionAssociation (CaseMasterID, ActID, SectionID, ActOrderID, SectionOrderID) VALUES (366, 'IPC', '427', 1, 1);
INSERT INTO Inv_OccuranceTime (CaseMasterID, OccuranceFromDate, OccuranceToDate, PlaceOfOccurance, latitude, longitude) VALUES (366, '2025-05-13T06:42:00', '2025-05-13T08:42:00', 'Agrawal Marg, Shivamogga', 12.314973, 76.5952291);

INSERT INTO CaseMaster (CaseMasterID, CrimeNo, CaseNo, CrimeRegisteredDate, PolicePersonID, PoliceStationID, CaseCategoryID, GravityOffenceID, CrimeMajorHeadID, CrimeMinorHeadID, CaseStatusID, CourtID, IncidentFromDate, IncidentToDate, InfoReceivedPSDate, latitude, longitude, BriefFacts) VALUES (367, '100200019202500001', '202500001', '2025-03-16', 60, 19, 1, 4, 1, 3, 3, 7, '2025-03-16T04:48:00', '2025-03-16T06:48:00', '2025-03-16T16:48:00', 16.8036928, 77.9784774, 'On 2025-03-16, the complainant Jacob Wagle reported that unknown persons broke into their residence at Bera Road, Haveri and stole cash amounting to Rs. 100000 and gold ornaments. The accused Ucchal Joshi was later identified through CCTV footage from a nearby shop.');
INSERT INTO ComplainantDetails (ComplainantID, CaseMasterID, ComplainantName, AgeYear, OccupationID, ReligionID, CasteID, GenderID) VALUES (367, 367, 'Jacob Wagle', 30, 4, 1, 4, 1);
INSERT INTO Victim (VictimMasterID, CaseMasterID, VictimName, AgeYear, GenderID, VictimPolice) VALUES (520, 367, 'Janaki Zacharia', 61, 3, '0');
INSERT INTO Accused (AccusedMasterID, CaseMasterID, AccusedName, AgeYear, GenderID, PersonID) VALUES (852, 367, 'Ucchal Joshi', 47, 1, 'A1');
INSERT INTO Accused (AccusedMasterID, CaseMasterID, AccusedName, AgeYear, GenderID, PersonID) VALUES (853, 367, 'Isaiah Dixit', 47, 1, 'A2');
INSERT INTO ActSectionAssociation (CaseMasterID, ActID, SectionID, ActOrderID, SectionOrderID) VALUES (367, 'IPC', '498A', 1, 1);
INSERT INTO ActSectionAssociation (CaseMasterID, ActID, SectionID, ActOrderID, SectionOrderID) VALUES (367, 'IPC', '120B', 2, 2);
INSERT INTO Inv_OccuranceTime (CaseMasterID, OccuranceFromDate, OccuranceToDate, PlaceOfOccurance, latitude, longitude) VALUES (367, '2025-03-16T04:48:00', '2025-03-16T06:48:00', 'Bera Road, Haveri', 16.8036928, 77.9784774);

INSERT INTO CaseMaster (CaseMasterID, CrimeNo, CaseNo, CrimeRegisteredDate, PolicePersonID, PoliceStationID, CaseCategoryID, GravityOffenceID, CrimeMajorHeadID, CrimeMinorHeadID, CaseStatusID, CourtID, IncidentFromDate, IncidentToDate, InfoReceivedPSDate, latitude, longitude, BriefFacts) VALUES (368, '100260025202500002', '202500002', '2025-08-03', 79, 25, 1, 4, 2, 10, 1, 13, '2025-08-03T12:16:00', '2025-08-03T15:16:00', '2025-08-03T22:16:00', 17.6538069, 76.6463539, 'The deceased Caleb Bhagat, aged 39, was found dead under suspicious circumstances at Krishnamurthy Marg, Yadgir on 2025-08-03. The investigation revealed that the accused Bhavani Kadakia, who is a relative of the deceased, had a dispute over property worth Rs. 500000.');
INSERT INTO ComplainantDetails (ComplainantID, CaseMasterID, ComplainantName, AgeYear, OccupationID, ReligionID, CasteID, GenderID) VALUES (368, 368, 'Widisha Goda', 52, 2, 1, 2, 2);
INSERT INTO Victim (VictimMasterID, CaseMasterID, VictimName, AgeYear, GenderID, VictimPolice) VALUES (521, 368, 'Caleb Bhagat', 42, 1, '0');
INSERT INTO Accused (AccusedMasterID, CaseMasterID, AccusedName, AgeYear, GenderID, PersonID) VALUES (854, 368, 'Bhavani Kadakia', 43, 1, 'A1');
INSERT INTO ActSectionAssociation (CaseMasterID, ActID, SectionID, ActOrderID, SectionOrderID) VALUES (368, 'IPC', '420', 1, 1);
INSERT INTO ArrestSurrender (ArrestSurrenderID, CaseMasterID, ArrestSurrenderTypeID, ArrestSurrenderDate, ArrestSurrenderStateId, ArrestSurrenderDistrictId, PoliceStationID, IOID, CourtID, AccusedMasterID, IsAccused, IsComplainantAccused) VALUES (272, 368, 2, '2025-09-07', 1, 26, 25, 59, 13, 854, TRUE, FALSE);
INSERT INTO inv_arrestsurrenderaccused (ArrestSurrenderID, AccusedMasterID) VALUES (272, 854);
INSERT INTO Inv_OccuranceTime (CaseMasterID, OccuranceFromDate, OccuranceToDate, PlaceOfOccurance, latitude, longitude) VALUES (368, '2025-08-03T12:16:00', '2025-08-03T15:16:00', 'Krishnamurthy Marg, Yadgir', 17.6538069, 76.6463539);

INSERT INTO CaseMaster (CaseMasterID, CrimeNo, CaseNo, CrimeRegisteredDate, PolicePersonID, PoliceStationID, CaseCategoryID, GravityOffenceID, CrimeMajorHeadID, CrimeMinorHeadID, CaseStatusID, CourtID, IncidentFromDate, IncidentToDate, InfoReceivedPSDate, latitude, longitude, BriefFacts) VALUES (369, '300140013202400001', '202400001', '2024-07-14', 61, 13, 3, 1, 4, 25, 4, 23, '2024-07-14T11:44:00', '2024-07-14T12:44:00', '2024-07-14T13:44:00', 12.8546916, 74.8075639, 'A cyber fraud was reported by Caleb Chawla. The accused posed as a bank official and obtained OTP and banking credentials through a phone call on 2024-07-14. An amount of Rs. 1000000 was fraudulently transferred from the complainant''s account.');
INSERT INTO ComplainantDetails (ComplainantID, CaseMasterID, ComplainantName, AgeYear, OccupationID, ReligionID, CasteID, GenderID) VALUES (369, 369, 'Caleb Chawla', 64, 4, 5, 5, 1);
INSERT INTO Victim (VictimMasterID, CaseMasterID, VictimName, AgeYear, GenderID, VictimPolice) VALUES (522, 369, 'Patrick Dugar', 41, 3, '0');
INSERT INTO Accused (AccusedMasterID, CaseMasterID, AccusedName, AgeYear, GenderID, PersonID) VALUES (855, 369, 'Vedhika Varma', 32, 1, 'A1');
INSERT INTO Accused (AccusedMasterID, CaseMasterID, AccusedName, AgeYear, GenderID, PersonID) VALUES (856, 369, 'Lavanya Barad', 24, 2, 'A2');
INSERT INTO ActSectionAssociation (CaseMasterID, ActID, SectionID, ActOrderID, SectionOrderID) VALUES (369, 'IPC', '457', 1, 1);
INSERT INTO ActSectionAssociation (CaseMasterID, ActID, SectionID, ActOrderID, SectionOrderID) VALUES (369, 'IPC', '397', 2, 2);
INSERT INTO ActSectionAssociation (CaseMasterID, ActID, SectionID, ActOrderID, SectionOrderID) VALUES (369, 'NDPS', '20', 3, 3);
INSERT INTO ArrestSurrender (ArrestSurrenderID, CaseMasterID, ArrestSurrenderTypeID, ArrestSurrenderDate, ArrestSurrenderStateId, ArrestSurrenderDistrictId, PoliceStationID, IOID, CourtID, AccusedMasterID, IsAccused, IsComplainantAccused) VALUES (273, 369, 2, '2024-08-13', 1, 14, 13, 71, 23, 855, TRUE, FALSE);
INSERT INTO inv_arrestsurrenderaccused (ArrestSurrenderID, AccusedMasterID) VALUES (273, 855);
INSERT INTO ArrestSurrender (ArrestSurrenderID, CaseMasterID, ArrestSurrenderTypeID, ArrestSurrenderDate, ArrestSurrenderStateId, ArrestSurrenderDistrictId, PoliceStationID, IOID, CourtID, AccusedMasterID, IsAccused, IsComplainantAccused) VALUES (274, 369, 2, '2024-08-07', 1, 14, 13, 52, 23, 856, TRUE, FALSE);
INSERT INTO inv_arrestsurrenderaccused (ArrestSurrenderID, AccusedMasterID) VALUES (274, 856);
INSERT INTO Inv_OccuranceTime (CaseMasterID, OccuranceFromDate, OccuranceToDate, PlaceOfOccurance, latitude, longitude) VALUES (369, '2024-07-14T11:44:00', '2024-07-14T12:44:00', 'Bobal Zila, Hassan', 12.8546916, 74.8075639);

INSERT INTO CaseMaster (CaseMasterID, CrimeNo, CaseNo, CrimeRegisteredDate, PolicePersonID, PoliceStationID, CaseCategoryID, GravityOffenceID, CrimeMajorHeadID, CrimeMinorHeadID, CaseStatusID, CourtID, IncidentFromDate, IncidentToDate, InfoReceivedPSDate, latitude, longitude, BriefFacts) VALUES (370, '200090008202600002', '202600002', '2026-03-21', 79, 8, 2, 3, 2, 15, 1, 6, '2026-03-21T08:58:00', '2026-03-21T11:58:00', '2026-03-21T17:58:00', 15.3896674, 75.1266891, 'The deceased Eshana Saini, aged 50, was found dead under suspicious circumstances at Nanda Zila, Tumakuru on 2026-03-21. The investigation revealed that the accused Eshana Karpe, who is a relative of the deceased, had a dispute over property worth Rs. 10000.');
INSERT INTO ComplainantDetails (ComplainantID, CaseMasterID, ComplainantName, AgeYear, OccupationID, ReligionID, CasteID, GenderID) VALUES (370, 370, 'Eshana Saini', 26, 5, 2, 5, 2);
INSERT INTO Victim (VictimMasterID, CaseMasterID, VictimName, AgeYear, GenderID, VictimPolice) VALUES (523, 370, 'Eshana Saini', 68, 3, '0');
INSERT INTO Victim (VictimMasterID, CaseMasterID, VictimName, AgeYear, GenderID, VictimPolice) VALUES (524, 370, 'Guneet Khalsa', 51, 2, '0');
INSERT INTO Accused (AccusedMasterID, CaseMasterID, AccusedName, AgeYear, GenderID, PersonID) VALUES (857, 370, 'Eshana Karpe', 20, 2, 'A1');
INSERT INTO Accused (AccusedMasterID, CaseMasterID, AccusedName, AgeYear, GenderID, PersonID) VALUES (858, 370, 'Ryan Prashad', 42, 1, 'A2');
INSERT INTO Accused (AccusedMasterID, CaseMasterID, AccusedName, AgeYear, GenderID, PersonID) VALUES (859, 370, 'Ethan Sinha', 36, 2, 'A3');
INSERT INTO Accused (AccusedMasterID, CaseMasterID, AccusedName, AgeYear, GenderID, PersonID) VALUES (860, 370, 'Chatura Sarin', 41, 2, 'A4');
INSERT INTO ActSectionAssociation (CaseMasterID, ActID, SectionID, ActOrderID, SectionOrderID) VALUES (370, 'ITA', '67', 1, 1);
INSERT INTO ActSectionAssociation (CaseMasterID, ActID, SectionID, ActOrderID, SectionOrderID) VALUES (370, 'NDPS', '20', 2, 2);
INSERT INTO ArrestSurrender (ArrestSurrenderID, CaseMasterID, ArrestSurrenderTypeID, ArrestSurrenderDate, ArrestSurrenderStateId, ArrestSurrenderDistrictId, PoliceStationID, IOID, CourtID, AccusedMasterID, IsAccused, IsComplainantAccused) VALUES (275, 370, 1, '2026-04-19', 1, 9, 8, 8, 6, 857, TRUE, FALSE);
INSERT INTO inv_arrestsurrenderaccused (ArrestSurrenderID, AccusedMasterID) VALUES (275, 857);
INSERT INTO ArrestSurrender (ArrestSurrenderID, CaseMasterID, ArrestSurrenderTypeID, ArrestSurrenderDate, ArrestSurrenderStateId, ArrestSurrenderDistrictId, PoliceStationID, IOID, CourtID, AccusedMasterID, IsAccused, IsComplainantAccused) VALUES (276, 370, 2, '2026-05-12', 1, 9, 8, 16, 6, 860, TRUE, FALSE);
INSERT INTO inv_arrestsurrenderaccused (ArrestSurrenderID, AccusedMasterID) VALUES (276, 860);
INSERT INTO Inv_OccuranceTime (CaseMasterID, OccuranceFromDate, OccuranceToDate, PlaceOfOccurance, latitude, longitude) VALUES (370, '2026-03-21T08:58:00', '2026-03-21T11:58:00', 'Nanda Zila, Tumakuru', 15.3896674, 75.1266891);

INSERT INTO CaseMaster (CaseMasterID, CrimeNo, CaseNo, CrimeRegisteredDate, PolicePersonID, PoliceStationID, CaseCategoryID, GravityOffenceID, CrimeMajorHeadID, CrimeMinorHeadID, CaseStatusID, CourtID, IncidentFromDate, IncidentToDate, InfoReceivedPSDate, latitude, longitude, BriefFacts) VALUES (371, '300140013202300001', '202300001', '2023-12-19', 34, 13, 3, 4, 6, 35, 7, 15, '2023-12-19T09:14:00', '2023-12-19T13:14:00', '2023-12-19T13:14:00', 12.9836599, 77.6510694, 'The complainant Pranav Ram reported domestic violence by husband Jagrati Madan and in-laws. The accused demanded additional dowry of Rs. 25000 and subjected the complainant to physical and mental harassment since 5 years.');
INSERT INTO ComplainantDetails (ComplainantID, CaseMasterID, ComplainantName, AgeYear, OccupationID, ReligionID, CasteID, GenderID) VALUES (371, 371, 'Pranav Ram', 53, 10, 1, 4, 2);
INSERT INTO Victim (VictimMasterID, CaseMasterID, VictimName, AgeYear, GenderID, VictimPolice) VALUES (525, 371, 'Laban Shankar', 22, 1, '0');
INSERT INTO Accused (AccusedMasterID, CaseMasterID, AccusedName, AgeYear, GenderID, PersonID) VALUES (861, 371, 'Jagrati Madan', 31, 1, 'A1');
INSERT INTO Accused (AccusedMasterID, CaseMasterID, AccusedName, AgeYear, GenderID, PersonID) VALUES (862, 371, 'Azad Bhasin', 22, 1, 'A2');
INSERT INTO Accused (AccusedMasterID, CaseMasterID, AccusedName, AgeYear, GenderID, PersonID) VALUES (863, 371, 'Laban Choudhry', 31, 2, 'A3');
INSERT INTO Accused (AccusedMasterID, CaseMasterID, AccusedName, AgeYear, GenderID, PersonID) VALUES (864, 371, 'Tara Sahota', 26, 2, 'A4');
INSERT INTO ActSectionAssociation (CaseMasterID, ActID, SectionID, ActOrderID, SectionOrderID) VALUES (371, 'NDPS', '20', 1, 1);
INSERT INTO ActSectionAssociation (CaseMasterID, ActID, SectionID, ActOrderID, SectionOrderID) VALUES (371, 'ITA', '67', 2, 2);
INSERT INTO ActSectionAssociation (CaseMasterID, ActID, SectionID, ActOrderID, SectionOrderID) VALUES (371, 'IPC', '498A', 3, 3);
INSERT INTO Inv_OccuranceTime (CaseMasterID, OccuranceFromDate, OccuranceToDate, PlaceOfOccurance, latitude, longitude) VALUES (371, '2023-12-19T09:14:00', '2023-12-19T13:14:00', 'Nayak Ganj, Hassan', 12.9836599, 77.6510694);

INSERT INTO CaseMaster (CaseMasterID, CrimeNo, CaseNo, CrimeRegisteredDate, PolicePersonID, PoliceStationID, CaseCategoryID, GravityOffenceID, CrimeMajorHeadID, CrimeMinorHeadID, CaseStatusID, CourtID, IncidentFromDate, IncidentToDate, InfoReceivedPSDate, latitude, longitude, BriefFacts) VALUES (372, '100270026202400002', '202400002', '2024-01-17', 34, 26, 1, 4, 7, 38, 3, 12, '2024-01-17T08:00:00', '2024-01-17T10:00:00', '2024-01-17T22:00:00', 15.3810331, 75.038879, 'The complainant Thomas Merchant, a shopkeeper at Sabharwal Zila, Chamarajanagara, reported that the accused Onkar Karpe along with others robbed the shop at knife-point on 2024-01-17 and fled with cash Rs. 10000 and valuables.');
INSERT INTO ComplainantDetails (ComplainantID, CaseMasterID, ComplainantName, AgeYear, OccupationID, ReligionID, CasteID, GenderID) VALUES (372, 372, 'Thomas Merchant', 52, 15, 4, 3, 2);
INSERT INTO Victim (VictimMasterID, CaseMasterID, VictimName, AgeYear, GenderID, VictimPolice) VALUES (526, 372, 'Thomas Merchant', 60, 1, '0');
INSERT INTO Accused (AccusedMasterID, CaseMasterID, AccusedName, AgeYear, GenderID, PersonID) VALUES (865, 372, 'Onkar Karpe', 33, 2, 'A1');
INSERT INTO Accused (AccusedMasterID, CaseMasterID, AccusedName, AgeYear, GenderID, PersonID) VALUES (866, 372, 'Tanay Toor', 48, 1, 'A2');
INSERT INTO Accused (AccusedMasterID, CaseMasterID, AccusedName, AgeYear, GenderID, PersonID) VALUES (867, 372, 'Tarak Solanki', 26, 2, 'A3');
INSERT INTO Accused (AccusedMasterID, CaseMasterID, AccusedName, AgeYear, GenderID, PersonID) VALUES (868, 372, 'Arya Atwal', 29, 1, 'A4');
INSERT INTO ActSectionAssociation (CaseMasterID, ActID, SectionID, ActOrderID, SectionOrderID) VALUES (372, 'NDPS', '20', 1, 1);
INSERT INTO ActSectionAssociation (CaseMasterID, ActID, SectionID, ActOrderID, SectionOrderID) VALUES (372, 'NDPS', '22', 2, 2);
INSERT INTO ActSectionAssociation (CaseMasterID, ActID, SectionID, ActOrderID, SectionOrderID) VALUES (372, 'IPC', '323', 3, 3);
INSERT INTO Inv_OccuranceTime (CaseMasterID, OccuranceFromDate, OccuranceToDate, PlaceOfOccurance, latitude, longitude) VALUES (372, '2024-01-17T08:00:00', '2024-01-17T10:00:00', 'Sabharwal Zila, Chamarajanagara', 15.3810331, 75.038879);

INSERT INTO CaseMaster (CaseMasterID, CrimeNo, CaseNo, CrimeRegisteredDate, PolicePersonID, PoliceStationID, CaseCategoryID, GravityOffenceID, CrimeMajorHeadID, CrimeMinorHeadID, CaseStatusID, CourtID, IncidentFromDate, IncidentToDate, InfoReceivedPSDate, latitude, longitude, BriefFacts) VALUES (373, '400280027202500002', '202500002', '2025-09-21', 48, 27, 4, 4, 5, 28, 2, 32, '2025-09-21T19:56:00', '2025-09-21T23:56:00', '2025-09-22T04:56:00', 12.3348974, 76.6540913, 'On 2025-09-21, the Anti-Narcotics squad conducted a raid at Ahluwalia, Dharwad and seized 2500 grams of MDMA from the possession of the accused Tristan Dixit. The accused was found to be part of a supply chain operating across Gadag and Yadgir.');
INSERT INTO ComplainantDetails (ComplainantID, CaseMasterID, ComplainantName, AgeYear, OccupationID, ReligionID, CasteID, GenderID) VALUES (373, 373, 'Yug Narang', 55, 1, 1, 3, 1);
INSERT INTO Victim (VictimMasterID, CaseMasterID, VictimName, AgeYear, GenderID, VictimPolice) VALUES (527, 373, 'Yug Narang', 39, 2, '0');
INSERT INTO Accused (AccusedMasterID, CaseMasterID, AccusedName, AgeYear, GenderID, PersonID) VALUES (869, 373, 'Tristan Dixit', 52, 1, 'A1');
INSERT INTO ActSectionAssociation (CaseMasterID, ActID, SectionID, ActOrderID, SectionOrderID) VALUES (373, 'ITA', '67', 1, 1);
INSERT INTO Inv_OccuranceTime (CaseMasterID, OccuranceFromDate, OccuranceToDate, PlaceOfOccurance, latitude, longitude) VALUES (373, '2025-09-21T19:56:00', '2025-09-21T23:56:00', 'Ahluwalia, Dharwad', 12.3348974, 76.6540913);
INSERT INTO ChargesheetDetails (CSID, CaseMasterID, csdate, cstype, PolicePersonID) VALUES (103, 373, '2025-10-25', 'A', 28);

INSERT INTO CaseMaster (CaseMasterID, CrimeNo, CaseNo, CrimeRegisteredDate, PolicePersonID, PoliceStationID, CaseCategoryID, GravityOffenceID, CrimeMajorHeadID, CrimeMinorHeadID, CaseStatusID, CourtID, IncidentFromDate, IncidentToDate, InfoReceivedPSDate, latitude, longitude, BriefFacts) VALUES (374, '100140013202400002', '202400002', '2024-10-13', 25, 13, 1, 4, 1, 3, 5, 1, '2024-10-13T05:26:00', '2024-10-13T08:26:00', '2024-10-13T10:26:00', 13.5384371, 74.8922803, 'The complainant Banjeet Singhal, a shopkeeper at Srinivas Marg, Hassan, reported that the accused Pavani Wali along with others robbed the shop at knife-point on 2024-10-13 and fled with cash Rs. 100000 and valuables.');
INSERT INTO ComplainantDetails (ComplainantID, CaseMasterID, ComplainantName, AgeYear, OccupationID, ReligionID, CasteID, GenderID) VALUES (374, 374, 'Banjeet Singhal', 30, 12, 5, 5, 2);
INSERT INTO Victim (VictimMasterID, CaseMasterID, VictimName, AgeYear, GenderID, VictimPolice) VALUES (528, 374, 'Banjeet Singhal', 33, 3, '0');
INSERT INTO Accused (AccusedMasterID, CaseMasterID, AccusedName, AgeYear, GenderID, PersonID) VALUES (870, 374, 'Pavani Wali', 28, 2, 'A1');
INSERT INTO ActSectionAssociation (CaseMasterID, ActID, SectionID, ActOrderID, SectionOrderID) VALUES (374, 'IPC', '354', 1, 1);
INSERT INTO Inv_OccuranceTime (CaseMasterID, OccuranceFromDate, OccuranceToDate, PlaceOfOccurance, latitude, longitude) VALUES (374, '2024-10-13T05:26:00', '2024-10-13T08:26:00', 'Srinivas Marg, Hassan', 13.5384371, 74.8922803);

INSERT INTO CaseMaster (CaseMasterID, CrimeNo, CaseNo, CrimeRegisteredDate, PolicePersonID, PoliceStationID, CaseCategoryID, GravityOffenceID, CrimeMajorHeadID, CrimeMinorHeadID, CaseStatusID, CourtID, IncidentFromDate, IncidentToDate, InfoReceivedPSDate, latitude, longitude, BriefFacts) VALUES (375, '100280027202500001', '202500001', '2025-12-17', 50, 27, 1, 2, 4, 23, 3, 20, '2025-12-17T04:53:00', '2025-12-17T07:53:00', '2025-12-17T18:53:00', 15.4424857, 75.9315708, 'On 2025-12-17, at about 8:15 AM, the accused Tejas Deo along with 2 associates formed an unlawful assembly near Merchant Path, Dharwad and attacked the complainant Sneha Tandon with lethal weapons resulting in injuries.');
INSERT INTO ComplainantDetails (ComplainantID, CaseMasterID, ComplainantName, AgeYear, OccupationID, ReligionID, CasteID, GenderID) VALUES (375, 375, 'Sneha Tandon', 20, 14, 6, 4, 2);
INSERT INTO Victim (VictimMasterID, CaseMasterID, VictimName, AgeYear, GenderID, VictimPolice) VALUES (529, 375, 'Fiyaz Arora', 7, 1, '1');
INSERT INTO Victim (VictimMasterID, CaseMasterID, VictimName, AgeYear, GenderID, VictimPolice) VALUES (530, 375, 'Gautam Babu', 6, 3, '0');
INSERT INTO Accused (AccusedMasterID, CaseMasterID, AccusedName, AgeYear, GenderID, PersonID) VALUES (871, 375, 'Tejas Deo', 28, 1, 'A1');
INSERT INTO ActSectionAssociation (CaseMasterID, ActID, SectionID, ActOrderID, SectionOrderID) VALUES (375, 'NDPS', '20', 1, 1);
INSERT INTO Inv_OccuranceTime (CaseMasterID, OccuranceFromDate, OccuranceToDate, PlaceOfOccurance, latitude, longitude) VALUES (375, '2025-12-17T04:53:00', '2025-12-17T07:53:00', 'Merchant Path, Dharwad', 15.4424857, 75.9315708);

INSERT INTO CaseMaster (CaseMasterID, CrimeNo, CaseNo, CrimeRegisteredDate, PolicePersonID, PoliceStationID, CaseCategoryID, GravityOffenceID, CrimeMajorHeadID, CrimeMinorHeadID, CaseStatusID, CourtID, IncidentFromDate, IncidentToDate, InfoReceivedPSDate, latitude, longitude, BriefFacts) VALUES (376, '300300029202400001', '202400001', '2024-12-20', 31, 29, 3, 1, 3, 18, 1, 37, '2024-12-20T05:22:00', '2024-12-20T06:22:00', '2024-12-20T09:22:00', 15.5934711, 74.7800873, 'On 2024-12-20, the complainant Neel Sharaf reported that their two-wheeler bearing registration number KA-08-TX-4706 was stolen from Bajwa, Bidar. The vehicle was parked outside a commercial complex and was found missing when the complainant returned.');
INSERT INTO ComplainantDetails (ComplainantID, CaseMasterID, ComplainantName, AgeYear, OccupationID, ReligionID, CasteID, GenderID) VALUES (376, 376, 'Neel Sharaf', 22, 8, 7, 4, 2);
INSERT INTO Victim (VictimMasterID, CaseMasterID, VictimName, AgeYear, GenderID, VictimPolice) VALUES (531, 376, 'Neel Sharaf', 31, 3, '0');
INSERT INTO Accused (AccusedMasterID, CaseMasterID, AccusedName, AgeYear, GenderID, PersonID) VALUES (872, 376, 'Tanay Toor', 30, 1, 'A1');
INSERT INTO Accused (AccusedMasterID, CaseMasterID, AccusedName, AgeYear, GenderID, PersonID) VALUES (873, 376, 'Ubika Devi', 33, 2, 'A2');
INSERT INTO Accused (AccusedMasterID, CaseMasterID, AccusedName, AgeYear, GenderID, PersonID) VALUES (874, 376, 'Qasim Prabhakar', 55, 2, 'A3');
INSERT INTO ActSectionAssociation (CaseMasterID, ActID, SectionID, ActOrderID, SectionOrderID) VALUES (376, 'IPC', '452', 1, 1);
INSERT INTO ArrestSurrender (ArrestSurrenderID, CaseMasterID, ArrestSurrenderTypeID, ArrestSurrenderDate, ArrestSurrenderStateId, ArrestSurrenderDistrictId, PoliceStationID, IOID, CourtID, AccusedMasterID, IsAccused, IsComplainantAccused) VALUES (277, 376, 1, '2024-12-27', 1, 30, 29, 35, 37, 874, TRUE, FALSE);
INSERT INTO inv_arrestsurrenderaccused (ArrestSurrenderID, AccusedMasterID) VALUES (277, 874);
INSERT INTO ArrestSurrender (ArrestSurrenderID, CaseMasterID, ArrestSurrenderTypeID, ArrestSurrenderDate, ArrestSurrenderStateId, ArrestSurrenderDistrictId, PoliceStationID, IOID, CourtID, AccusedMasterID, IsAccused, IsComplainantAccused) VALUES (278, 376, 2, '2025-02-06', 1, 30, 29, 12, 37, 872, TRUE, FALSE);
INSERT INTO inv_arrestsurrenderaccused (ArrestSurrenderID, AccusedMasterID) VALUES (278, 872);
INSERT INTO Inv_OccuranceTime (CaseMasterID, OccuranceFromDate, OccuranceToDate, PlaceOfOccurance, latitude, longitude) VALUES (376, '2024-12-20T05:22:00', '2024-12-20T06:22:00', 'Bajwa, Bidar', 15.5934711, 74.7800873);

INSERT INTO CaseMaster (CaseMasterID, CrimeNo, CaseNo, CrimeRegisteredDate, PolicePersonID, PoliceStationID, CaseCategoryID, GravityOffenceID, CrimeMajorHeadID, CrimeMinorHeadID, CaseStatusID, CourtID, IncidentFromDate, IncidentToDate, InfoReceivedPSDate, latitude, longitude, BriefFacts) VALUES (377, '200300029202500001', '202500001', '2025-05-30', 75, 29, 2, 1, 5, 29, 3, 39, '2025-05-30T01:07:00', '2025-05-30T02:07:00', '2025-05-30T05:07:00', 12.8469243, 74.8265862, 'The victim Bachittar Minhas, aged 48, was assaulted by the accused Anamika Johal near Nayak Zila, Bidar on 2025-05-30 at approximately 8:30 AM. The accused used a sharp weapon causing grievous injuries. The victim was rushed to KC General Hospital for treatment.');
INSERT INTO ComplainantDetails (ComplainantID, CaseMasterID, ComplainantName, AgeYear, OccupationID, ReligionID, CasteID, GenderID) VALUES (377, 377, 'Ekavir Rajan', 26, 5, 2, 4, 2);
INSERT INTO Victim (VictimMasterID, CaseMasterID, VictimName, AgeYear, GenderID, VictimPolice) VALUES (532, 377, 'Bachittar Minhas', 34, 1, '0');
INSERT INTO Accused (AccusedMasterID, CaseMasterID, AccusedName, AgeYear, GenderID, PersonID) VALUES (875, 377, 'Anamika Johal', 43, 1, 'A1');
INSERT INTO ActSectionAssociation (CaseMasterID, ActID, SectionID, ActOrderID, SectionOrderID) VALUES (377, 'POCSO', '6', 1, 1);
INSERT INTO ActSectionAssociation (CaseMasterID, ActID, SectionID, ActOrderID, SectionOrderID) VALUES (377, 'POCSO', '4', 2, 2);
INSERT INTO Inv_OccuranceTime (CaseMasterID, OccuranceFromDate, OccuranceToDate, PlaceOfOccurance, latitude, longitude) VALUES (377, '2025-05-30T01:07:00', '2025-05-30T02:07:00', 'Nayak Zila, Bidar', 12.8469243, 74.8265862);

INSERT INTO CaseMaster (CaseMasterID, CrimeNo, CaseNo, CrimeRegisteredDate, PolicePersonID, PoliceStationID, CaseCategoryID, GravityOffenceID, CrimeMajorHeadID, CrimeMinorHeadID, CaseStatusID, CourtID, IncidentFromDate, IncidentToDate, InfoReceivedPSDate, latitude, longitude, BriefFacts) VALUES (378, '800220021202500001', '202500001', '2025-09-27', 52, 21, 8, 3, 4, 25, 1, 10, '2025-09-27T14:51:00', '2025-09-27T15:51:00', '2025-09-27T15:51:00', 17.7324936, 75.9157555, 'On 2025-09-27, the Anti-Narcotics squad conducted a raid at Shroff Path, Bagalkot and seized 50 grams of cocaine from the possession of the accused Indrajit Rajagopal. The accused was found to be part of a supply chain operating across Kalaburagi and Chikkaballapura.');
INSERT INTO ComplainantDetails (ComplainantID, CaseMasterID, ComplainantName, AgeYear, OccupationID, ReligionID, CasteID, GenderID) VALUES (378, 378, 'Yutika Patla', 28, 4, 5, 1, 2);
INSERT INTO Victim (VictimMasterID, CaseMasterID, VictimName, AgeYear, GenderID, VictimPolice) VALUES (533, 378, 'Yutika Patla', 11, 3, '0');
INSERT INTO Accused (AccusedMasterID, CaseMasterID, AccusedName, AgeYear, GenderID, PersonID) VALUES (876, 378, 'Indrajit Rajagopal', 55, 2, 'A1');
INSERT INTO Accused (AccusedMasterID, CaseMasterID, AccusedName, AgeYear, GenderID, PersonID) VALUES (877, 378, 'Jasmit Peri', 34, 2, 'A2');
INSERT INTO ActSectionAssociation (CaseMasterID, ActID, SectionID, ActOrderID, SectionOrderID) VALUES (378, 'NDPS', '22', 1, 1);
INSERT INTO ActSectionAssociation (CaseMasterID, ActID, SectionID, ActOrderID, SectionOrderID) VALUES (378, 'POCSO', '4', 2, 2);
INSERT INTO ActSectionAssociation (CaseMasterID, ActID, SectionID, ActOrderID, SectionOrderID) VALUES (378, 'NDPS', '20', 3, 3);
INSERT INTO ArrestSurrender (ArrestSurrenderID, CaseMasterID, ArrestSurrenderTypeID, ArrestSurrenderDate, ArrestSurrenderStateId, ArrestSurrenderDistrictId, PoliceStationID, IOID, CourtID, AccusedMasterID, IsAccused, IsComplainantAccused) VALUES (279, 378, 2, '2025-11-06', 1, 22, 21, 70, 10, 877, TRUE, FALSE);
INSERT INTO inv_arrestsurrenderaccused (ArrestSurrenderID, AccusedMasterID) VALUES (279, 877);
INSERT INTO Inv_OccuranceTime (CaseMasterID, OccuranceFromDate, OccuranceToDate, PlaceOfOccurance, latitude, longitude) VALUES (378, '2025-09-27T14:51:00', '2025-09-27T15:51:00', 'Shroff Path, Bagalkot', 17.7324936, 75.9157555);

INSERT INTO CaseMaster (CaseMasterID, CrimeNo, CaseNo, CrimeRegisteredDate, PolicePersonID, PoliceStationID, CaseCategoryID, GravityOffenceID, CrimeMajorHeadID, CrimeMinorHeadID, CaseStatusID, CourtID, IncidentFromDate, IncidentToDate, InfoReceivedPSDate, latitude, longitude, BriefFacts) VALUES (379, '100200019202400003', '202400003', '2024-01-22', 24, 19, 1, 1, 3, 20, 3, 31, '2024-01-22T18:12:00', '2024-01-22T19:12:00', '2024-01-22T22:12:00', 15.8006803, 74.4999471, 'On 2024-01-22, the Anti-Narcotics squad conducted a raid at Nagi Ganj, Haveri and seized 1000 grams of cocaine from the possession of the accused Vanya Kadakia. The accused was found to be part of a supply chain operating across Koppal and Kodagu.');
INSERT INTO ComplainantDetails (ComplainantID, CaseMasterID, ComplainantName, AgeYear, OccupationID, ReligionID, CasteID, GenderID) VALUES (379, 379, 'Samarth Devi', 42, 7, 7, 5, 1);
INSERT INTO Victim (VictimMasterID, CaseMasterID, VictimName, AgeYear, GenderID, VictimPolice) VALUES (534, 379, 'William Zacharia', 46, 3, '0');
INSERT INTO Victim (VictimMasterID, CaseMasterID, VictimName, AgeYear, GenderID, VictimPolice) VALUES (535, 379, 'Amara Thakur', 66, 1, '0');
INSERT INTO Victim (VictimMasterID, CaseMasterID, VictimName, AgeYear, GenderID, VictimPolice) VALUES (536, 379, 'Aradhana Bhagat', 27, 1, '0');
INSERT INTO Accused (AccusedMasterID, CaseMasterID, AccusedName, AgeYear, GenderID, PersonID) VALUES (878, 379, 'Vanya Kadakia', 48, 1, 'A1');
INSERT INTO ActSectionAssociation (CaseMasterID, ActID, SectionID, ActOrderID, SectionOrderID) VALUES (379, 'NDPS', '22', 1, 1);
INSERT INTO ActSectionAssociation (CaseMasterID, ActID, SectionID, ActOrderID, SectionOrderID) VALUES (379, 'POCSO', '4', 2, 2);
INSERT INTO ActSectionAssociation (CaseMasterID, ActID, SectionID, ActOrderID, SectionOrderID) VALUES (379, 'POCSO', '8', 3, 3);
INSERT INTO ArrestSurrender (ArrestSurrenderID, CaseMasterID, ArrestSurrenderTypeID, ArrestSurrenderDate, ArrestSurrenderStateId, ArrestSurrenderDistrictId, PoliceStationID, IOID, CourtID, AccusedMasterID, IsAccused, IsComplainantAccused) VALUES (280, 379, 1, '2024-02-26', 1, 20, 19, 23, 31, 878, TRUE, FALSE);
INSERT INTO inv_arrestsurrenderaccused (ArrestSurrenderID, AccusedMasterID) VALUES (280, 878);
INSERT INTO Inv_OccuranceTime (CaseMasterID, OccuranceFromDate, OccuranceToDate, PlaceOfOccurance, latitude, longitude) VALUES (379, '2024-01-22T18:12:00', '2024-01-22T19:12:00', 'Nagi Ganj, Haveri', 15.8006803, 74.4999471);

INSERT INTO CaseMaster (CaseMasterID, CrimeNo, CaseNo, CrimeRegisteredDate, PolicePersonID, PoliceStationID, CaseCategoryID, GravityOffenceID, CrimeMajorHeadID, CrimeMinorHeadID, CaseStatusID, CourtID, IncidentFromDate, IncidentToDate, InfoReceivedPSDate, latitude, longitude, BriefFacts) VALUES (380, '200290028202300001', '202300001', '2023-09-21', 45, 28, 2, 1, 1, 7, 2, 23, '2023-09-21T05:48:00', '2023-09-21T07:48:00', '2023-09-21T14:48:00', 16.1458176, 76.860333, 'The complainant Sneha Sunder, a shopkeeper at Master Circle, Uttara Kannada, reported that the accused Upma Wali along with others robbed the shop at knife-point on 2023-09-21 and fled with cash Rs. 25000 and valuables.');
INSERT INTO ComplainantDetails (ComplainantID, CaseMasterID, ComplainantName, AgeYear, OccupationID, ReligionID, CasteID, GenderID) VALUES (380, 380, 'Sneha Sunder', 45, 6, 7, 4, 1);
INSERT INTO Victim (VictimMasterID, CaseMasterID, VictimName, AgeYear, GenderID, VictimPolice) VALUES (537, 380, 'Sneha Sunder', 56, 1, '0');
INSERT INTO Accused (AccusedMasterID, CaseMasterID, AccusedName, AgeYear, GenderID, PersonID) VALUES (879, 380, 'Upma Wali', 39, 1, 'A1');
INSERT INTO Accused (AccusedMasterID, CaseMasterID, AccusedName, AgeYear, GenderID, PersonID) VALUES (880, 380, 'Jhalak Bhatti', 41, 2, 'A2');
INSERT INTO Accused (AccusedMasterID, CaseMasterID, AccusedName, AgeYear, GenderID, PersonID) VALUES (881, 380, 'Tanvi Chahal', 22, 2, 'A3');
INSERT INTO Accused (AccusedMasterID, CaseMasterID, AccusedName, AgeYear, GenderID, PersonID) VALUES (882, 380, 'Mahika Gola', 20, 1, 'A4');
INSERT INTO ActSectionAssociation (CaseMasterID, ActID, SectionID, ActOrderID, SectionOrderID) VALUES (380, 'NDPS', '27', 1, 1);
INSERT INTO ActSectionAssociation (CaseMasterID, ActID, SectionID, ActOrderID, SectionOrderID) VALUES (380, 'IPC', '307', 2, 2);
INSERT INTO ActSectionAssociation (CaseMasterID, ActID, SectionID, ActOrderID, SectionOrderID) VALUES (380, 'IPC', '147', 3, 3);
INSERT INTO ArrestSurrender (ArrestSurrenderID, CaseMasterID, ArrestSurrenderTypeID, ArrestSurrenderDate, ArrestSurrenderStateId, ArrestSurrenderDistrictId, PoliceStationID, IOID, CourtID, AccusedMasterID, IsAccused, IsComplainantAccused) VALUES (281, 380, 1, '2023-10-30', 1, 29, 28, 18, 23, 880, TRUE, FALSE);
INSERT INTO inv_arrestsurrenderaccused (ArrestSurrenderID, AccusedMasterID) VALUES (281, 880);
INSERT INTO ArrestSurrender (ArrestSurrenderID, CaseMasterID, ArrestSurrenderTypeID, ArrestSurrenderDate, ArrestSurrenderStateId, ArrestSurrenderDistrictId, PoliceStationID, IOID, CourtID, AccusedMasterID, IsAccused, IsComplainantAccused) VALUES (282, 380, 2, '2023-10-01', 1, 29, 28, 60, 23, 881, TRUE, FALSE);
INSERT INTO inv_arrestsurrenderaccused (ArrestSurrenderID, AccusedMasterID) VALUES (282, 881);
INSERT INTO Inv_OccuranceTime (CaseMasterID, OccuranceFromDate, OccuranceToDate, PlaceOfOccurance, latitude, longitude) VALUES (380, '2023-09-21T05:48:00', '2023-09-21T07:48:00', 'Master Circle, Uttara Kannada', 16.1458176, 76.860333);
INSERT INTO ChargesheetDetails (CSID, CaseMasterID, csdate, cstype, PolicePersonID) VALUES (104, 380, '2023-11-13', 'A', 12);

INSERT INTO CaseMaster (CaseMasterID, CrimeNo, CaseNo, CrimeRegisteredDate, PolicePersonID, PoliceStationID, CaseCategoryID, GravityOffenceID, CrimeMajorHeadID, CrimeMinorHeadID, CaseStatusID, CourtID, IncidentFromDate, IncidentToDate, InfoReceivedPSDate, latitude, longitude, BriefFacts) VALUES (381, '800090008202400001', '202400001', '2024-05-25', 49, 8, 8, 1, 1, 3, 2, 2, '2024-05-25T01:20:00', '2024-05-25T04:20:00', '2024-05-25T08:20:00', 12.5049632, 76.1863409, 'A cyber fraud was reported by Ikbal Gala. The accused posed as a bank official and obtained OTP and banking credentials through a phone call on 2024-05-25. An amount of Rs. 500000 was fraudulently transferred from the complainant''s account.');
INSERT INTO ComplainantDetails (ComplainantID, CaseMasterID, ComplainantName, AgeYear, OccupationID, ReligionID, CasteID, GenderID) VALUES (381, 381, 'Ikbal Gala', 37, 14, 1, 4, 2);
INSERT INTO Victim (VictimMasterID, CaseMasterID, VictimName, AgeYear, GenderID, VictimPolice) VALUES (538, 381, 'Isaac Divan', 33, 3, '0');
INSERT INTO Accused (AccusedMasterID, CaseMasterID, AccusedName, AgeYear, GenderID, PersonID) VALUES (883, 381, 'Matthew Jayaraman', 30, 2, 'A1');
INSERT INTO Accused (AccusedMasterID, CaseMasterID, AccusedName, AgeYear, GenderID, PersonID) VALUES (884, 381, 'Kala Divan', 34, 2, 'A2');
INSERT INTO Accused (AccusedMasterID, CaseMasterID, AccusedName, AgeYear, GenderID, PersonID) VALUES (885, 381, 'Omaja Deo', 45, 2, 'A3');
INSERT INTO Accused (AccusedMasterID, CaseMasterID, AccusedName, AgeYear, GenderID, PersonID) VALUES (886, 381, 'Kevin Palla', 24, 2, 'A4');
INSERT INTO Accused (AccusedMasterID, CaseMasterID, AccusedName, AgeYear, GenderID, PersonID) VALUES (887, 381, 'Idika Salvi', 36, 1, 'A5');
INSERT INTO ActSectionAssociation (CaseMasterID, ActID, SectionID, ActOrderID, SectionOrderID) VALUES (381, 'NDPS', '22', 1, 1);
INSERT INTO ActSectionAssociation (CaseMasterID, ActID, SectionID, ActOrderID, SectionOrderID) VALUES (381, 'ITA', '67', 3, 3);
INSERT INTO ArrestSurrender (ArrestSurrenderID, CaseMasterID, ArrestSurrenderTypeID, ArrestSurrenderDate, ArrestSurrenderStateId, ArrestSurrenderDistrictId, PoliceStationID, IOID, CourtID, AccusedMasterID, IsAccused, IsComplainantAccused) VALUES (283, 381, 1, '2024-06-21', 1, 9, 8, 33, 2, 886, TRUE, FALSE);
INSERT INTO inv_arrestsurrenderaccused (ArrestSurrenderID, AccusedMasterID) VALUES (283, 886);
INSERT INTO ArrestSurrender (ArrestSurrenderID, CaseMasterID, ArrestSurrenderTypeID, ArrestSurrenderDate, ArrestSurrenderStateId, ArrestSurrenderDistrictId, PoliceStationID, IOID, CourtID, AccusedMasterID, IsAccused, IsComplainantAccused) VALUES (284, 381, 2, '2024-07-02', 1, 9, 8, 24, 2, 883, TRUE, FALSE);
INSERT INTO inv_arrestsurrenderaccused (ArrestSurrenderID, AccusedMasterID) VALUES (284, 883);
INSERT INTO Inv_OccuranceTime (CaseMasterID, OccuranceFromDate, OccuranceToDate, PlaceOfOccurance, latitude, longitude) VALUES (381, '2024-05-25T01:20:00', '2024-05-25T04:20:00', 'Bajaj Circle, Tumakuru', 12.5049632, 76.1863409);
INSERT INTO ChargesheetDetails (CSID, CaseMasterID, csdate, cstype, PolicePersonID) VALUES (105, 381, '2024-07-05', 'A', 36);

INSERT INTO CaseMaster (CaseMasterID, CrimeNo, CaseNo, CrimeRegisteredDate, PolicePersonID, PoliceStationID, CaseCategoryID, GravityOffenceID, CrimeMajorHeadID, CrimeMinorHeadID, CaseStatusID, CourtID, IncidentFromDate, IncidentToDate, InfoReceivedPSDate, latitude, longitude, BriefFacts) VALUES (382, '400270026202400004', '202400004', '2024-11-11', 9, 26, 4, 4, 3, 21, 5, 7, '2024-11-11T15:39:00', '2024-11-11T19:39:00', '2024-11-12T04:39:00', 15.8708103, 74.5003362, 'A case of cheating was reported by Bishakha Gulati stating that the accused Anthony Kata fraudulently obtained Rs. 1000000 by promising a job in a government department. The accused collected money over a period of 10 months and disappeared.');
INSERT INTO ComplainantDetails (ComplainantID, CaseMasterID, ComplainantName, AgeYear, OccupationID, ReligionID, CasteID, GenderID) VALUES (382, 382, 'Bishakha Gulati', 52, 13, 5, 3, 2);
INSERT INTO Victim (VictimMasterID, CaseMasterID, VictimName, AgeYear, GenderID, VictimPolice) VALUES (539, 382, 'Bishakha Gulati', 6, 1, '0');
INSERT INTO Accused (AccusedMasterID, CaseMasterID, AccusedName, AgeYear, GenderID, PersonID) VALUES (888, 382, 'Anthony Kata', 52, 2, 'A1');
INSERT INTO ActSectionAssociation (CaseMasterID, ActID, SectionID, ActOrderID, SectionOrderID) VALUES (382, 'NDPS', '22', 1, 1);
INSERT INTO ActSectionAssociation (CaseMasterID, ActID, SectionID, ActOrderID, SectionOrderID) VALUES (382, 'IPC', '392', 3, 3);
INSERT INTO Inv_OccuranceTime (CaseMasterID, OccuranceFromDate, OccuranceToDate, PlaceOfOccurance, latitude, longitude) VALUES (382, '2024-11-11T15:39:00', '2024-11-11T19:39:00', 'Nayak Circle, Chamarajanagara', 15.8708103, 74.5003362);

INSERT INTO CaseMaster (CaseMasterID, CrimeNo, CaseNo, CrimeRegisteredDate, PolicePersonID, PoliceStationID, CaseCategoryID, GravityOffenceID, CrimeMajorHeadID, CrimeMinorHeadID, CaseStatusID, CourtID, IncidentFromDate, IncidentToDate, InfoReceivedPSDate, latitude, longitude, BriefFacts) VALUES (383, '200080007202400003', '202400003', '2024-10-07', 67, 7, 2, 4, 3, 18, 1, 1, '2024-10-07T16:55:00', '2024-10-07T18:55:00', '2024-10-08T04:55:00', 11.5224903, 75.525066, 'The complainant Eta Sunder reported domestic violence by husband Damini Garg and in-laws. The accused demanded additional dowry of Rs. 50000 and subjected the complainant to physical and mental harassment since 1 years.');
INSERT INTO ComplainantDetails (ComplainantID, CaseMasterID, ComplainantName, AgeYear, OccupationID, ReligionID, CasteID, GenderID) VALUES (383, 383, 'Eta Sunder', 51, 14, 6, 1, 2);
INSERT INTO Victim (VictimMasterID, CaseMasterID, VictimName, AgeYear, GenderID, VictimPolice) VALUES (540, 383, 'Tanvi Modi', 69, 3, '0');
INSERT INTO Accused (AccusedMasterID, CaseMasterID, AccusedName, AgeYear, GenderID, PersonID) VALUES (889, 383, 'Damini Garg', 21, 2, 'A1');
INSERT INTO ActSectionAssociation (CaseMasterID, ActID, SectionID, ActOrderID, SectionOrderID) VALUES (383, 'ITA', '66', 1, 1);
INSERT INTO ActSectionAssociation (CaseMasterID, ActID, SectionID, ActOrderID, SectionOrderID) VALUES (383, 'ITA', '66D', 2, 2);
INSERT INTO Inv_OccuranceTime (CaseMasterID, OccuranceFromDate, OccuranceToDate, PlaceOfOccurance, latitude, longitude) VALUES (383, '2024-10-07T16:55:00', '2024-10-07T18:55:00', 'Karan Road, Ballari', 11.5224903, 75.525066);

INSERT INTO CaseMaster (CaseMasterID, CrimeNo, CaseNo, CrimeRegisteredDate, PolicePersonID, PoliceStationID, CaseCategoryID, GravityOffenceID, CrimeMajorHeadID, CrimeMinorHeadID, CaseStatusID, CourtID, IncidentFromDate, IncidentToDate, InfoReceivedPSDate, latitude, longitude, BriefFacts) VALUES (384, '400060005202400001', '202400001', '2024-12-25', 50, 5, 4, 2, 4, 26, 2, 5, '2024-12-25T11:52:00', '2024-12-25T15:52:00', '2024-12-26T02:52:00', 15.3804697, 75.1096086, 'A case of cheating was reported by Champak Divan stating that the accused William Lanka fraudulently obtained Rs. 10000 by promising a job in a government department. The accused collected money over a period of 18 months and disappeared.');
INSERT INTO ComplainantDetails (ComplainantID, CaseMasterID, ComplainantName, AgeYear, OccupationID, ReligionID, CasteID, GenderID) VALUES (384, 384, 'Champak Divan', 47, 2, 3, 1, 1);
INSERT INTO Victim (VictimMasterID, CaseMasterID, VictimName, AgeYear, GenderID, VictimPolice) VALUES (541, 384, 'Bhavani Shah', 61, 2, '0');
INSERT INTO Victim (VictimMasterID, CaseMasterID, VictimName, AgeYear, GenderID, VictimPolice) VALUES (542, 384, 'Qabil Gill', 70, 1, '0');
INSERT INTO Accused (AccusedMasterID, CaseMasterID, AccusedName, AgeYear, GenderID, PersonID) VALUES (890, 384, 'William Lanka', 46, 1, 'A1');
INSERT INTO ActSectionAssociation (CaseMasterID, ActID, SectionID, ActOrderID, SectionOrderID) VALUES (384, 'ITA', '67', 1, 1);
INSERT INTO Inv_OccuranceTime (CaseMasterID, OccuranceFromDate, OccuranceToDate, PlaceOfOccurance, latitude, longitude) VALUES (384, '2024-12-25T11:52:00', '2024-12-25T15:52:00', 'Dyal Street, Belagavi', 15.3804697, 75.1096086);
INSERT INTO ChargesheetDetails (CSID, CaseMasterID, csdate, cstype, PolicePersonID) VALUES (106, 384, '2025-02-23', 'A', 71);

INSERT INTO CaseMaster (CaseMasterID, CrimeNo, CaseNo, CrimeRegisteredDate, PolicePersonID, PoliceStationID, CaseCategoryID, GravityOffenceID, CrimeMajorHeadID, CrimeMinorHeadID, CaseStatusID, CourtID, IncidentFromDate, IncidentToDate, InfoReceivedPSDate, latitude, longitude, BriefFacts) VALUES (385, '200070006202600001', '202600001', '2026-01-18', 24, 6, 2, 4, 5, 27, 5, 31, '2026-01-18T19:01:00', '2026-01-18T23:01:00', '2026-01-19T06:01:00', 15.9966116, 77.4924569, 'On 2026-01-18, at about 9:30 AM, the accused Ridhi Lad along with 6 associates formed an unlawful assembly near Gour Path, Kalaburagi and attacked the complainant Neel Khanna with lethal weapons resulting in injuries.');
INSERT INTO ComplainantDetails (ComplainantID, CaseMasterID, ComplainantName, AgeYear, OccupationID, ReligionID, CasteID, GenderID) VALUES (385, 385, 'Neel Khanna', 45, 1, 6, 3, 2);
INSERT INTO Victim (VictimMasterID, CaseMasterID, VictimName, AgeYear, GenderID, VictimPolice) VALUES (543, 385, 'Benjamin Nadig', 43, 3, '0');
INSERT INTO Victim (VictimMasterID, CaseMasterID, VictimName, AgeYear, GenderID, VictimPolice) VALUES (544, 385, 'Bakhshi Nadig', 20, 3, '0');
INSERT INTO Accused (AccusedMasterID, CaseMasterID, AccusedName, AgeYear, GenderID, PersonID) VALUES (891, 385, 'Ridhi Lad', 53, 2, 'A1');
INSERT INTO ActSectionAssociation (CaseMasterID, ActID, SectionID, ActOrderID, SectionOrderID) VALUES (385, 'IPC', '120B', 1, 1);
INSERT INTO ActSectionAssociation (CaseMasterID, ActID, SectionID, ActOrderID, SectionOrderID) VALUES (385, 'ITA', '67', 2, 2);
INSERT INTO ActSectionAssociation (CaseMasterID, ActID, SectionID, ActOrderID, SectionOrderID) VALUES (385, 'IPC', '498A', 3, 3);
INSERT INTO ArrestSurrender (ArrestSurrenderID, CaseMasterID, ArrestSurrenderTypeID, ArrestSurrenderDate, ArrestSurrenderStateId, ArrestSurrenderDistrictId, PoliceStationID, IOID, CourtID, AccusedMasterID, IsAccused, IsComplainantAccused) VALUES (285, 385, 1, '2026-03-07', 1, 7, 6, 52, 31, 891, TRUE, FALSE);
INSERT INTO inv_arrestsurrenderaccused (ArrestSurrenderID, AccusedMasterID) VALUES (285, 891);
INSERT INTO Inv_OccuranceTime (CaseMasterID, OccuranceFromDate, OccuranceToDate, PlaceOfOccurance, latitude, longitude) VALUES (385, '2026-01-18T19:01:00', '2026-01-18T23:01:00', 'Gour Path, Kalaburagi', 15.9966116, 77.4924569);

INSERT INTO CaseMaster (CaseMasterID, CrimeNo, CaseNo, CrimeRegisteredDate, PolicePersonID, PoliceStationID, CaseCategoryID, GravityOffenceID, CrimeMajorHeadID, CrimeMinorHeadID, CaseStatusID, CourtID, IncidentFromDate, IncidentToDate, InfoReceivedPSDate, latitude, longitude, BriefFacts) VALUES (386, '200200019202600003', '202600003', '2026-06-19', 2, 19, 2, 4, 2, 13, 6, 38, '2026-06-19T18:52:00', '2026-06-19T22:52:00', '2026-06-20T00:52:00', 12.8793719, 74.8252023, 'A cyber fraud was reported by Kashish Sen. The accused posed as a bank official and obtained OTP and banking credentials through a phone call on 2026-06-19. An amount of Rs. 50000 was fraudulently transferred from the complainant''s account.');
INSERT INTO ComplainantDetails (ComplainantID, CaseMasterID, ComplainantName, AgeYear, OccupationID, ReligionID, CasteID, GenderID) VALUES (386, 386, 'Kashish Sen', 30, 1, 2, 5, 1);
INSERT INTO Victim (VictimMasterID, CaseMasterID, VictimName, AgeYear, GenderID, VictimPolice) VALUES (545, 386, 'Charvi Dara', 16, 3, '0');
INSERT INTO Victim (VictimMasterID, CaseMasterID, VictimName, AgeYear, GenderID, VictimPolice) VALUES (546, 386, 'Nachiket Agrawal', 46, 2, '0');
INSERT INTO Victim (VictimMasterID, CaseMasterID, VictimName, AgeYear, GenderID, VictimPolice) VALUES (547, 386, 'Chakrika Som', 7, 1, '0');
INSERT INTO Accused (AccusedMasterID, CaseMasterID, AccusedName, AgeYear, GenderID, PersonID) VALUES (892, 386, 'Nidhi Tata', 44, 2, 'A1');
INSERT INTO Accused (AccusedMasterID, CaseMasterID, AccusedName, AgeYear, GenderID, PersonID) VALUES (893, 386, 'Baghyawati Kade', 29, 1, 'A2');
INSERT INTO Accused (AccusedMasterID, CaseMasterID, AccusedName, AgeYear, GenderID, PersonID) VALUES (894, 386, 'Manan Sathe', 52, 2, 'A3');
INSERT INTO ActSectionAssociation (CaseMasterID, ActID, SectionID, ActOrderID, SectionOrderID) VALUES (386, 'IPC', '406', 1, 1);
INSERT INTO ArrestSurrender (ArrestSurrenderID, CaseMasterID, ArrestSurrenderTypeID, ArrestSurrenderDate, ArrestSurrenderStateId, ArrestSurrenderDistrictId, PoliceStationID, IOID, CourtID, AccusedMasterID, IsAccused, IsComplainantAccused) VALUES (286, 386, 2, '2026-07-03', 1, 20, 19, 32, 38, 893, TRUE, FALSE);
INSERT INTO inv_arrestsurrenderaccused (ArrestSurrenderID, AccusedMasterID) VALUES (286, 893);
INSERT INTO Inv_OccuranceTime (CaseMasterID, OccuranceFromDate, OccuranceToDate, PlaceOfOccurance, latitude, longitude) VALUES (386, '2026-06-19T18:52:00', '2026-06-19T22:52:00', 'Shanker Street, Haveri', 12.8793719, 74.8252023);

INSERT INTO CaseMaster (CaseMasterID, CrimeNo, CaseNo, CrimeRegisteredDate, PolicePersonID, PoliceStationID, CaseCategoryID, GravityOffenceID, CrimeMajorHeadID, CrimeMinorHeadID, CaseStatusID, CourtID, IncidentFromDate, IncidentToDate, InfoReceivedPSDate, latitude, longitude, BriefFacts) VALUES (387, '100240023202400003', '202400003', '2024-07-19', 19, 23, 1, 1, 5, 30, 3, 8, '2024-07-19T20:24:00', '2024-07-19T22:24:00', '2024-07-20T08:24:00', 12.8718726, 74.838425, 'On 2024-07-19, the Anti-Narcotics squad conducted a raid at Dada Street, Chikkaballapura and seized 50 grams of methamphetamine from the possession of the accused Amara Dutta. The accused was found to be part of a supply chain operating across Hubballi-Dharwad and Hassan.');
INSERT INTO ComplainantDetails (ComplainantID, CaseMasterID, ComplainantName, AgeYear, OccupationID, ReligionID, CasteID, GenderID) VALUES (387, 387, 'Varenya Baria', 60, 10, 1, 4, 1);
INSERT INTO Victim (VictimMasterID, CaseMasterID, VictimName, AgeYear, GenderID, VictimPolice) VALUES (548, 387, 'Varenya Baria', 70, 3, '0');
INSERT INTO Accused (AccusedMasterID, CaseMasterID, AccusedName, AgeYear, GenderID, PersonID) VALUES (895, 387, 'Amara Dutta', 22, 2, 'A1');
INSERT INTO Accused (AccusedMasterID, CaseMasterID, AccusedName, AgeYear, GenderID, PersonID) VALUES (896, 387, 'Aryan Ratti', 27, 1, 'A2');
INSERT INTO ActSectionAssociation (CaseMasterID, ActID, SectionID, ActOrderID, SectionOrderID) VALUES (387, 'ITA', '66C', 1, 1);
INSERT INTO ActSectionAssociation (CaseMasterID, ActID, SectionID, ActOrderID, SectionOrderID) VALUES (387, 'POCSO', '6', 2, 2);
INSERT INTO ActSectionAssociation (CaseMasterID, ActID, SectionID, ActOrderID, SectionOrderID) VALUES (387, 'POCSO', '4', 3, 3);
INSERT INTO Inv_OccuranceTime (CaseMasterID, OccuranceFromDate, OccuranceToDate, PlaceOfOccurance, latitude, longitude) VALUES (387, '2024-07-19T20:24:00', '2024-07-19T22:24:00', 'Dada Street, Chikkaballapura', 12.8718726, 74.838425);

INSERT INTO CaseMaster (CaseMasterID, CrimeNo, CaseNo, CrimeRegisteredDate, PolicePersonID, PoliceStationID, CaseCategoryID, GravityOffenceID, CrimeMajorHeadID, CrimeMinorHeadID, CaseStatusID, CourtID, IncidentFromDate, IncidentToDate, InfoReceivedPSDate, latitude, longitude, BriefFacts) VALUES (388, '100160015202500002', '202500002', '2025-05-20', 19, 15, 1, 3, 6, 37, 1, 42, '2025-05-20T00:27:00', '2025-05-20T04:27:00', '2025-05-20T14:27:00', 15.4088971, 75.1515898, 'A cyber fraud was reported by Sanaya Parikh. The accused posed as a bank official and obtained OTP and banking credentials through a phone call on 2025-05-20. An amount of Rs. 25000 was fraudulently transferred from the complainant''s account.');
INSERT INTO ComplainantDetails (ComplainantID, CaseMasterID, ComplainantName, AgeYear, OccupationID, ReligionID, CasteID, GenderID) VALUES (388, 388, 'Sanaya Parikh', 36, 9, 3, 2, 2);
INSERT INTO Victim (VictimMasterID, CaseMasterID, VictimName, AgeYear, GenderID, VictimPolice) VALUES (549, 388, 'Sanaya Parikh', 53, 3, '0');
INSERT INTO Victim (VictimMasterID, CaseMasterID, VictimName, AgeYear, GenderID, VictimPolice) VALUES (550, 388, 'Arunima Hayre', 37, 2, '0');
INSERT INTO Accused (AccusedMasterID, CaseMasterID, AccusedName, AgeYear, GenderID, PersonID) VALUES (897, 388, 'Eta Bhakta', 49, 1, 'A1');
INSERT INTO Accused (AccusedMasterID, CaseMasterID, AccusedName, AgeYear, GenderID, PersonID) VALUES (898, 388, 'Advika Jayaraman', 36, 1, 'A2');
INSERT INTO Accused (AccusedMasterID, CaseMasterID, AccusedName, AgeYear, GenderID, PersonID) VALUES (899, 388, 'Fiyaz Yohannan', 41, 1, 'A3');
INSERT INTO ActSectionAssociation (CaseMasterID, ActID, SectionID, ActOrderID, SectionOrderID) VALUES (388, 'IPC', '147', 1, 1);
INSERT INTO ActSectionAssociation (CaseMasterID, ActID, SectionID, ActOrderID, SectionOrderID) VALUES (388, 'IPC', '324', 2, 2);
INSERT INTO Inv_OccuranceTime (CaseMasterID, OccuranceFromDate, OccuranceToDate, PlaceOfOccurance, latitude, longitude) VALUES (388, '2025-05-20T00:27:00', '2025-05-20T04:27:00', 'Hayer, Mandya', 15.4088971, 75.1515898);

INSERT INTO CaseMaster (CaseMasterID, CrimeNo, CaseNo, CrimeRegisteredDate, PolicePersonID, PoliceStationID, CaseCategoryID, GravityOffenceID, CrimeMajorHeadID, CrimeMinorHeadID, CaseStatusID, CourtID, IncidentFromDate, IncidentToDate, InfoReceivedPSDate, latitude, longitude, BriefFacts) VALUES (389, '400130012202600002', '202600002', '2026-01-29', 32, 12, 4, 1, 2, 12, 2, 18, '2026-01-29T01:15:00', '2026-01-29T05:15:00', '2026-01-29T11:15:00', 15.9002765, 74.3951433, 'A case of cheating was reported by Yauvani Ramesh stating that the accused Jalsa Rao fraudulently obtained Rs. 100000 by promising a job in a government department. The accused collected money over a period of 13 months and disappeared.');
INSERT INTO ComplainantDetails (ComplainantID, CaseMasterID, ComplainantName, AgeYear, OccupationID, ReligionID, CasteID, GenderID) VALUES (389, 389, 'Yauvani Ramesh', 43, 9, 6, 1, 1);
INSERT INTO Victim (VictimMasterID, CaseMasterID, VictimName, AgeYear, GenderID, VictimPolice) VALUES (551, 389, 'Vritti Nadkarni', 39, 3, '0');
INSERT INTO Victim (VictimMasterID, CaseMasterID, VictimName, AgeYear, GenderID, VictimPolice) VALUES (552, 389, 'Libni Pradhan', 20, 2, '0');
INSERT INTO Accused (AccusedMasterID, CaseMasterID, AccusedName, AgeYear, GenderID, PersonID) VALUES (900, 389, 'Jalsa Rao', 49, 1, 'A1');
INSERT INTO Accused (AccusedMasterID, CaseMasterID, AccusedName, AgeYear, GenderID, PersonID) VALUES (901, 389, 'Bhavani Pai', 35, 2, 'A2');
INSERT INTO ActSectionAssociation (CaseMasterID, ActID, SectionID, ActOrderID, SectionOrderID) VALUES (389, 'NDPS', '20', 1, 1);
INSERT INTO ArrestSurrender (ArrestSurrenderID, CaseMasterID, ArrestSurrenderTypeID, ArrestSurrenderDate, ArrestSurrenderStateId, ArrestSurrenderDistrictId, PoliceStationID, IOID, CourtID, AccusedMasterID, IsAccused, IsComplainantAccused) VALUES (287, 389, 2, '2026-03-08', 1, 13, 12, 37, 18, 901, TRUE, FALSE);
INSERT INTO inv_arrestsurrenderaccused (ArrestSurrenderID, AccusedMasterID) VALUES (287, 901);
INSERT INTO ArrestSurrender (ArrestSurrenderID, CaseMasterID, ArrestSurrenderTypeID, ArrestSurrenderDate, ArrestSurrenderStateId, ArrestSurrenderDistrictId, PoliceStationID, IOID, CourtID, AccusedMasterID, IsAccused, IsComplainantAccused) VALUES (288, 389, 1, '2026-03-07', 1, 13, 12, 17, 18, 900, TRUE, FALSE);
INSERT INTO inv_arrestsurrenderaccused (ArrestSurrenderID, AccusedMasterID) VALUES (288, 900);
INSERT INTO Inv_OccuranceTime (CaseMasterID, OccuranceFromDate, OccuranceToDate, PlaceOfOccurance, latitude, longitude) VALUES (389, '2026-01-29T01:15:00', '2026-01-29T05:15:00', 'Sane Street, Davanagere', 15.9002765, 74.3951433);
INSERT INTO ChargesheetDetails (CSID, CaseMasterID, csdate, cstype, PolicePersonID) VALUES (107, 389, '2026-06-03', 'A', 75);

INSERT INTO CaseMaster (CaseMasterID, CrimeNo, CaseNo, CrimeRegisteredDate, PolicePersonID, PoliceStationID, CaseCategoryID, GravityOffenceID, CrimeMajorHeadID, CrimeMinorHeadID, CaseStatusID, CourtID, IncidentFromDate, IncidentToDate, InfoReceivedPSDate, latitude, longitude, BriefFacts) VALUES (390, '300200019202400005', '202400005', '2024-08-02', 63, 19, 3, 2, 2, 9, 3, 17, '2024-08-02T13:36:00', '2024-08-02T17:36:00', '2024-08-02T19:36:00', 12.8456753, 74.8621305, 'The victim Gagan Kale, aged 47, was assaulted by the accused Ojasvi Savant near Gade Road, Haveri on 2024-08-02 at approximately 10:45 PM. The accused used a sharp weapon causing grievous injuries. The victim was rushed to BGS Global Hospital for treatment.');
INSERT INTO ComplainantDetails (ComplainantID, CaseMasterID, ComplainantName, AgeYear, OccupationID, ReligionID, CasteID, GenderID) VALUES (390, 390, 'Gagan Kale', 45, 15, 6, 4, 2);
INSERT INTO Victim (VictimMasterID, CaseMasterID, VictimName, AgeYear, GenderID, VictimPolice) VALUES (553, 390, 'Gagan Kale', 52, 2, '1');
INSERT INTO Accused (AccusedMasterID, CaseMasterID, AccusedName, AgeYear, GenderID, PersonID) VALUES (902, 390, 'Ojasvi Savant', 34, 1, 'A1');
INSERT INTO ActSectionAssociation (CaseMasterID, ActID, SectionID, ActOrderID, SectionOrderID) VALUES (390, 'POCSO', '8', 1, 1);
INSERT INTO Inv_OccuranceTime (CaseMasterID, OccuranceFromDate, OccuranceToDate, PlaceOfOccurance, latitude, longitude) VALUES (390, '2024-08-02T13:36:00', '2024-08-02T17:36:00', 'Gade Road, Haveri', 12.8456753, 74.8621305);

INSERT INTO CaseMaster (CaseMasterID, CrimeNo, CaseNo, CrimeRegisteredDate, PolicePersonID, PoliceStationID, CaseCategoryID, GravityOffenceID, CrimeMajorHeadID, CrimeMinorHeadID, CaseStatusID, CourtID, IncidentFromDate, IncidentToDate, InfoReceivedPSDate, latitude, longitude, BriefFacts) VALUES (391, '100120011202500001', '202500001', '2025-12-13', 26, 11, 1, 2, 7, 39, 1, 9, '2025-12-13T09:03:00', '2025-12-13T12:03:00', '2025-12-13T18:03:00', 12.9901418, 77.595115, 'The victim Oeshi Dewan, aged 37, was assaulted by the accused Maanas Johal near Soman Road, Vijayapura on 2025-12-13 at approximately 12:15 AM. The accused used a sharp weapon causing grievous injuries. The victim was rushed to Bowring Hospital for treatment.');
INSERT INTO ComplainantDetails (ComplainantID, CaseMasterID, ComplainantName, AgeYear, OccupationID, ReligionID, CasteID, GenderID) VALUES (391, 391, 'Oeshi Dewan', 50, 5, 1, 5, 2);
INSERT INTO Victim (VictimMasterID, CaseMasterID, VictimName, AgeYear, GenderID, VictimPolice) VALUES (554, 391, 'Oeshi Dewan', 54, 2, '0');
INSERT INTO Accused (AccusedMasterID, CaseMasterID, AccusedName, AgeYear, GenderID, PersonID) VALUES (903, 391, 'Maanas Johal', 26, 2, 'A1');
INSERT INTO Accused (AccusedMasterID, CaseMasterID, AccusedName, AgeYear, GenderID, PersonID) VALUES (904, 391, 'Dominic Prashad', 39, 1, 'A2');
INSERT INTO Accused (AccusedMasterID, CaseMasterID, AccusedName, AgeYear, GenderID, PersonID) VALUES (905, 391, 'Tanay Toor', 32, 2, 'A3');
INSERT INTO ActSectionAssociation (CaseMasterID, ActID, SectionID, ActOrderID, SectionOrderID) VALUES (391, 'IPC', '147', 1, 1);
INSERT INTO Inv_OccuranceTime (CaseMasterID, OccuranceFromDate, OccuranceToDate, PlaceOfOccurance, latitude, longitude) VALUES (391, '2025-12-13T09:03:00', '2025-12-13T12:03:00', 'Soman Road, Vijayapura', 12.9901418, 77.595115);

INSERT INTO CaseMaster (CaseMasterID, CrimeNo, CaseNo, CrimeRegisteredDate, PolicePersonID, PoliceStationID, CaseCategoryID, GravityOffenceID, CrimeMajorHeadID, CrimeMinorHeadID, CaseStatusID, CourtID, IncidentFromDate, IncidentToDate, InfoReceivedPSDate, latitude, longitude, BriefFacts) VALUES (392, '400150014202300002', '202300002', '2023-10-18', 78, 14, 4, 1, 7, 40, 6, 36, '2023-10-18T18:52:00', '2023-10-18T22:52:00', '2023-10-18T22:52:00', 14.3047514, 78.1191816, 'A cyber fraud was reported by Anjali Sachdeva. The accused posed as a bank official and obtained OTP and banking credentials through a phone call on 2023-10-18. An amount of Rs. 250000 was fraudulently transferred from the complainant''s account.');
INSERT INTO ComplainantDetails (ComplainantID, CaseMasterID, ComplainantName, AgeYear, OccupationID, ReligionID, CasteID, GenderID) VALUES (392, 392, 'Anjali Sachdeva', 61, 10, 7, 1, 2);
INSERT INTO Victim (VictimMasterID, CaseMasterID, VictimName, AgeYear, GenderID, VictimPolice) VALUES (555, 392, 'Turvi Devan', 44, 2, '0');
INSERT INTO Accused (AccusedMasterID, CaseMasterID, AccusedName, AgeYear, GenderID, PersonID) VALUES (906, 392, 'Quincy Raj', 38, 1, 'A1');
INSERT INTO Accused (AccusedMasterID, CaseMasterID, AccusedName, AgeYear, GenderID, PersonID) VALUES (907, 392, 'Chasmum Modi', 30, 2, 'A2');
INSERT INTO Accused (AccusedMasterID, CaseMasterID, AccusedName, AgeYear, GenderID, PersonID) VALUES (908, 392, 'Ubika Kapur', 38, 2, 'A3');
INSERT INTO ActSectionAssociation (CaseMasterID, ActID, SectionID, ActOrderID, SectionOrderID) VALUES (392, 'IPC', '307', 1, 1);
INSERT INTO ArrestSurrender (ArrestSurrenderID, CaseMasterID, ArrestSurrenderTypeID, ArrestSurrenderDate, ArrestSurrenderStateId, ArrestSurrenderDistrictId, PoliceStationID, IOID, CourtID, AccusedMasterID, IsAccused, IsComplainantAccused) VALUES (289, 392, 2, '2023-10-22', 1, 15, 14, 45, 36, 906, TRUE, FALSE);
INSERT INTO inv_arrestsurrenderaccused (ArrestSurrenderID, AccusedMasterID) VALUES (289, 906);
INSERT INTO ArrestSurrender (ArrestSurrenderID, CaseMasterID, ArrestSurrenderTypeID, ArrestSurrenderDate, ArrestSurrenderStateId, ArrestSurrenderDistrictId, PoliceStationID, IOID, CourtID, AccusedMasterID, IsAccused, IsComplainantAccused) VALUES (290, 392, 1, '2023-10-21', 1, 15, 14, 54, 36, 908, TRUE, FALSE);
INSERT INTO inv_arrestsurrenderaccused (ArrestSurrenderID, AccusedMasterID) VALUES (290, 908);
INSERT INTO Inv_OccuranceTime (CaseMasterID, OccuranceFromDate, OccuranceToDate, PlaceOfOccurance, latitude, longitude) VALUES (392, '2023-10-18T18:52:00', '2023-10-18T22:52:00', 'Swaminathan Road, Chitradurga', 14.3047514, 78.1191816);

INSERT INTO CaseMaster (CaseMasterID, CrimeNo, CaseNo, CrimeRegisteredDate, PolicePersonID, PoliceStationID, CaseCategoryID, GravityOffenceID, CrimeMajorHeadID, CrimeMinorHeadID, CaseStatusID, CourtID, IncidentFromDate, IncidentToDate, InfoReceivedPSDate, latitude, longitude, BriefFacts) VALUES (393, '100260025202300001', '202300001', '2023-08-12', 74, 25, 1, 2, 1, 3, 1, 22, '2023-08-12T23:04:00', '2023-08-13T03:04:00', '2023-08-13T06:04:00', 16.7094759, 76.6272289, 'On 2023-08-12, the complainant Mitesh Lala reported that unknown persons broke into their residence at Sahni Road, Yadgir and stole cash amounting to Rs. 100000 and gold ornaments. The accused Zayan Behl was later identified through CCTV footage from a nearby shop.');
INSERT INTO ComplainantDetails (ComplainantID, CaseMasterID, ComplainantName, AgeYear, OccupationID, ReligionID, CasteID, GenderID) VALUES (393, 393, 'Mitesh Lala', 28, 8, 3, 1, 1);
INSERT INTO Victim (VictimMasterID, CaseMasterID, VictimName, AgeYear, GenderID, VictimPolice) VALUES (556, 393, 'Urmi Dash', 65, 2, '0');
INSERT INTO Accused (AccusedMasterID, CaseMasterID, AccusedName, AgeYear, GenderID, PersonID) VALUES (909, 393, 'Zayan Behl', 22, 2, 'A1');
INSERT INTO Accused (AccusedMasterID, CaseMasterID, AccusedName, AgeYear, GenderID, PersonID) VALUES (910, 393, 'Vyanjana Konda', 53, 2, 'A2');
INSERT INTO Accused (AccusedMasterID, CaseMasterID, AccusedName, AgeYear, GenderID, PersonID) VALUES (911, 393, 'Janya Baral', 33, 1, 'A3');
INSERT INTO ActSectionAssociation (CaseMasterID, ActID, SectionID, ActOrderID, SectionOrderID) VALUES (393, 'POCSO', '4', 1, 1);
INSERT INTO ActSectionAssociation (CaseMasterID, ActID, SectionID, ActOrderID, SectionOrderID) VALUES (393, 'POCSO', '6', 2, 2);
INSERT INTO ActSectionAssociation (CaseMasterID, ActID, SectionID, ActOrderID, SectionOrderID) VALUES (393, 'ITA', '66C', 3, 3);
INSERT INTO Inv_OccuranceTime (CaseMasterID, OccuranceFromDate, OccuranceToDate, PlaceOfOccurance, latitude, longitude) VALUES (393, '2023-08-12T23:04:00', '2023-08-13T03:04:00', 'Sahni Road, Yadgir', 16.7094759, 76.6272289);

INSERT INTO CaseMaster (CaseMasterID, CrimeNo, CaseNo, CrimeRegisteredDate, PolicePersonID, PoliceStationID, CaseCategoryID, GravityOffenceID, CrimeMajorHeadID, CrimeMinorHeadID, CaseStatusID, CourtID, IncidentFromDate, IncidentToDate, InfoReceivedPSDate, latitude, longitude, BriefFacts) VALUES (394, '100210020202300001', '202300001', '2023-08-14', 10, 20, 1, 3, 6, 33, 1, 23, '2023-08-14T10:57:00', '2023-08-14T13:57:00', '2023-08-14T17:57:00', 12.9596083, 77.504593, 'A cyber fraud was reported by Waida Bhavsar. The accused posed as a bank official and obtained OTP and banking credentials through a phone call on 2023-08-14. An amount of Rs. 10000 was fraudulently transferred from the complainant''s account.');
INSERT INTO ComplainantDetails (ComplainantID, CaseMasterID, ComplainantName, AgeYear, OccupationID, ReligionID, CasteID, GenderID) VALUES (394, 394, 'Waida Bhavsar', 40, 10, 1, 5, 2);
INSERT INTO Victim (VictimMasterID, CaseMasterID, VictimName, AgeYear, GenderID, VictimPolice) VALUES (557, 394, 'Waida Bhavsar', 36, 3, '0');
INSERT INTO Victim (VictimMasterID, CaseMasterID, VictimName, AgeYear, GenderID, VictimPolice) VALUES (558, 394, 'Kashvi Vala', 74, 1, '0');
INSERT INTO Victim (VictimMasterID, CaseMasterID, VictimName, AgeYear, GenderID, VictimPolice) VALUES (559, 394, 'Aashi Gaba', 74, 1, '0');
INSERT INTO Accused (AccusedMasterID, CaseMasterID, AccusedName, AgeYear, GenderID, PersonID) VALUES (912, 394, 'Vasana Sarin', 43, 1, 'A1');
INSERT INTO Accused (AccusedMasterID, CaseMasterID, AccusedName, AgeYear, GenderID, PersonID) VALUES (913, 394, 'Madhav Nagarajan', 20, 1, 'A2');
INSERT INTO ActSectionAssociation (CaseMasterID, ActID, SectionID, ActOrderID, SectionOrderID) VALUES (394, 'POCSO', '8', 1, 1);
INSERT INTO ActSectionAssociation (CaseMasterID, ActID, SectionID, ActOrderID, SectionOrderID) VALUES (394, 'ITA', '66D', 2, 2);
INSERT INTO ActSectionAssociation (CaseMasterID, ActID, SectionID, ActOrderID, SectionOrderID) VALUES (394, 'IPC', '341', 3, 3);
INSERT INTO ArrestSurrender (ArrestSurrenderID, CaseMasterID, ArrestSurrenderTypeID, ArrestSurrenderDate, ArrestSurrenderStateId, ArrestSurrenderDistrictId, PoliceStationID, IOID, CourtID, AccusedMasterID, IsAccused, IsComplainantAccused) VALUES (291, 394, 2, '2023-09-08', 1, 21, 20, 21, 23, 912, TRUE, FALSE);
INSERT INTO inv_arrestsurrenderaccused (ArrestSurrenderID, AccusedMasterID) VALUES (291, 912);
INSERT INTO Inv_OccuranceTime (CaseMasterID, OccuranceFromDate, OccuranceToDate, PlaceOfOccurance, latitude, longitude) VALUES (394, '2023-08-14T10:57:00', '2023-08-14T13:57:00', 'Soni Road, Koppal', 12.9596083, 77.504593);

INSERT INTO CaseMaster (CaseMasterID, CrimeNo, CaseNo, CrimeRegisteredDate, PolicePersonID, PoliceStationID, CaseCategoryID, GravityOffenceID, CrimeMajorHeadID, CrimeMinorHeadID, CaseStatusID, CourtID, IncidentFromDate, IncidentToDate, InfoReceivedPSDate, latitude, longitude, BriefFacts) VALUES (395, '800240023202400001', '202400001', '2024-11-30', 44, 23, 8, 1, 4, 25, 1, 28, '2024-11-30T07:21:00', '2024-11-30T10:21:00', '2024-11-30T12:21:00', 12.9465262, 74.9167566, 'The complainant Ishanvi Gade, a shopkeeper at Parekh Marg, Chikkaballapura, reported that the accused Anjali Patel along with others robbed the shop at knife-point on 2024-11-30 and fled with cash Rs. 2500000 and valuables.');
INSERT INTO ComplainantDetails (ComplainantID, CaseMasterID, ComplainantName, AgeYear, OccupationID, ReligionID, CasteID, GenderID) VALUES (395, 395, 'Ishanvi Gade', 58, 3, 5, 3, 1);
INSERT INTO Victim (VictimMasterID, CaseMasterID, VictimName, AgeYear, GenderID, VictimPolice) VALUES (560, 395, 'Ishanvi Gade', 30, 3, '0');
INSERT INTO Accused (AccusedMasterID, CaseMasterID, AccusedName, AgeYear, GenderID, PersonID) VALUES (914, 395, 'Anjali Patel', 42, 2, 'A1');
INSERT INTO ActSectionAssociation (CaseMasterID, ActID, SectionID, ActOrderID, SectionOrderID) VALUES (395, 'IPC', '397', 1, 1);
INSERT INTO ArrestSurrender (ArrestSurrenderID, CaseMasterID, ArrestSurrenderTypeID, ArrestSurrenderDate, ArrestSurrenderStateId, ArrestSurrenderDistrictId, PoliceStationID, IOID, CourtID, AccusedMasterID, IsAccused, IsComplainantAccused) VALUES (292, 395, 1, '2024-12-21', 1, 24, 23, 52, 28, 914, TRUE, FALSE);
INSERT INTO inv_arrestsurrenderaccused (ArrestSurrenderID, AccusedMasterID) VALUES (292, 914);
INSERT INTO Inv_OccuranceTime (CaseMasterID, OccuranceFromDate, OccuranceToDate, PlaceOfOccurance, latitude, longitude) VALUES (395, '2024-11-30T07:21:00', '2024-11-30T10:21:00', 'Parekh Marg, Chikkaballapura', 12.9465262, 74.9167566);

INSERT INTO CaseMaster (CaseMasterID, CrimeNo, CaseNo, CrimeRegisteredDate, PolicePersonID, PoliceStationID, CaseCategoryID, GravityOffenceID, CrimeMajorHeadID, CrimeMinorHeadID, CaseStatusID, CourtID, IncidentFromDate, IncidentToDate, InfoReceivedPSDate, latitude, longitude, BriefFacts) VALUES (396, '200070006202300001', '202300001', '2023-09-05', 16, 6, 2, 1, 7, 39, 3, 3, '2023-09-05T05:09:00', '2023-09-05T05:09:00', '2023-09-05T10:09:00', 15.872206, 74.4264906, 'On 2023-09-05, the complainant Faraj Varkey reported that unknown persons broke into their residence at Ganesh, Kalaburagi and stole cash amounting to Rs. 100000 and gold ornaments. The accused Qadim Chandra was later identified through CCTV footage from a nearby shop.');
INSERT INTO ComplainantDetails (ComplainantID, CaseMasterID, ComplainantName, AgeYear, OccupationID, ReligionID, CasteID, GenderID) VALUES (396, 396, 'Faraj Varkey', 24, 11, 6, 2, 2);
INSERT INTO Victim (VictimMasterID, CaseMasterID, VictimName, AgeYear, GenderID, VictimPolice) VALUES (561, 396, 'Faraj Varkey', 67, 2, '0');
INSERT INTO Accused (AccusedMasterID, CaseMasterID, AccusedName, AgeYear, GenderID, PersonID) VALUES (915, 396, 'Qadim Chandra', 44, 1, 'A1');
INSERT INTO ActSectionAssociation (CaseMasterID, ActID, SectionID, ActOrderID, SectionOrderID) VALUES (396, 'POCSO', '8', 1, 1);
INSERT INTO Inv_OccuranceTime (CaseMasterID, OccuranceFromDate, OccuranceToDate, PlaceOfOccurance, latitude, longitude) VALUES (396, '2023-09-05T05:09:00', '2023-09-05T05:09:00', 'Ganesh, Kalaburagi', 15.872206, 74.4264906);

INSERT INTO CaseMaster (CaseMasterID, CrimeNo, CaseNo, CrimeRegisteredDate, PolicePersonID, PoliceStationID, CaseCategoryID, GravityOffenceID, CrimeMajorHeadID, CrimeMinorHeadID, CaseStatusID, CourtID, IncidentFromDate, IncidentToDate, InfoReceivedPSDate, latitude, longitude, BriefFacts) VALUES (397, '400010030202500002', '202500002', '2025-02-28', 1, 30, 4, 3, 2, 15, 7, 9, '2025-02-28T00:08:00', '2025-02-28T02:08:00', '2025-02-28T09:08:00', 12.0157071, 76.4057926, 'On 2025-02-28, the complainant Charvi Madan reported that unknown persons broke into their residence at Vasa Street, Bengaluru Urban and stole cash amounting to Rs. 5000 and gold ornaments. The accused Maanas Arya was later identified through CCTV footage from a nearby shop.');
INSERT INTO ComplainantDetails (ComplainantID, CaseMasterID, ComplainantName, AgeYear, OccupationID, ReligionID, CasteID, GenderID) VALUES (397, 397, 'Charvi Madan', 61, 3, 6, 4, 2);
INSERT INTO Victim (VictimMasterID, CaseMasterID, VictimName, AgeYear, GenderID, VictimPolice) VALUES (562, 397, 'Gopal Warrior', 74, 3, '0');
INSERT INTO Victim (VictimMasterID, CaseMasterID, VictimName, AgeYear, GenderID, VictimPolice) VALUES (563, 397, 'Kashish Sundaram', 32, 3, '1');
INSERT INTO Accused (AccusedMasterID, CaseMasterID, AccusedName, AgeYear, GenderID, PersonID) VALUES (916, 397, 'Maanas Arya', 28, 1, 'A1');
INSERT INTO ActSectionAssociation (CaseMasterID, ActID, SectionID, ActOrderID, SectionOrderID) VALUES (397, 'NDPS', '27', 1, 1);
INSERT INTO ActSectionAssociation (CaseMasterID, ActID, SectionID, ActOrderID, SectionOrderID) VALUES (397, 'IPC', '324', 2, 2);
INSERT INTO ActSectionAssociation (CaseMasterID, ActID, SectionID, ActOrderID, SectionOrderID) VALUES (397, 'POCSO', '4', 3, 3);
INSERT INTO ArrestSurrender (ArrestSurrenderID, CaseMasterID, ArrestSurrenderTypeID, ArrestSurrenderDate, ArrestSurrenderStateId, ArrestSurrenderDistrictId, PoliceStationID, IOID, CourtID, AccusedMasterID, IsAccused, IsComplainantAccused) VALUES (293, 397, 1, '2025-03-10', 1, 1, 30, 59, 9, 916, TRUE, FALSE);
INSERT INTO inv_arrestsurrenderaccused (ArrestSurrenderID, AccusedMasterID) VALUES (293, 916);
INSERT INTO Inv_OccuranceTime (CaseMasterID, OccuranceFromDate, OccuranceToDate, PlaceOfOccurance, latitude, longitude) VALUES (397, '2025-02-28T00:08:00', '2025-02-28T02:08:00', 'Vasa Street, Bengaluru Urban', 12.0157071, 76.4057926);

INSERT INTO CaseMaster (CaseMasterID, CrimeNo, CaseNo, CrimeRegisteredDate, PolicePersonID, PoliceStationID, CaseCategoryID, GravityOffenceID, CrimeMajorHeadID, CrimeMinorHeadID, CaseStatusID, CourtID, IncidentFromDate, IncidentToDate, InfoReceivedPSDate, latitude, longitude, BriefFacts) VALUES (398, '300200019202400006', '202400006', '2024-10-07', 60, 19, 3, 3, 2, 15, 5, 37, '2024-10-07T01:39:00', '2024-10-07T05:39:00', '2024-10-07T11:39:00', 12.8067105, 75.7659042, 'The deceased Harsh Kamdar, aged 40, was found dead under suspicious circumstances at Vora Ganj, Haveri on 2024-10-07. The investigation revealed that the accused Yahvi Kant, who is a relative of the deceased, had a dispute over property worth Rs. 100000.');
INSERT INTO ComplainantDetails (ComplainantID, CaseMasterID, ComplainantName, AgeYear, OccupationID, ReligionID, CasteID, GenderID) VALUES (398, 398, 'Harsh Kamdar', 21, 4, 6, 5, 2);
INSERT INTO Victim (VictimMasterID, CaseMasterID, VictimName, AgeYear, GenderID, VictimPolice) VALUES (564, 398, 'Harsh Kamdar', 49, 3, '0');
INSERT INTO Accused (AccusedMasterID, CaseMasterID, AccusedName, AgeYear, GenderID, PersonID) VALUES (917, 398, 'Yahvi Kant', 36, 2, 'A1');
INSERT INTO Accused (AccusedMasterID, CaseMasterID, AccusedName, AgeYear, GenderID, PersonID) VALUES (918, 398, 'Omisha Sharma', 43, 1, 'A2');
INSERT INTO Accused (AccusedMasterID, CaseMasterID, AccusedName, AgeYear, GenderID, PersonID) VALUES (919, 398, 'Jackson Deep', 41, 1, 'A3');
INSERT INTO Accused (AccusedMasterID, CaseMasterID, AccusedName, AgeYear, GenderID, PersonID) VALUES (920, 398, 'Faqid Dixit', 49, 1, 'A4');
INSERT INTO ActSectionAssociation (CaseMasterID, ActID, SectionID, ActOrderID, SectionOrderID) VALUES (398, 'ITA', '67', 1, 1);
INSERT INTO ActSectionAssociation (CaseMasterID, ActID, SectionID, ActOrderID, SectionOrderID) VALUES (398, 'IPC', '379', 2, 2);
INSERT INTO Inv_OccuranceTime (CaseMasterID, OccuranceFromDate, OccuranceToDate, PlaceOfOccurance, latitude, longitude) VALUES (398, '2024-10-07T01:39:00', '2024-10-07T05:39:00', 'Vora Ganj, Haveri', 12.8067105, 75.7659042);

INSERT INTO CaseMaster (CaseMasterID, CrimeNo, CaseNo, CrimeRegisteredDate, PolicePersonID, PoliceStationID, CaseCategoryID, GravityOffenceID, CrimeMajorHeadID, CrimeMinorHeadID, CaseStatusID, CourtID, IncidentFromDate, IncidentToDate, InfoReceivedPSDate, latitude, longitude, BriefFacts) VALUES (399, '400050004202600001', '202600001', '2026-04-21', 54, 4, 4, 2, 3, 20, 2, 2, '2026-04-21T13:57:00', '2026-04-21T16:57:00', '2026-04-21T16:57:00', 15.2968469, 75.1465618, 'The victim Ijaya Muni, aged 41, was assaulted by the accused Liam Sathe near Virk, Hubballi-Dharwad on 2026-04-21 at approximately 9:30 PM. The accused used a sharp weapon causing grievous injuries. The victim was rushed to Jayadeva Hospital for treatment.');
INSERT INTO ComplainantDetails (ComplainantID, CaseMasterID, ComplainantName, AgeYear, OccupationID, ReligionID, CasteID, GenderID) VALUES (399, 399, 'Ijaya Muni', 53, 15, 5, 1, 2);
INSERT INTO Victim (VictimMasterID, CaseMasterID, VictimName, AgeYear, GenderID, VictimPolice) VALUES (565, 399, 'Ijaya Muni', 37, 2, '0');
INSERT INTO Accused (AccusedMasterID, CaseMasterID, AccusedName, AgeYear, GenderID, PersonID) VALUES (921, 399, 'Liam Sathe', 38, 2, 'A1');
INSERT INTO ActSectionAssociation (CaseMasterID, ActID, SectionID, ActOrderID, SectionOrderID) VALUES (399, 'POCSO', '4', 1, 1);
INSERT INTO ActSectionAssociation (CaseMasterID, ActID, SectionID, ActOrderID, SectionOrderID) VALUES (399, 'ITA', '66D', 2, 2);
INSERT INTO Inv_OccuranceTime (CaseMasterID, OccuranceFromDate, OccuranceToDate, PlaceOfOccurance, latitude, longitude) VALUES (399, '2026-04-21T13:57:00', '2026-04-21T16:57:00', 'Virk, Hubballi-Dharwad', 15.2968469, 75.1465618);
INSERT INTO ChargesheetDetails (CSID, CaseMasterID, csdate, cstype, PolicePersonID) VALUES (108, 399, '2026-08-22', 'A', 28);

INSERT INTO CaseMaster (CaseMasterID, CrimeNo, CaseNo, CrimeRegisteredDate, PolicePersonID, PoliceStationID, CaseCategoryID, GravityOffenceID, CrimeMajorHeadID, CrimeMinorHeadID, CaseStatusID, CourtID, IncidentFromDate, IncidentToDate, InfoReceivedPSDate, latitude, longitude, BriefFacts) VALUES (400, '100230022202500004', '202500004', '2025-10-27', 41, 22, 1, 4, 7, 38, 1, 30, '2025-10-27T20:36:00', '2025-10-28T00:36:00', '2025-10-28T06:36:00', 12.9777748, 77.478699, 'The complainant Orinder Modi reported domestic violence by husband Lucky Karan and in-laws. The accused demanded additional dowry of Rs. 500000 and subjected the complainant to physical and mental harassment since 5 years.');
INSERT INTO ComplainantDetails (ComplainantID, CaseMasterID, ComplainantName, AgeYear, OccupationID, ReligionID, CasteID, GenderID) VALUES (400, 400, 'Orinder Modi', 63, 15, 1, 2, 1);
INSERT INTO Victim (VictimMasterID, CaseMasterID, VictimName, AgeYear, GenderID, VictimPolice) VALUES (566, 400, 'Jagat Kapadia', 66, 2, '0');
INSERT INTO Victim (VictimMasterID, CaseMasterID, VictimName, AgeYear, GenderID, VictimPolice) VALUES (567, 400, 'Kalpit Brar', 16, 3, '0');
INSERT INTO Victim (VictimMasterID, CaseMasterID, VictimName, AgeYear, GenderID, VictimPolice) VALUES (568, 400, 'Isaac Brahmbhatt', 5, 3, '0');
INSERT INTO Accused (AccusedMasterID, CaseMasterID, AccusedName, AgeYear, GenderID, PersonID) VALUES (922, 400, 'Lucky Karan', 19, 2, 'A1');
INSERT INTO ActSectionAssociation (CaseMasterID, ActID, SectionID, ActOrderID, SectionOrderID) VALUES (400, 'ITA', '66C', 1, 1);
INSERT INTO ActSectionAssociation (CaseMasterID, ActID, SectionID, ActOrderID, SectionOrderID) VALUES (400, 'NDPS', '20', 2, 2);
INSERT INTO Inv_OccuranceTime (CaseMasterID, OccuranceFromDate, OccuranceToDate, PlaceOfOccurance, latitude, longitude) VALUES (400, '2025-10-27T20:36:00', '2025-10-28T00:36:00', 'Dass Road, Ramanagara', 12.9777748, 77.478699);

INSERT INTO CaseMaster (CaseMasterID, CrimeNo, CaseNo, CrimeRegisteredDate, PolicePersonID, PoliceStationID, CaseCategoryID, GravityOffenceID, CrimeMajorHeadID, CrimeMinorHeadID, CaseStatusID, CourtID, IncidentFromDate, IncidentToDate, InfoReceivedPSDate, latitude, longitude, BriefFacts) VALUES (401, '200240023202300001', '202300001', '2023-08-03', 78, 23, 2, 4, 2, 14, 3, 9, '2023-08-03T17:58:00', '2023-08-03T18:58:00', '2023-08-03T23:58:00', 15.8462293, 74.5115433, 'The deceased Raagini Basak, aged 42, was found dead under suspicious circumstances at Chokshi Ganj, Chikkaballapura on 2023-08-03. The investigation revealed that the accused Baghyawati Kade, who is a relative of the deceased, had a dispute over property worth Rs. 1000000.');
INSERT INTO ComplainantDetails (ComplainantID, CaseMasterID, ComplainantName, AgeYear, OccupationID, ReligionID, CasteID, GenderID) VALUES (401, 401, 'Raagini Basak', 21, 4, 3, 1, 1);
INSERT INTO Victim (VictimMasterID, CaseMasterID, VictimName, AgeYear, GenderID, VictimPolice) VALUES (569, 401, 'Raagini Basak', 29, 1, '0');
INSERT INTO Accused (AccusedMasterID, CaseMasterID, AccusedName, AgeYear, GenderID, PersonID) VALUES (923, 401, 'Baghyawati Kade', 35, 2, 'A1');
INSERT INTO ActSectionAssociation (CaseMasterID, ActID, SectionID, ActOrderID, SectionOrderID) VALUES (401, 'NDPS', '22', 1, 1);
INSERT INTO ArrestSurrender (ArrestSurrenderID, CaseMasterID, ArrestSurrenderTypeID, ArrestSurrenderDate, ArrestSurrenderStateId, ArrestSurrenderDistrictId, PoliceStationID, IOID, CourtID, AccusedMasterID, IsAccused, IsComplainantAccused) VALUES (294, 401, 1, '2023-09-28', 1, 24, 23, 62, 9, 923, TRUE, FALSE);
INSERT INTO inv_arrestsurrenderaccused (ArrestSurrenderID, AccusedMasterID) VALUES (294, 923);
INSERT INTO Inv_OccuranceTime (CaseMasterID, OccuranceFromDate, OccuranceToDate, PlaceOfOccurance, latitude, longitude) VALUES (401, '2023-08-03T17:58:00', '2023-08-03T18:58:00', 'Chokshi Ganj, Chikkaballapura', 15.8462293, 74.5115433);

INSERT INTO CaseMaster (CaseMasterID, CrimeNo, CaseNo, CrimeRegisteredDate, PolicePersonID, PoliceStationID, CaseCategoryID, GravityOffenceID, CrimeMajorHeadID, CrimeMinorHeadID, CaseStatusID, CourtID, IncidentFromDate, IncidentToDate, InfoReceivedPSDate, latitude, longitude, BriefFacts) VALUES (402, '300280027202300001', '202300001', '2023-08-18', 42, 27, 3, 1, 3, 22, 4, 22, '2023-08-18T10:27:00', '2023-08-18T14:27:00', '2023-08-19T01:27:00', 15.9564074, 74.5380819, 'On 2023-08-18, the complainant Upasna Dani reported that their car bearing registration number KA-44-EF-8086 was stolen from Anne Road, Dharwad. The vehicle was parked outside a residential apartment and was found missing when the complainant returned.');
INSERT INTO ComplainantDetails (ComplainantID, CaseMasterID, ComplainantName, AgeYear, OccupationID, ReligionID, CasteID, GenderID) VALUES (402, 402, 'Upasna Dani', 33, 3, 4, 5, 1);
INSERT INTO Victim (VictimMasterID, CaseMasterID, VictimName, AgeYear, GenderID, VictimPolice) VALUES (570, 402, 'Caleb Bhatti', 56, 2, '0');
INSERT INTO Victim (VictimMasterID, CaseMasterID, VictimName, AgeYear, GenderID, VictimPolice) VALUES (571, 402, 'Jatin Jha', 8, 2, '1');
INSERT INTO Victim (VictimMasterID, CaseMasterID, VictimName, AgeYear, GenderID, VictimPolice) VALUES (572, 402, 'Qasim Panchal', 51, 1, '0');
INSERT INTO Accused (AccusedMasterID, CaseMasterID, AccusedName, AgeYear, GenderID, PersonID) VALUES (924, 402, 'Adweta Edwin', 39, 2, 'A1');
INSERT INTO Accused (AccusedMasterID, CaseMasterID, AccusedName, AgeYear, GenderID, PersonID) VALUES (925, 402, 'Gautam Dhingra', 50, 2, 'A2');
INSERT INTO Accused (AccusedMasterID, CaseMasterID, AccusedName, AgeYear, GenderID, PersonID) VALUES (926, 402, 'Abhiram Mistry', 23, 1, 'A3');
INSERT INTO ActSectionAssociation (CaseMasterID, ActID, SectionID, ActOrderID, SectionOrderID) VALUES (402, 'ITA', '66D', 1, 1);
INSERT INTO ActSectionAssociation (CaseMasterID, ActID, SectionID, ActOrderID, SectionOrderID) VALUES (402, 'IPC', '324', 2, 2);
INSERT INTO ArrestSurrender (ArrestSurrenderID, CaseMasterID, ArrestSurrenderTypeID, ArrestSurrenderDate, ArrestSurrenderStateId, ArrestSurrenderDistrictId, PoliceStationID, IOID, CourtID, AccusedMasterID, IsAccused, IsComplainantAccused) VALUES (295, 402, 1, '2023-09-19', 1, 28, 27, 55, 22, 925, TRUE, FALSE);
INSERT INTO inv_arrestsurrenderaccused (ArrestSurrenderID, AccusedMasterID) VALUES (295, 925);
INSERT INTO ArrestSurrender (ArrestSurrenderID, CaseMasterID, ArrestSurrenderTypeID, ArrestSurrenderDate, ArrestSurrenderStateId, ArrestSurrenderDistrictId, PoliceStationID, IOID, CourtID, AccusedMasterID, IsAccused, IsComplainantAccused) VALUES (296, 402, 2, '2023-09-16', 1, 28, 27, 18, 22, 926, TRUE, FALSE);
INSERT INTO inv_arrestsurrenderaccused (ArrestSurrenderID, AccusedMasterID) VALUES (296, 926);
INSERT INTO Inv_OccuranceTime (CaseMasterID, OccuranceFromDate, OccuranceToDate, PlaceOfOccurance, latitude, longitude) VALUES (402, '2023-08-18T10:27:00', '2023-08-18T14:27:00', 'Anne Road, Dharwad', 15.9564074, 74.5380819);

INSERT INTO CaseMaster (CaseMasterID, CrimeNo, CaseNo, CrimeRegisteredDate, PolicePersonID, PoliceStationID, CaseCategoryID, GravityOffenceID, CrimeMajorHeadID, CrimeMinorHeadID, CaseStatusID, CourtID, IncidentFromDate, IncidentToDate, InfoReceivedPSDate, latitude, longitude, BriefFacts) VALUES (403, '300200019202600001', '202600001', '2026-01-26', 1, 19, 3, 4, 2, 11, 1, 3, '2026-01-26T11:40:00', '2026-01-26T14:40:00', '2026-01-27T02:40:00', 15.8713164, 74.5532224, 'The victim Ijaya Pandey, aged 36, was assaulted by the accused Xiti Khurana near Bir Circle, Haveri on 2026-01-26 at approximately 10:45 PM. The accused used a sharp weapon causing grievous injuries. The victim was rushed to Jayadeva Hospital for treatment.');
INSERT INTO ComplainantDetails (ComplainantID, CaseMasterID, ComplainantName, AgeYear, OccupationID, ReligionID, CasteID, GenderID) VALUES (403, 403, 'Ijaya Pandey', 36, 14, 1, 5, 2);
INSERT INTO Victim (VictimMasterID, CaseMasterID, VictimName, AgeYear, GenderID, VictimPolice) VALUES (573, 403, 'Ijaya Pandey', 6, 2, '0');
INSERT INTO Victim (VictimMasterID, CaseMasterID, VictimName, AgeYear, GenderID, VictimPolice) VALUES (574, 403, 'Akshay Wadhwa', 31, 1, '0');
INSERT INTO Accused (AccusedMasterID, CaseMasterID, AccusedName, AgeYear, GenderID, PersonID) VALUES (927, 403, 'Xiti Khurana', 45, 2, 'A1');
INSERT INTO Accused (AccusedMasterID, CaseMasterID, AccusedName, AgeYear, GenderID, PersonID) VALUES (928, 403, 'Rehaan Manda', 26, 1, 'A2');
INSERT INTO Accused (AccusedMasterID, CaseMasterID, AccusedName, AgeYear, GenderID, PersonID) VALUES (929, 403, 'Aayush Chaudhary', 34, 2, 'A3');
INSERT INTO ActSectionAssociation (CaseMasterID, ActID, SectionID, ActOrderID, SectionOrderID) VALUES (403, 'NDPS', '20', 1, 1);
INSERT INTO ArrestSurrender (ArrestSurrenderID, CaseMasterID, ArrestSurrenderTypeID, ArrestSurrenderDate, ArrestSurrenderStateId, ArrestSurrenderDistrictId, PoliceStationID, IOID, CourtID, AccusedMasterID, IsAccused, IsComplainantAccused) VALUES (297, 403, 1, '2026-03-22', 1, 20, 19, 43, 3, 929, TRUE, FALSE);
INSERT INTO inv_arrestsurrenderaccused (ArrestSurrenderID, AccusedMasterID) VALUES (297, 929);
INSERT INTO Inv_OccuranceTime (CaseMasterID, OccuranceFromDate, OccuranceToDate, PlaceOfOccurance, latitude, longitude) VALUES (403, '2026-01-26T11:40:00', '2026-01-26T14:40:00', 'Bir Circle, Haveri', 15.8713164, 74.5532224);

INSERT INTO CaseMaster (CaseMasterID, CrimeNo, CaseNo, CrimeRegisteredDate, PolicePersonID, PoliceStationID, CaseCategoryID, GravityOffenceID, CrimeMajorHeadID, CrimeMinorHeadID, CaseStatusID, CourtID, IncidentFromDate, IncidentToDate, InfoReceivedPSDate, latitude, longitude, BriefFacts) VALUES (404, '800110010202600001', '202600001', '2026-04-21', 72, 10, 8, 3, 2, 15, 1, 1, '2026-04-21T23:44:00', '2026-04-22T00:44:00', '2026-04-22T02:44:00', 12.7771675, 76.0269351, 'On 2026-04-21, the Anti-Narcotics squad conducted a raid at Varkey Ganj, Raichur and seized 1000 grams of heroin from the possession of the accused Ladli Samra. The accused was found to be part of a supply chain operating across Bidar and Hubballi-Dharwad.');
INSERT INTO ComplainantDetails (ComplainantID, CaseMasterID, ComplainantName, AgeYear, OccupationID, ReligionID, CasteID, GenderID) VALUES (404, 404, 'Jeevika Goyal', 33, 15, 5, 5, 2);
INSERT INTO Victim (VictimMasterID, CaseMasterID, VictimName, AgeYear, GenderID, VictimPolice) VALUES (575, 404, 'Hredhaan Golla', 74, 2, '0');
INSERT INTO Accused (AccusedMasterID, CaseMasterID, AccusedName, AgeYear, GenderID, PersonID) VALUES (930, 404, 'Ladli Samra', 42, 1, 'A1');
INSERT INTO Accused (AccusedMasterID, CaseMasterID, AccusedName, AgeYear, GenderID, PersonID) VALUES (931, 404, 'Nikita Chowdhury', 30, 2, 'A2');
INSERT INTO ActSectionAssociation (CaseMasterID, ActID, SectionID, ActOrderID, SectionOrderID) VALUES (404, 'POCSO', '6', 1, 1);
INSERT INTO ArrestSurrender (ArrestSurrenderID, CaseMasterID, ArrestSurrenderTypeID, ArrestSurrenderDate, ArrestSurrenderStateId, ArrestSurrenderDistrictId, PoliceStationID, IOID, CourtID, AccusedMasterID, IsAccused, IsComplainantAccused) VALUES (298, 404, 2, '2026-05-30', 1, 11, 10, 73, 1, 931, TRUE, FALSE);
INSERT INTO inv_arrestsurrenderaccused (ArrestSurrenderID, AccusedMasterID) VALUES (298, 931);
INSERT INTO ArrestSurrender (ArrestSurrenderID, CaseMasterID, ArrestSurrenderTypeID, ArrestSurrenderDate, ArrestSurrenderStateId, ArrestSurrenderDistrictId, PoliceStationID, IOID, CourtID, AccusedMasterID, IsAccused, IsComplainantAccused) VALUES (299, 404, 2, '2026-06-09', 1, 11, 10, 25, 1, 930, TRUE, FALSE);
INSERT INTO inv_arrestsurrenderaccused (ArrestSurrenderID, AccusedMasterID) VALUES (299, 930);
INSERT INTO Inv_OccuranceTime (CaseMasterID, OccuranceFromDate, OccuranceToDate, PlaceOfOccurance, latitude, longitude) VALUES (404, '2026-04-21T23:44:00', '2026-04-22T00:44:00', 'Varkey Ganj, Raichur', 12.7771675, 76.0269351);

INSERT INTO CaseMaster (CaseMasterID, CrimeNo, CaseNo, CrimeRegisteredDate, PolicePersonID, PoliceStationID, CaseCategoryID, GravityOffenceID, CrimeMajorHeadID, CrimeMinorHeadID, CaseStatusID, CourtID, IncidentFromDate, IncidentToDate, InfoReceivedPSDate, latitude, longitude, BriefFacts) VALUES (405, '800090008202500002', '202500002', '2025-10-25', 1, 8, 8, 4, 2, 10, 1, 8, '2025-10-25T13:05:00', '2025-10-25T16:05:00', '2025-10-25T22:05:00', 12.9643961, 74.8800184, 'On 2025-10-25, at about 12:45 AM, the accused Krish Lalla along with 5 associates formed an unlawful assembly near Venkatesh Zila, Tumakuru and attacked the complainant Jatin Shukla with lethal weapons resulting in injuries.');
INSERT INTO ComplainantDetails (ComplainantID, CaseMasterID, ComplainantName, AgeYear, OccupationID, ReligionID, CasteID, GenderID) VALUES (405, 405, 'Jatin Shukla', 50, 14, 3, 1, 1);
INSERT INTO Victim (VictimMasterID, CaseMasterID, VictimName, AgeYear, GenderID, VictimPolice) VALUES (576, 405, 'Jatin Shukla', 72, 2, '0');
INSERT INTO Accused (AccusedMasterID, CaseMasterID, AccusedName, AgeYear, GenderID, PersonID) VALUES (932, 405, 'Krish Lalla', 44, 1, 'A1');
INSERT INTO Accused (AccusedMasterID, CaseMasterID, AccusedName, AgeYear, GenderID, PersonID) VALUES (933, 405, 'Warhi Patel', 21, 2, 'A2');
INSERT INTO Accused (AccusedMasterID, CaseMasterID, AccusedName, AgeYear, GenderID, PersonID) VALUES (934, 405, 'Baghyawati Kade', 40, 2, 'A3');
INSERT INTO ActSectionAssociation (CaseMasterID, ActID, SectionID, ActOrderID, SectionOrderID) VALUES (405, 'IPC', '324', 1, 1);
INSERT INTO ActSectionAssociation (CaseMasterID, ActID, SectionID, ActOrderID, SectionOrderID) VALUES (405, 'NDPS', '22', 2, 2);
INSERT INTO Inv_OccuranceTime (CaseMasterID, OccuranceFromDate, OccuranceToDate, PlaceOfOccurance, latitude, longitude) VALUES (405, '2025-10-25T13:05:00', '2025-10-25T16:05:00', 'Venkatesh Zila, Tumakuru', 12.9643961, 74.8800184);

INSERT INTO CaseMaster (CaseMasterID, CrimeNo, CaseNo, CrimeRegisteredDate, PolicePersonID, PoliceStationID, CaseCategoryID, GravityOffenceID, CrimeMajorHeadID, CrimeMinorHeadID, CaseStatusID, CourtID, IncidentFromDate, IncidentToDate, InfoReceivedPSDate, latitude, longitude, BriefFacts) VALUES (406, '300040003202500001', '202500001', '2025-08-24', 66, 3, 3, 4, 3, 19, 1, 13, '2025-08-24T00:32:00', '2025-08-24T01:32:00', '2025-08-24T06:32:00', 16.0004877, 74.4048396, 'The victim Jack Rajan, aged 46, was assaulted by the accused Tanmayi Muni near Kara Chowk, Mangaluru (DK) on 2025-08-24 at approximately 1:15 PM. The accused used a sharp weapon causing grievous injuries. The victim was rushed to St. John''s Hospital for treatment.');
INSERT INTO ComplainantDetails (ComplainantID, CaseMasterID, ComplainantName, AgeYear, OccupationID, ReligionID, CasteID, GenderID) VALUES (406, 406, 'Fitan Narang', 23, 8, 1, 5, 2);
INSERT INTO Victim (VictimMasterID, CaseMasterID, VictimName, AgeYear, GenderID, VictimPolice) VALUES (577, 406, 'Jack Rajan', 32, 2, '0');
INSERT INTO Victim (VictimMasterID, CaseMasterID, VictimName, AgeYear, GenderID, VictimPolice) VALUES (578, 406, 'Bina Sangha', 6, 3, '0');
INSERT INTO Accused (AccusedMasterID, CaseMasterID, AccusedName, AgeYear, GenderID, PersonID) VALUES (935, 406, 'Tanmayi Muni', 48, 2, 'A1');
INSERT INTO Accused (AccusedMasterID, CaseMasterID, AccusedName, AgeYear, GenderID, PersonID) VALUES (936, 406, 'Ekaraj Soni', 54, 2, 'A2');
INSERT INTO ActSectionAssociation (CaseMasterID, ActID, SectionID, ActOrderID, SectionOrderID) VALUES (406, 'POCSO', '6', 1, 1);
INSERT INTO Inv_OccuranceTime (CaseMasterID, OccuranceFromDate, OccuranceToDate, PlaceOfOccurance, latitude, longitude) VALUES (406, '2025-08-24T00:32:00', '2025-08-24T01:32:00', 'Kara Chowk, Mangaluru (DK)', 16.0004877, 74.4048396);

INSERT INTO CaseMaster (CaseMasterID, CrimeNo, CaseNo, CrimeRegisteredDate, PolicePersonID, PoliceStationID, CaseCategoryID, GravityOffenceID, CrimeMajorHeadID, CrimeMinorHeadID, CaseStatusID, CourtID, IncidentFromDate, IncidentToDate, InfoReceivedPSDate, latitude, longitude, BriefFacts) VALUES (407, '800100009202600001', '202600001', '2026-05-08', 15, 9, 8, 2, 4, 24, 1, 18, '2026-05-08T06:22:00', '2026-05-08T09:22:00', '2026-05-08T21:22:00', 15.3586322, 75.1373775, 'On 2026-05-08, the Anti-Narcotics squad conducted a raid at Rana Street, Shivamogga and seized 50 grams of heroin from the possession of the accused Frederick Dar. The accused was found to be part of a supply chain operating across Ramanagara and Haveri.');
INSERT INTO ComplainantDetails (ComplainantID, CaseMasterID, ComplainantName, AgeYear, OccupationID, ReligionID, CasteID, GenderID) VALUES (407, 407, 'Praneel Arya', 36, 9, 2, 1, 1);
INSERT INTO Victim (VictimMasterID, CaseMasterID, VictimName, AgeYear, GenderID, VictimPolice) VALUES (579, 407, 'Henry Randhawa', 50, 3, '0');
INSERT INTO Victim (VictimMasterID, CaseMasterID, VictimName, AgeYear, GenderID, VictimPolice) VALUES (580, 407, 'Harsh Ganguly', 22, 2, '0');
INSERT INTO Victim (VictimMasterID, CaseMasterID, VictimName, AgeYear, GenderID, VictimPolice) VALUES (581, 407, 'Januja Issac', 7, 2, '0');
INSERT INTO Accused (AccusedMasterID, CaseMasterID, AccusedName, AgeYear, GenderID, PersonID) VALUES (937, 407, 'Frederick Dar', 20, 1, 'A1');
INSERT INTO ActSectionAssociation (CaseMasterID, ActID, SectionID, ActOrderID, SectionOrderID) VALUES (407, 'ITA', '67', 1, 1);
INSERT INTO ArrestSurrender (ArrestSurrenderID, CaseMasterID, ArrestSurrenderTypeID, ArrestSurrenderDate, ArrestSurrenderStateId, ArrestSurrenderDistrictId, PoliceStationID, IOID, CourtID, AccusedMasterID, IsAccused, IsComplainantAccused) VALUES (300, 407, 2, '2026-05-31', 1, 10, 9, 15, 18, 937, TRUE, FALSE);
INSERT INTO inv_arrestsurrenderaccused (ArrestSurrenderID, AccusedMasterID) VALUES (300, 937);
INSERT INTO Inv_OccuranceTime (CaseMasterID, OccuranceFromDate, OccuranceToDate, PlaceOfOccurance, latitude, longitude) VALUES (407, '2026-05-08T06:22:00', '2026-05-08T09:22:00', 'Rana Street, Shivamogga', 15.3586322, 75.1373775);

INSERT INTO CaseMaster (CaseMasterID, CrimeNo, CaseNo, CrimeRegisteredDate, PolicePersonID, PoliceStationID, CaseCategoryID, GravityOffenceID, CrimeMajorHeadID, CrimeMinorHeadID, CaseStatusID, CourtID, IncidentFromDate, IncidentToDate, InfoReceivedPSDate, latitude, longitude, BriefFacts) VALUES (408, '300040003202400003', '202400003', '2024-07-19', 66, 3, 3, 4, 3, 18, 7, 34, '2024-07-19T23:08:00', '2024-07-20T03:08:00', '2024-07-20T08:08:00', 12.9102661, 76.2538711, 'A cyber fraud was reported by Jason Kaul. The accused posed as a bank official and obtained OTP and banking credentials through a phone call on 2024-07-19. An amount of Rs. 500000 was fraudulently transferred from the complainant''s account.');
INSERT INTO ComplainantDetails (ComplainantID, CaseMasterID, ComplainantName, AgeYear, OccupationID, ReligionID, CasteID, GenderID) VALUES (408, 408, 'Jason Kaul', 37, 6, 4, 4, 2);
INSERT INTO Victim (VictimMasterID, CaseMasterID, VictimName, AgeYear, GenderID, VictimPolice) VALUES (582, 408, 'Xalak Mallick', 71, 1, '0');
INSERT INTO Accused (AccusedMasterID, CaseMasterID, AccusedName, AgeYear, GenderID, PersonID) VALUES (938, 408, 'Mugdha Parekh', 30, 1, 'A1');
INSERT INTO Accused (AccusedMasterID, CaseMasterID, AccusedName, AgeYear, GenderID, PersonID) VALUES (939, 408, 'Yasti Mallick', 29, 1, 'A2');
INSERT INTO Accused (AccusedMasterID, CaseMasterID, AccusedName, AgeYear, GenderID, PersonID) VALUES (940, 408, 'Suhani Chokshi', 23, 2, 'A3');
INSERT INTO Accused (AccusedMasterID, CaseMasterID, AccusedName, AgeYear, GenderID, PersonID) VALUES (941, 408, 'Warjas Gaba', 51, 1, 'A4');
INSERT INTO Accused (AccusedMasterID, CaseMasterID, AccusedName, AgeYear, GenderID, PersonID) VALUES (942, 408, 'Zashil Suri', 50, 1, 'A5');
INSERT INTO ActSectionAssociation (CaseMasterID, ActID, SectionID, ActOrderID, SectionOrderID) VALUES (408, 'NDPS', '22', 1, 1);
INSERT INTO ActSectionAssociation (CaseMasterID, ActID, SectionID, ActOrderID, SectionOrderID) VALUES (408, 'POCSO', '6', 2, 2);
INSERT INTO ArrestSurrender (ArrestSurrenderID, CaseMasterID, ArrestSurrenderTypeID, ArrestSurrenderDate, ArrestSurrenderStateId, ArrestSurrenderDistrictId, PoliceStationID, IOID, CourtID, AccusedMasterID, IsAccused, IsComplainantAccused) VALUES (301, 408, 2, '2024-09-16', 1, 4, 3, 20, 34, 942, TRUE, FALSE);
INSERT INTO inv_arrestsurrenderaccused (ArrestSurrenderID, AccusedMasterID) VALUES (301, 942);
INSERT INTO ArrestSurrender (ArrestSurrenderID, CaseMasterID, ArrestSurrenderTypeID, ArrestSurrenderDate, ArrestSurrenderStateId, ArrestSurrenderDistrictId, PoliceStationID, IOID, CourtID, AccusedMasterID, IsAccused, IsComplainantAccused) VALUES (302, 408, 1, '2024-08-03', 1, 4, 3, 59, 34, 938, TRUE, FALSE);
INSERT INTO inv_arrestsurrenderaccused (ArrestSurrenderID, AccusedMasterID) VALUES (302, 938);
INSERT INTO Inv_OccuranceTime (CaseMasterID, OccuranceFromDate, OccuranceToDate, PlaceOfOccurance, latitude, longitude) VALUES (408, '2024-07-19T23:08:00', '2024-07-20T03:08:00', 'Ravel Chowk, Mangaluru (DK)', 12.9102661, 76.2538711);

INSERT INTO CaseMaster (CaseMasterID, CrimeNo, CaseNo, CrimeRegisteredDate, PolicePersonID, PoliceStationID, CaseCategoryID, GravityOffenceID, CrimeMajorHeadID, CrimeMinorHeadID, CaseStatusID, CourtID, IncidentFromDate, IncidentToDate, InfoReceivedPSDate, latitude, longitude, BriefFacts) VALUES (409, '200090008202500002', '202500002', '2025-01-09', 61, 8, 2, 1, 5, 29, 2, 38, '2025-01-09T21:52:00', '2025-01-10T01:52:00', '2025-01-10T01:52:00', 12.322617, 76.6154272, 'A cyber fraud was reported by Ayushman Chaudhary. The accused posed as a bank official and obtained OTP and banking credentials through a phone call on 2025-01-09. An amount of Rs. 2500000 was fraudulently transferred from the complainant''s account.');
INSERT INTO ComplainantDetails (ComplainantID, CaseMasterID, ComplainantName, AgeYear, OccupationID, ReligionID, CasteID, GenderID) VALUES (409, 409, 'Ayushman Chaudhary', 57, 3, 7, 5, 1);
INSERT INTO Victim (VictimMasterID, CaseMasterID, VictimName, AgeYear, GenderID, VictimPolice) VALUES (583, 409, 'Ayushman Chaudhary', 31, 2, '0');
INSERT INTO Victim (VictimMasterID, CaseMasterID, VictimName, AgeYear, GenderID, VictimPolice) VALUES (584, 409, 'Eta Dua', 50, 3, '0');
INSERT INTO Accused (AccusedMasterID, CaseMasterID, AccusedName, AgeYear, GenderID, PersonID) VALUES (943, 409, 'Ekansh Tara', 21, 2, 'A1');
INSERT INTO Accused (AccusedMasterID, CaseMasterID, AccusedName, AgeYear, GenderID, PersonID) VALUES (944, 409, 'Gopal Bose', 42, 1, 'A2');
INSERT INTO ActSectionAssociation (CaseMasterID, ActID, SectionID, ActOrderID, SectionOrderID) VALUES (409, 'NDPS', '27', 1, 1);
INSERT INTO ActSectionAssociation (CaseMasterID, ActID, SectionID, ActOrderID, SectionOrderID) VALUES (409, 'POCSO', '8', 2, 2);
INSERT INTO ArrestSurrender (ArrestSurrenderID, CaseMasterID, ArrestSurrenderTypeID, ArrestSurrenderDate, ArrestSurrenderStateId, ArrestSurrenderDistrictId, PoliceStationID, IOID, CourtID, AccusedMasterID, IsAccused, IsComplainantAccused) VALUES (303, 409, 1, '2025-03-05', 1, 9, 8, 3, 38, 943, TRUE, FALSE);
INSERT INTO inv_arrestsurrenderaccused (ArrestSurrenderID, AccusedMasterID) VALUES (303, 943);
INSERT INTO ArrestSurrender (ArrestSurrenderID, CaseMasterID, ArrestSurrenderTypeID, ArrestSurrenderDate, ArrestSurrenderStateId, ArrestSurrenderDistrictId, PoliceStationID, IOID, CourtID, AccusedMasterID, IsAccused, IsComplainantAccused) VALUES (304, 409, 2, '2025-02-21', 1, 9, 8, 52, 38, 944, TRUE, FALSE);
INSERT INTO inv_arrestsurrenderaccused (ArrestSurrenderID, AccusedMasterID) VALUES (304, 944);
INSERT INTO Inv_OccuranceTime (CaseMasterID, OccuranceFromDate, OccuranceToDate, PlaceOfOccurance, latitude, longitude) VALUES (409, '2025-01-09T21:52:00', '2025-01-10T01:52:00', 'Gola Nagar, Tumakuru', 12.322617, 76.6154272);
INSERT INTO ChargesheetDetails (CSID, CaseMasterID, csdate, cstype, PolicePersonID) VALUES (109, 409, '2025-02-28', 'A', 20);

INSERT INTO CaseMaster (CaseMasterID, CrimeNo, CaseNo, CrimeRegisteredDate, PolicePersonID, PoliceStationID, CaseCategoryID, GravityOffenceID, CrimeMajorHeadID, CrimeMinorHeadID, CaseStatusID, CourtID, IncidentFromDate, IncidentToDate, InfoReceivedPSDate, latitude, longitude, BriefFacts) VALUES (410, '200200019202500001', '202500001', '2025-07-07', 52, 19, 2, 1, 2, 12, 1, 41, '2025-07-07T10:47:00', '2025-07-07T10:47:00', '2025-07-07T18:47:00', 15.7183907, 76.8441568, 'A case of cheating was reported by Unnati Jaggi stating that the accused Hemal Zachariah fraudulently obtained Rs. 10000 by promising a job in a government department. The accused collected money over a period of 6 months and disappeared.');
INSERT INTO ComplainantDetails (ComplainantID, CaseMasterID, ComplainantName, AgeYear, OccupationID, ReligionID, CasteID, GenderID) VALUES (410, 410, 'Unnati Jaggi', 57, 5, 2, 4, 1);
INSERT INTO Victim (VictimMasterID, CaseMasterID, VictimName, AgeYear, GenderID, VictimPolice) VALUES (585, 410, 'Widisha Swaminathan', 23, 2, '0');
INSERT INTO Accused (AccusedMasterID, CaseMasterID, AccusedName, AgeYear, GenderID, PersonID) VALUES (945, 410, 'Hemal Zachariah', 32, 2, 'A1');
INSERT INTO Accused (AccusedMasterID, CaseMasterID, AccusedName, AgeYear, GenderID, PersonID) VALUES (946, 410, 'Qushi Dani', 50, 2, 'A2');
INSERT INTO Accused (AccusedMasterID, CaseMasterID, AccusedName, AgeYear, GenderID, PersonID) VALUES (947, 410, 'Shivani Murty', 47, 1, 'A3');
INSERT INTO Accused (AccusedMasterID, CaseMasterID, AccusedName, AgeYear, GenderID, PersonID) VALUES (948, 410, 'Saanvi Sharaf', 38, 1, 'A4');
INSERT INTO ActSectionAssociation (CaseMasterID, ActID, SectionID, ActOrderID, SectionOrderID) VALUES (410, 'ITA', '66D', 1, 1);
INSERT INTO ActSectionAssociation (CaseMasterID, ActID, SectionID, ActOrderID, SectionOrderID) VALUES (410, 'ITA', '67', 2, 2);
INSERT INTO Inv_OccuranceTime (CaseMasterID, OccuranceFromDate, OccuranceToDate, PlaceOfOccurance, latitude, longitude) VALUES (410, '2025-07-07T10:47:00', '2025-07-07T10:47:00', 'Badami Circle, Haveri', 15.7183907, 76.8441568);

INSERT INTO CaseMaster (CaseMasterID, CrimeNo, CaseNo, CrimeRegisteredDate, PolicePersonID, PoliceStationID, CaseCategoryID, GravityOffenceID, CrimeMajorHeadID, CrimeMinorHeadID, CaseStatusID, CourtID, IncidentFromDate, IncidentToDate, InfoReceivedPSDate, latitude, longitude, BriefFacts) VALUES (411, '200080007202300001', '202300001', '2023-08-22', 44, 7, 2, 3, 5, 29, 1, 32, '2023-08-22T21:57:00', '2023-08-22T22:57:00', '2023-08-22T23:57:00', 12.9811701, 77.4993788, 'On 2023-08-22, the complainant Chavvi Gala reported that unknown persons broke into their residence at Swaminathan Zila, Ballari and stole cash amounting to Rs. 5000 and gold ornaments. The accused Lopa Sura was later identified through CCTV footage from a nearby shop.');
INSERT INTO ComplainantDetails (ComplainantID, CaseMasterID, ComplainantName, AgeYear, OccupationID, ReligionID, CasteID, GenderID) VALUES (411, 411, 'Chavvi Gala', 52, 7, 1, 1, 2);
INSERT INTO Victim (VictimMasterID, CaseMasterID, VictimName, AgeYear, GenderID, VictimPolice) VALUES (586, 411, 'Raagini Desai', 66, 1, '0');
INSERT INTO Accused (AccusedMasterID, CaseMasterID, AccusedName, AgeYear, GenderID, PersonID) VALUES (949, 411, 'Lopa Sura', 27, 1, 'A1');
INSERT INTO Accused (AccusedMasterID, CaseMasterID, AccusedName, AgeYear, GenderID, PersonID) VALUES (950, 411, 'Vamakshi Dugar', 38, 1, 'A2');
INSERT INTO Accused (AccusedMasterID, CaseMasterID, AccusedName, AgeYear, GenderID, PersonID) VALUES (951, 411, 'Mahika Lall', 52, 2, 'A3');
INSERT INTO ActSectionAssociation (CaseMasterID, ActID, SectionID, ActOrderID, SectionOrderID) VALUES (411, 'POCSO', '8', 1, 1);
INSERT INTO Inv_OccuranceTime (CaseMasterID, OccuranceFromDate, OccuranceToDate, PlaceOfOccurance, latitude, longitude) VALUES (411, '2023-08-22T21:57:00', '2023-08-22T22:57:00', 'Swaminathan Zila, Ballari', 12.9811701, 77.4993788);

INSERT INTO CaseMaster (CaseMasterID, CrimeNo, CaseNo, CrimeRegisteredDate, PolicePersonID, PoliceStationID, CaseCategoryID, GravityOffenceID, CrimeMajorHeadID, CrimeMinorHeadID, CaseStatusID, CourtID, IncidentFromDate, IncidentToDate, InfoReceivedPSDate, latitude, longitude, BriefFacts) VALUES (412, '800210020202500001', '202500001', '2025-01-06', 10, 20, 8, 1, 7, 38, 2, 29, '2025-01-06T04:14:00', '2025-01-06T06:14:00', '2025-01-06T18:14:00', 15.2640879, 77.9316965, 'A cyber fraud was reported by Ira Mane. The accused posed as a bank official and obtained OTP and banking credentials through a phone call on 2025-01-06. An amount of Rs. 1000000 was fraudulently transferred from the complainant''s account.');
INSERT INTO ComplainantDetails (ComplainantID, CaseMasterID, ComplainantName, AgeYear, OccupationID, ReligionID, CasteID, GenderID) VALUES (412, 412, 'Ira Mane', 40, 16, 2, 4, 1);
INSERT INTO Victim (VictimMasterID, CaseMasterID, VictimName, AgeYear, GenderID, VictimPolice) VALUES (587, 412, 'Darsh Bala', 50, 3, '0');
INSERT INTO Victim (VictimMasterID, CaseMasterID, VictimName, AgeYear, GenderID, VictimPolice) VALUES (588, 412, 'Lajita Chatterjee', 51, 2, '0');
INSERT INTO Accused (AccusedMasterID, CaseMasterID, AccusedName, AgeYear, GenderID, PersonID) VALUES (952, 412, 'Kabir Peri', 27, 2, 'A1');
INSERT INTO ActSectionAssociation (CaseMasterID, ActID, SectionID, ActOrderID, SectionOrderID) VALUES (412, 'IPC', '34', 1, 1);
INSERT INTO ArrestSurrender (ArrestSurrenderID, CaseMasterID, ArrestSurrenderTypeID, ArrestSurrenderDate, ArrestSurrenderStateId, ArrestSurrenderDistrictId, PoliceStationID, IOID, CourtID, AccusedMasterID, IsAccused, IsComplainantAccused) VALUES (305, 412, 1, '2025-01-14', 1, 21, 20, 43, 29, 952, TRUE, FALSE);
INSERT INTO inv_arrestsurrenderaccused (ArrestSurrenderID, AccusedMasterID) VALUES (305, 952);
INSERT INTO Inv_OccuranceTime (CaseMasterID, OccuranceFromDate, OccuranceToDate, PlaceOfOccurance, latitude, longitude) VALUES (412, '2025-01-06T04:14:00', '2025-01-06T06:14:00', 'Bala Path, Koppal', 15.2640879, 77.9316965);
INSERT INTO ChargesheetDetails (CSID, CaseMasterID, csdate, cstype, PolicePersonID) VALUES (110, 412, '2025-06-28', 'A', 48);

INSERT INTO CaseMaster (CaseMasterID, CrimeNo, CaseNo, CrimeRegisteredDate, PolicePersonID, PoliceStationID, CaseCategoryID, GravityOffenceID, CrimeMajorHeadID, CrimeMinorHeadID, CaseStatusID, CourtID, IncidentFromDate, IncidentToDate, InfoReceivedPSDate, latitude, longitude, BriefFacts) VALUES (413, '300220021202400001', '202400001', '2024-10-25', 21, 21, 3, 2, 2, 15, 1, 6, '2024-10-25T23:16:00', '2024-10-26T03:16:00', '2024-10-26T06:16:00', 15.4065912, 75.1433832, 'On 2024-10-25, the complainant Nisha Panchal reported that unknown persons broke into their residence at Mody Zila, Bagalkot and stole cash amounting to Rs. 500000 and gold ornaments. The accused Devika Chad was later identified through CCTV footage from a nearby shop.');
INSERT INTO ComplainantDetails (ComplainantID, CaseMasterID, ComplainantName, AgeYear, OccupationID, ReligionID, CasteID, GenderID) VALUES (413, 413, 'Nisha Panchal', 60, 16, 3, 5, 1);
INSERT INTO Victim (VictimMasterID, CaseMasterID, VictimName, AgeYear, GenderID, VictimPolice) VALUES (589, 413, 'Yash Kota', 61, 1, '0');
INSERT INTO Accused (AccusedMasterID, CaseMasterID, AccusedName, AgeYear, GenderID, PersonID) VALUES (953, 413, 'Devika Chad', 28, 1, 'A1');
INSERT INTO Accused (AccusedMasterID, CaseMasterID, AccusedName, AgeYear, GenderID, PersonID) VALUES (954, 413, 'Geetika Gara', 24, 2, 'A2');
INSERT INTO Accused (AccusedMasterID, CaseMasterID, AccusedName, AgeYear, GenderID, PersonID) VALUES (955, 413, 'Eshana Barad', 22, 2, 'A3');
INSERT INTO Accused (AccusedMasterID, CaseMasterID, AccusedName, AgeYear, GenderID, PersonID) VALUES (956, 413, 'Pahal Varma', 24, 1, 'A4');
INSERT INTO Accused (AccusedMasterID, CaseMasterID, AccusedName, AgeYear, GenderID, PersonID) VALUES (957, 413, 'Amara Bahri', 37, 2, 'A5');
INSERT INTO ActSectionAssociation (CaseMasterID, ActID, SectionID, ActOrderID, SectionOrderID) VALUES (413, 'ITA', '67', 1, 1);
INSERT INTO ActSectionAssociation (CaseMasterID, ActID, SectionID, ActOrderID, SectionOrderID) VALUES (413, 'IPC', '363', 2, 2);
INSERT INTO ActSectionAssociation (CaseMasterID, ActID, SectionID, ActOrderID, SectionOrderID) VALUES (413, 'POCSO', '8', 3, 3);
INSERT INTO ArrestSurrender (ArrestSurrenderID, CaseMasterID, ArrestSurrenderTypeID, ArrestSurrenderDate, ArrestSurrenderStateId, ArrestSurrenderDistrictId, PoliceStationID, IOID, CourtID, AccusedMasterID, IsAccused, IsComplainantAccused) VALUES (306, 413, 1, '2024-10-26', 1, 22, 21, 76, 6, 956, TRUE, FALSE);
INSERT INTO inv_arrestsurrenderaccused (ArrestSurrenderID, AccusedMasterID) VALUES (306, 956);
INSERT INTO ArrestSurrender (ArrestSurrenderID, CaseMasterID, ArrestSurrenderTypeID, ArrestSurrenderDate, ArrestSurrenderStateId, ArrestSurrenderDistrictId, PoliceStationID, IOID, CourtID, AccusedMasterID, IsAccused, IsComplainantAccused) VALUES (307, 413, 1, '2024-12-15', 1, 22, 21, 69, 6, 955, TRUE, FALSE);
INSERT INTO inv_arrestsurrenderaccused (ArrestSurrenderID, AccusedMasterID) VALUES (307, 955);
INSERT INTO Inv_OccuranceTime (CaseMasterID, OccuranceFromDate, OccuranceToDate, PlaceOfOccurance, latitude, longitude) VALUES (413, '2024-10-25T23:16:00', '2024-10-26T03:16:00', 'Mody Zila, Bagalkot', 15.4065912, 75.1433832);

INSERT INTO CaseMaster (CaseMasterID, CrimeNo, CaseNo, CrimeRegisteredDate, PolicePersonID, PoliceStationID, CaseCategoryID, GravityOffenceID, CrimeMajorHeadID, CrimeMinorHeadID, CaseStatusID, CourtID, IncidentFromDate, IncidentToDate, InfoReceivedPSDate, latitude, longitude, BriefFacts) VALUES (414, '400110010202500001', '202500001', '2025-08-14', 31, 10, 4, 2, 1, 2, 4, 28, '2025-08-14T23:01:00', '2025-08-15T03:01:00', '2025-08-15T14:01:00', 15.9409043, 78.3615999, 'A case of cheating was reported by Edhitha Purohit stating that the accused Harish Jha fraudulently obtained Rs. 1000000 by promising a job in a government department. The accused collected money over a period of 5 months and disappeared.');
INSERT INTO ComplainantDetails (ComplainantID, CaseMasterID, ComplainantName, AgeYear, OccupationID, ReligionID, CasteID, GenderID) VALUES (414, 414, 'Edhitha Purohit', 35, 9, 2, 1, 1);
INSERT INTO Victim (VictimMasterID, CaseMasterID, VictimName, AgeYear, GenderID, VictimPolice) VALUES (590, 414, 'Ekantika Chaudhari', 21, 1, '0');
INSERT INTO Victim (VictimMasterID, CaseMasterID, VictimName, AgeYear, GenderID, VictimPolice) VALUES (591, 414, 'Ojas Mistry', 33, 2, '0');
INSERT INTO Accused (AccusedMasterID, CaseMasterID, AccusedName, AgeYear, GenderID, PersonID) VALUES (958, 414, 'Harish Jha', 22, 1, 'A1');
INSERT INTO Accused (AccusedMasterID, CaseMasterID, AccusedName, AgeYear, GenderID, PersonID) VALUES (959, 414, 'Rajata Jaggi', 45, 1, 'A2');
INSERT INTO ActSectionAssociation (CaseMasterID, ActID, SectionID, ActOrderID, SectionOrderID) VALUES (414, 'ITA', '66D', 1, 1);
INSERT INTO ActSectionAssociation (CaseMasterID, ActID, SectionID, ActOrderID, SectionOrderID) VALUES (414, 'IPC', '323', 2, 2);
INSERT INTO ArrestSurrender (ArrestSurrenderID, CaseMasterID, ArrestSurrenderTypeID, ArrestSurrenderDate, ArrestSurrenderStateId, ArrestSurrenderDistrictId, PoliceStationID, IOID, CourtID, AccusedMasterID, IsAccused, IsComplainantAccused) VALUES (308, 414, 2, '2025-08-23', 1, 11, 10, 36, 28, 958, TRUE, FALSE);
INSERT INTO inv_arrestsurrenderaccused (ArrestSurrenderID, AccusedMasterID) VALUES (308, 958);
INSERT INTO ArrestSurrender (ArrestSurrenderID, CaseMasterID, ArrestSurrenderTypeID, ArrestSurrenderDate, ArrestSurrenderStateId, ArrestSurrenderDistrictId, PoliceStationID, IOID, CourtID, AccusedMasterID, IsAccused, IsComplainantAccused) VALUES (309, 414, 2, '2025-10-05', 1, 11, 10, 16, 28, 959, TRUE, FALSE);
INSERT INTO inv_arrestsurrenderaccused (ArrestSurrenderID, AccusedMasterID) VALUES (309, 959);
INSERT INTO Inv_OccuranceTime (CaseMasterID, OccuranceFromDate, OccuranceToDate, PlaceOfOccurance, latitude, longitude) VALUES (414, '2025-08-14T23:01:00', '2025-08-15T03:01:00', 'Taneja Path, Raichur', 15.9409043, 78.3615999);

INSERT INTO CaseMaster (CaseMasterID, CrimeNo, CaseNo, CrimeRegisteredDate, PolicePersonID, PoliceStationID, CaseCategoryID, GravityOffenceID, CrimeMajorHeadID, CrimeMinorHeadID, CaseStatusID, CourtID, IncidentFromDate, IncidentToDate, InfoReceivedPSDate, latitude, longitude, BriefFacts) VALUES (415, '300110010202500001', '202500001', '2025-01-08', 4, 10, 3, 2, 2, 14, 1, 23, '2025-01-08T13:56:00', '2025-01-08T15:56:00', '2025-01-08T17:56:00', 15.4297063, 75.0362381, 'On 2025-01-08, the complainant Tanish Mani reported that unknown persons broke into their residence at Chandran, Raichur and stole cash amounting to Rs. 25000 and gold ornaments. The accused Upkaar Chanda was later identified through CCTV footage from a nearby shop.');
INSERT INTO ComplainantDetails (ComplainantID, CaseMasterID, ComplainantName, AgeYear, OccupationID, ReligionID, CasteID, GenderID) VALUES (415, 415, 'Tanish Mani', 60, 6, 4, 4, 2);
INSERT INTO Victim (VictimMasterID, CaseMasterID, VictimName, AgeYear, GenderID, VictimPolice) VALUES (592, 415, 'Champak Mishra', 38, 1, '0');
INSERT INTO Victim (VictimMasterID, CaseMasterID, VictimName, AgeYear, GenderID, VictimPolice) VALUES (593, 415, 'Anjali Bhavsar', 10, 1, '0');
INSERT INTO Accused (AccusedMasterID, CaseMasterID, AccusedName, AgeYear, GenderID, PersonID) VALUES (960, 415, 'Upkaar Chanda', 53, 2, 'A1');
INSERT INTO Accused (AccusedMasterID, CaseMasterID, AccusedName, AgeYear, GenderID, PersonID) VALUES (961, 415, 'Tanay Toor', 39, 2, 'A2');
INSERT INTO Accused (AccusedMasterID, CaseMasterID, AccusedName, AgeYear, GenderID, PersonID) VALUES (962, 415, 'Shivansh Krish', 31, 2, 'A3');
INSERT INTO Accused (AccusedMasterID, CaseMasterID, AccusedName, AgeYear, GenderID, PersonID) VALUES (963, 415, 'Prisha Kadakia', 34, 2, 'A4');
INSERT INTO ActSectionAssociation (CaseMasterID, ActID, SectionID, ActOrderID, SectionOrderID) VALUES (415, 'NDPS', '20', 1, 1);
INSERT INTO ActSectionAssociation (CaseMasterID, ActID, SectionID, ActOrderID, SectionOrderID) VALUES (415, 'NDPS', '27', 2, 2);
INSERT INTO ArrestSurrender (ArrestSurrenderID, CaseMasterID, ArrestSurrenderTypeID, ArrestSurrenderDate, ArrestSurrenderStateId, ArrestSurrenderDistrictId, PoliceStationID, IOID, CourtID, AccusedMasterID, IsAccused, IsComplainantAccused) VALUES (310, 415, 2, '2025-01-12', 1, 11, 10, 47, 23, 961, TRUE, FALSE);
INSERT INTO inv_arrestsurrenderaccused (ArrestSurrenderID, AccusedMasterID) VALUES (310, 961);
INSERT INTO ArrestSurrender (ArrestSurrenderID, CaseMasterID, ArrestSurrenderTypeID, ArrestSurrenderDate, ArrestSurrenderStateId, ArrestSurrenderDistrictId, PoliceStationID, IOID, CourtID, AccusedMasterID, IsAccused, IsComplainantAccused) VALUES (311, 415, 2, '2025-01-25', 1, 11, 10, 11, 23, 960, TRUE, FALSE);
INSERT INTO inv_arrestsurrenderaccused (ArrestSurrenderID, AccusedMasterID) VALUES (311, 960);
INSERT INTO Inv_OccuranceTime (CaseMasterID, OccuranceFromDate, OccuranceToDate, PlaceOfOccurance, latitude, longitude) VALUES (415, '2025-01-08T13:56:00', '2025-01-08T15:56:00', 'Chandran, Raichur', 15.4297063, 75.0362381);

INSERT INTO CaseMaster (CaseMasterID, CrimeNo, CaseNo, CrimeRegisteredDate, PolicePersonID, PoliceStationID, CaseCategoryID, GravityOffenceID, CrimeMajorHeadID, CrimeMinorHeadID, CaseStatusID, CourtID, IncidentFromDate, IncidentToDate, InfoReceivedPSDate, latitude, longitude, BriefFacts) VALUES (416, '300230022202400001', '202400001', '2024-07-28', 62, 22, 3, 3, 7, 38, 4, 10, '2024-07-28T14:33:00', '2024-07-28T18:33:00', '2024-07-29T01:33:00', 12.9657322, 77.6816302, 'The victim Rachita Zacharia, aged 26, was assaulted by the accused Ryan Sachdeva near Krishnamurthy Marg, Ramanagara on 2024-07-28 at approximately 12:00 PM. The accused used a sharp weapon causing grievous injuries. The victim was rushed to St. John''s Hospital for treatment.');
INSERT INTO ComplainantDetails (ComplainantID, CaseMasterID, ComplainantName, AgeYear, OccupationID, ReligionID, CasteID, GenderID) VALUES (416, 416, 'Chasmum Thaman', 43, 2, 1, 1, 2);
INSERT INTO Victim (VictimMasterID, CaseMasterID, VictimName, AgeYear, GenderID, VictimPolice) VALUES (594, 416, 'Rachita Zacharia', 15, 2, '0');
INSERT INTO Victim (VictimMasterID, CaseMasterID, VictimName, AgeYear, GenderID, VictimPolice) VALUES (595, 416, 'Pranit Bahl', 15, 2, '0');
INSERT INTO Victim (VictimMasterID, CaseMasterID, VictimName, AgeYear, GenderID, VictimPolice) VALUES (596, 416, 'Xalak Kala', 13, 2, '0');
INSERT INTO Accused (AccusedMasterID, CaseMasterID, AccusedName, AgeYear, GenderID, PersonID) VALUES (964, 416, 'Ryan Sachdeva', 44, 1, 'A1');
INSERT INTO Accused (AccusedMasterID, CaseMasterID, AccusedName, AgeYear, GenderID, PersonID) VALUES (965, 416, 'Amrita Walia', 18, 2, 'A2');
INSERT INTO ActSectionAssociation (CaseMasterID, ActID, SectionID, ActOrderID, SectionOrderID) VALUES (416, 'IPC', '120B', 1, 1);
INSERT INTO ActSectionAssociation (CaseMasterID, ActID, SectionID, ActOrderID, SectionOrderID) VALUES (416, 'ITA', '66', 2, 2);
INSERT INTO ActSectionAssociation (CaseMasterID, ActID, SectionID, ActOrderID, SectionOrderID) VALUES (416, 'IPC', '148', 3, 3);
INSERT INTO Inv_OccuranceTime (CaseMasterID, OccuranceFromDate, OccuranceToDate, PlaceOfOccurance, latitude, longitude) VALUES (416, '2024-07-28T14:33:00', '2024-07-28T18:33:00', 'Krishnamurthy Marg, Ramanagara', 12.9657322, 77.6816302);

INSERT INTO CaseMaster (CaseMasterID, CrimeNo, CaseNo, CrimeRegisteredDate, PolicePersonID, PoliceStationID, CaseCategoryID, GravityOffenceID, CrimeMajorHeadID, CrimeMinorHeadID, CaseStatusID, CourtID, IncidentFromDate, IncidentToDate, InfoReceivedPSDate, latitude, longitude, BriefFacts) VALUES (417, '800120011202500001', '202500001', '2025-12-16', 55, 11, 8, 3, 2, 9, 1, 30, '2025-12-16T00:09:00', '2025-12-16T03:09:00', '2025-12-16T12:09:00', 14.3458231, 76.4656217, 'The victim Janya Shere, aged 41, was assaulted by the accused Wridesh Dora near Saran Road, Vijayapura on 2025-12-16 at approximately 5:15 AM. The accused used a sharp weapon causing grievous injuries. The victim was rushed to Victoria Hospital for treatment.');
INSERT INTO ComplainantDetails (ComplainantID, CaseMasterID, ComplainantName, AgeYear, OccupationID, ReligionID, CasteID, GenderID) VALUES (417, 417, 'Darpan Vig', 41, 1, 6, 3, 1);
INSERT INTO Victim (VictimMasterID, CaseMasterID, VictimName, AgeYear, GenderID, VictimPolice) VALUES (597, 417, 'Janya Shere', 17, 1, '0');
INSERT INTO Accused (AccusedMasterID, CaseMasterID, AccusedName, AgeYear, GenderID, PersonID) VALUES (966, 417, 'Wridesh Dora', 43, 2, 'A1');
INSERT INTO ActSectionAssociation (CaseMasterID, ActID, SectionID, ActOrderID, SectionOrderID) VALUES (417, 'IPC', '323', 1, 1);
INSERT INTO ActSectionAssociation (CaseMasterID, ActID, SectionID, ActOrderID, SectionOrderID) VALUES (417, 'POCSO', '4', 2, 2);
INSERT INTO ArrestSurrender (ArrestSurrenderID, CaseMasterID, ArrestSurrenderTypeID, ArrestSurrenderDate, ArrestSurrenderStateId, ArrestSurrenderDistrictId, PoliceStationID, IOID, CourtID, AccusedMasterID, IsAccused, IsComplainantAccused) VALUES (312, 417, 2, '2025-12-22', 1, 12, 11, 55, 30, 966, TRUE, FALSE);
INSERT INTO inv_arrestsurrenderaccused (ArrestSurrenderID, AccusedMasterID) VALUES (312, 966);
INSERT INTO Inv_OccuranceTime (CaseMasterID, OccuranceFromDate, OccuranceToDate, PlaceOfOccurance, latitude, longitude) VALUES (417, '2025-12-16T00:09:00', '2025-12-16T03:09:00', 'Saran Road, Vijayapura', 14.3458231, 76.4656217);

INSERT INTO CaseMaster (CaseMasterID, CrimeNo, CaseNo, CrimeRegisteredDate, PolicePersonID, PoliceStationID, CaseCategoryID, GravityOffenceID, CrimeMajorHeadID, CrimeMinorHeadID, CaseStatusID, CourtID, IncidentFromDate, IncidentToDate, InfoReceivedPSDate, latitude, longitude, BriefFacts) VALUES (418, '200080007202400004', '202400004', '2024-10-05', 67, 7, 2, 2, 2, 9, 1, 9, '2024-10-05T18:08:00', '2024-10-05T19:08:00', '2024-10-06T05:08:00', 13.0078837, 77.5925949, 'A case of cheating was reported by Samar Sachar stating that the accused Bhavini Dyal fraudulently obtained Rs. 5000 by promising a job in a government department. The accused collected money over a period of 5 months and disappeared.');
INSERT INTO ComplainantDetails (ComplainantID, CaseMasterID, ComplainantName, AgeYear, OccupationID, ReligionID, CasteID, GenderID) VALUES (418, 418, 'Samar Sachar', 43, 6, 5, 4, 1);
INSERT INTO Victim (VictimMasterID, CaseMasterID, VictimName, AgeYear, GenderID, VictimPolice) VALUES (598, 418, 'Samar Sachar', 25, 1, '0');
INSERT INTO Victim (VictimMasterID, CaseMasterID, VictimName, AgeYear, GenderID, VictimPolice) VALUES (599, 418, 'William Comar', 37, 2, '0');
INSERT INTO Accused (AccusedMasterID, CaseMasterID, AccusedName, AgeYear, GenderID, PersonID) VALUES (967, 418, 'Bhavini Dyal', 36, 2, 'A1');
INSERT INTO Accused (AccusedMasterID, CaseMasterID, AccusedName, AgeYear, GenderID, PersonID) VALUES (968, 418, 'Abhiram Mistry', 29, 2, 'A2');
INSERT INTO ActSectionAssociation (CaseMasterID, ActID, SectionID, ActOrderID, SectionOrderID) VALUES (418, 'POCSO', '8', 1, 1);
INSERT INTO ActSectionAssociation (CaseMasterID, ActID, SectionID, ActOrderID, SectionOrderID) VALUES (418, 'ITA', '67', 2, 2);
INSERT INTO Inv_OccuranceTime (CaseMasterID, OccuranceFromDate, OccuranceToDate, PlaceOfOccurance, latitude, longitude) VALUES (418, '2024-10-05T18:08:00', '2024-10-05T19:08:00', 'Keer Road, Ballari', 13.0078837, 77.5925949);

INSERT INTO CaseMaster (CaseMasterID, CrimeNo, CaseNo, CrimeRegisteredDate, PolicePersonID, PoliceStationID, CaseCategoryID, GravityOffenceID, CrimeMajorHeadID, CrimeMinorHeadID, CaseStatusID, CourtID, IncidentFromDate, IncidentToDate, InfoReceivedPSDate, latitude, longitude, BriefFacts) VALUES (419, '200100009202300001', '202300001', '2023-12-25', 75, 9, 2, 4, 5, 28, 1, 12, '2023-12-25T11:15:00', '2023-12-25T14:15:00', '2023-12-26T02:15:00', 16.6077775, 76.6250446, 'On 2023-12-25, the complainant Yatan Mukherjee reported that their lorry bearing registration number KA-54-YC-6482 was stolen from Mahajan Street, Shivamogga. The vehicle was parked outside a residential apartment and was found missing when the complainant returned.');
INSERT INTO ComplainantDetails (ComplainantID, CaseMasterID, ComplainantName, AgeYear, OccupationID, ReligionID, CasteID, GenderID) VALUES (419, 419, 'Yatan Mukherjee', 24, 9, 4, 4, 1);
INSERT INTO Victim (VictimMasterID, CaseMasterID, VictimName, AgeYear, GenderID, VictimPolice) VALUES (600, 419, 'Vedika Sarin', 36, 3, '0');
INSERT INTO Accused (AccusedMasterID, CaseMasterID, AccusedName, AgeYear, GenderID, PersonID) VALUES (969, 419, 'Balhaar Jaggi', 44, 2, 'A1');
INSERT INTO Accused (AccusedMasterID, CaseMasterID, AccusedName, AgeYear, GenderID, PersonID) VALUES (970, 419, 'Ayush Kuruvilla', 35, 2, 'A2');
INSERT INTO ActSectionAssociation (CaseMasterID, ActID, SectionID, ActOrderID, SectionOrderID) VALUES (419, 'NDPS', '20', 1, 1);
INSERT INTO ActSectionAssociation (CaseMasterID, ActID, SectionID, ActOrderID, SectionOrderID) VALUES (419, 'ITA', '66D', 2, 2);
INSERT INTO ArrestSurrender (ArrestSurrenderID, CaseMasterID, ArrestSurrenderTypeID, ArrestSurrenderDate, ArrestSurrenderStateId, ArrestSurrenderDistrictId, PoliceStationID, IOID, CourtID, AccusedMasterID, IsAccused, IsComplainantAccused) VALUES (313, 419, 2, '2024-01-21', 1, 10, 9, 30, 12, 970, TRUE, FALSE);
INSERT INTO inv_arrestsurrenderaccused (ArrestSurrenderID, AccusedMasterID) VALUES (313, 970);
INSERT INTO ArrestSurrender (ArrestSurrenderID, CaseMasterID, ArrestSurrenderTypeID, ArrestSurrenderDate, ArrestSurrenderStateId, ArrestSurrenderDistrictId, PoliceStationID, IOID, CourtID, AccusedMasterID, IsAccused, IsComplainantAccused) VALUES (314, 419, 1, '2024-01-15', 1, 10, 9, 72, 12, 969, TRUE, FALSE);
INSERT INTO inv_arrestsurrenderaccused (ArrestSurrenderID, AccusedMasterID) VALUES (314, 969);
INSERT INTO Inv_OccuranceTime (CaseMasterID, OccuranceFromDate, OccuranceToDate, PlaceOfOccurance, latitude, longitude) VALUES (419, '2023-12-25T11:15:00', '2023-12-25T14:15:00', 'Mahajan Street, Shivamogga', 16.6077775, 76.6250446);

INSERT INTO CaseMaster (CaseMasterID, CrimeNo, CaseNo, CrimeRegisteredDate, PolicePersonID, PoliceStationID, CaseCategoryID, GravityOffenceID, CrimeMajorHeadID, CrimeMinorHeadID, CaseStatusID, CourtID, IncidentFromDate, IncidentToDate, InfoReceivedPSDate, latitude, longitude, BriefFacts) VALUES (420, '800240023202500003', '202500003', '2025-11-25', 53, 23, 8, 2, 8, 41, 5, 37, '2025-11-25T06:56:00', '2025-11-25T09:56:00', '2025-11-25T16:56:00', 15.3643252, 75.0950759, 'On 2025-11-25, at about 2:15 AM, the accused Diya Bora along with 4 associates formed an unlawful assembly near Murthy Zila, Chikkaballapura and attacked the complainant Patrick Basak with lethal weapons resulting in injuries.');
INSERT INTO ComplainantDetails (ComplainantID, CaseMasterID, ComplainantName, AgeYear, OccupationID, ReligionID, CasteID, GenderID) VALUES (420, 420, 'Patrick Basak', 62, 1, 4, 1, 2);
INSERT INTO Victim (VictimMasterID, CaseMasterID, VictimName, AgeYear, GenderID, VictimPolice) VALUES (601, 420, 'Anmol Bhakta', 23, 2, '0');
INSERT INTO Victim (VictimMasterID, CaseMasterID, VictimName, AgeYear, GenderID, VictimPolice) VALUES (602, 420, 'Devansh Ray', 35, 3, '0');
INSERT INTO Accused (AccusedMasterID, CaseMasterID, AccusedName, AgeYear, GenderID, PersonID) VALUES (971, 420, 'Diya Bora', 52, 1, 'A1');
INSERT INTO Accused (AccusedMasterID, CaseMasterID, AccusedName, AgeYear, GenderID, PersonID) VALUES (972, 420, 'Gautam Ranganathan', 40, 1, 'A2');
INSERT INTO Accused (AccusedMasterID, CaseMasterID, AccusedName, AgeYear, GenderID, PersonID) VALUES (973, 420, 'Warinder Choudhury', 50, 1, 'A3');
INSERT INTO Accused (AccusedMasterID, CaseMasterID, AccusedName, AgeYear, GenderID, PersonID) VALUES (974, 420, 'Amara Dutta', 50, 1, 'A4');
INSERT INTO ActSectionAssociation (CaseMasterID, ActID, SectionID, ActOrderID, SectionOrderID) VALUES (420, 'ITA', '66', 1, 1);
INSERT INTO ActSectionAssociation (CaseMasterID, ActID, SectionID, ActOrderID, SectionOrderID) VALUES (420, 'IPC', '379', 2, 2);
INSERT INTO ActSectionAssociation (CaseMasterID, ActID, SectionID, ActOrderID, SectionOrderID) VALUES (420, 'IPC', '509', 3, 3);
INSERT INTO Inv_OccuranceTime (CaseMasterID, OccuranceFromDate, OccuranceToDate, PlaceOfOccurance, latitude, longitude) VALUES (420, '2025-11-25T06:56:00', '2025-11-25T09:56:00', 'Murthy Zila, Chikkaballapura', 15.3643252, 75.0950759);

INSERT INTO CaseMaster (CaseMasterID, CrimeNo, CaseNo, CrimeRegisteredDate, PolicePersonID, PoliceStationID, CaseCategoryID, GravityOffenceID, CrimeMajorHeadID, CrimeMinorHeadID, CaseStatusID, CourtID, IncidentFromDate, IncidentToDate, InfoReceivedPSDate, latitude, longitude, BriefFacts) VALUES (421, '400060005202500002', '202500002', '2025-03-30', 49, 5, 4, 1, 5, 31, 3, 1, '2025-03-30T15:35:00', '2025-03-30T15:35:00', '2025-03-30T23:35:00', 13.4170878, 76.7609506, 'The complainant Zayan Taneja reported domestic violence by husband Forum Ramakrishnan and in-laws. The accused demanded additional dowry of Rs. 10000 and subjected the complainant to physical and mental harassment since 2 years.');
INSERT INTO ComplainantDetails (ComplainantID, CaseMasterID, ComplainantName, AgeYear, OccupationID, ReligionID, CasteID, GenderID) VALUES (421, 421, 'Zayan Taneja', 57, 6, 4, 3, 2);
INSERT INTO Victim (VictimMasterID, CaseMasterID, VictimName, AgeYear, GenderID, VictimPolice) VALUES (603, 421, 'Wazir Das', 31, 1, '0');
INSERT INTO Victim (VictimMasterID, CaseMasterID, VictimName, AgeYear, GenderID, VictimPolice) VALUES (604, 421, 'Maanas Chhabra', 63, 1, '0');
INSERT INTO Accused (AccusedMasterID, CaseMasterID, AccusedName, AgeYear, GenderID, PersonID) VALUES (975, 421, 'Forum Ramakrishnan', 55, 2, 'A1');
INSERT INTO Accused (AccusedMasterID, CaseMasterID, AccusedName, AgeYear, GenderID, PersonID) VALUES (976, 421, 'Baghyawati Kade', 54, 2, 'A2');
INSERT INTO ActSectionAssociation (CaseMasterID, ActID, SectionID, ActOrderID, SectionOrderID) VALUES (421, 'IPC', '341', 1, 1);
INSERT INTO ActSectionAssociation (CaseMasterID, ActID, SectionID, ActOrderID, SectionOrderID) VALUES (421, 'IPC', '354', 2, 2);
INSERT INTO ActSectionAssociation (CaseMasterID, ActID, SectionID, ActOrderID, SectionOrderID) VALUES (421, 'ITA', '67', 3, 3);
INSERT INTO Inv_OccuranceTime (CaseMasterID, OccuranceFromDate, OccuranceToDate, PlaceOfOccurance, latitude, longitude) VALUES (421, '2025-03-30T15:35:00', '2025-03-30T15:35:00', 'Sampath Ganj, Belagavi', 13.4170878, 76.7609506);

INSERT INTO CaseMaster (CaseMasterID, CrimeNo, CaseNo, CrimeRegisteredDate, PolicePersonID, PoliceStationID, CaseCategoryID, GravityOffenceID, CrimeMajorHeadID, CrimeMinorHeadID, CaseStatusID, CourtID, IncidentFromDate, IncidentToDate, InfoReceivedPSDate, latitude, longitude, BriefFacts) VALUES (422, '800160015202400002', '202400002', '2024-01-21', 12, 15, 8, 4, 5, 29, 7, 2, '2024-01-21T19:07:00', '2024-01-21T19:07:00', '2024-01-21T20:07:00', 12.8757049, 74.886549, 'The complainant Ria Rege, a shopkeeper at Prasad Circle, Mandya, reported that the accused Hredhaan Dugal along with others robbed the shop at knife-point on 2024-01-21 and fled with cash Rs. 50000 and valuables.');
INSERT INTO ComplainantDetails (ComplainantID, CaseMasterID, ComplainantName, AgeYear, OccupationID, ReligionID, CasteID, GenderID) VALUES (422, 422, 'Ria Rege', 62, 7, 6, 3, 1);
INSERT INTO Victim (VictimMasterID, CaseMasterID, VictimName, AgeYear, GenderID, VictimPolice) VALUES (605, 422, 'Daksh Swaminathan', 74, 3, '0');
INSERT INTO Accused (AccusedMasterID, CaseMasterID, AccusedName, AgeYear, GenderID, PersonID) VALUES (977, 422, 'Hredhaan Dugal', 22, 2, 'A1');
INSERT INTO Accused (AccusedMasterID, CaseMasterID, AccusedName, AgeYear, GenderID, PersonID) VALUES (978, 422, 'Edhitha Sampath', 31, 1, 'A2');
INSERT INTO Accused (AccusedMasterID, CaseMasterID, AccusedName, AgeYear, GenderID, PersonID) VALUES (979, 422, 'Nakul Sarma', 52, 1, 'A3');
INSERT INTO ActSectionAssociation (CaseMasterID, ActID, SectionID, ActOrderID, SectionOrderID) VALUES (422, 'ITA', '66', 1, 1);
INSERT INTO Inv_OccuranceTime (CaseMasterID, OccuranceFromDate, OccuranceToDate, PlaceOfOccurance, latitude, longitude) VALUES (422, '2024-01-21T19:07:00', '2024-01-21T19:07:00', 'Prasad Circle, Mandya', 12.8757049, 74.886549);

INSERT INTO CaseMaster (CaseMasterID, CrimeNo, CaseNo, CrimeRegisteredDate, PolicePersonID, PoliceStationID, CaseCategoryID, GravityOffenceID, CrimeMajorHeadID, CrimeMinorHeadID, CaseStatusID, CourtID, IncidentFromDate, IncidentToDate, InfoReceivedPSDate, latitude, longitude, BriefFacts) VALUES (423, '800220021202400001', '202400001', '2024-12-15', 76, 21, 8, 1, 1, 2, 1, 20, '2024-12-15T01:09:00', '2024-12-15T05:09:00', '2024-12-15T13:09:00', 17.9589061, 78.0213442, 'A cyber fraud was reported by Arunima Dhillon. The accused posed as a bank official and obtained OTP and banking credentials through a phone call on 2024-12-15. An amount of Rs. 10000 was fraudulently transferred from the complainant''s account.');
INSERT INTO ComplainantDetails (ComplainantID, CaseMasterID, ComplainantName, AgeYear, OccupationID, ReligionID, CasteID, GenderID) VALUES (423, 423, 'Arunima Dhillon', 29, 2, 2, 3, 1);
INSERT INTO Victim (VictimMasterID, CaseMasterID, VictimName, AgeYear, GenderID, VictimPolice) VALUES (606, 423, 'Vaishnavi Pillai', 12, 3, '0');
INSERT INTO Accused (AccusedMasterID, CaseMasterID, AccusedName, AgeYear, GenderID, PersonID) VALUES (980, 423, 'Ansh Banerjee', 24, 2, 'A1');
INSERT INTO Accused (AccusedMasterID, CaseMasterID, AccusedName, AgeYear, GenderID, PersonID) VALUES (981, 423, 'Leena More', 55, 1, 'A2');
INSERT INTO Accused (AccusedMasterID, CaseMasterID, AccusedName, AgeYear, GenderID, PersonID) VALUES (982, 423, 'Jairaj Warrior', 52, 2, 'A3');
INSERT INTO Accused (AccusedMasterID, CaseMasterID, AccusedName, AgeYear, GenderID, PersonID) VALUES (983, 423, 'Krish Lalla', 48, 1, 'A4');
INSERT INTO Accused (AccusedMasterID, CaseMasterID, AccusedName, AgeYear, GenderID, PersonID) VALUES (984, 423, 'Saanvi Rama', 23, 2, 'A5');
INSERT INTO ActSectionAssociation (CaseMasterID, ActID, SectionID, ActOrderID, SectionOrderID) VALUES (423, 'NDPS', '20', 1, 1);
INSERT INTO Inv_OccuranceTime (CaseMasterID, OccuranceFromDate, OccuranceToDate, PlaceOfOccurance, latitude, longitude) VALUES (423, '2024-12-15T01:09:00', '2024-12-15T05:09:00', 'Khatri Nagar, Bagalkot', 17.9589061, 78.0213442);

INSERT INTO CaseMaster (CaseMasterID, CrimeNo, CaseNo, CrimeRegisteredDate, PolicePersonID, PoliceStationID, CaseCategoryID, GravityOffenceID, CrimeMajorHeadID, CrimeMinorHeadID, CaseStatusID, CourtID, IncidentFromDate, IncidentToDate, InfoReceivedPSDate, latitude, longitude, BriefFacts) VALUES (424, '100200019202300001', '202300001', '2023-07-22', 40, 19, 1, 1, 2, 9, 1, 30, '2023-07-22T16:35:00', '2023-07-22T16:35:00', '2023-07-22T20:35:00', 11.5301567, 78.3679225, 'The deceased Aadhya Mitra, aged 58, was found dead under suspicious circumstances at Keer Zila, Haveri on 2023-07-22. The investigation revealed that the accused Adweta Edwin, who is a relative of the deceased, had a dispute over property worth Rs. 1000000.');
INSERT INTO ComplainantDetails (ComplainantID, CaseMasterID, ComplainantName, AgeYear, OccupationID, ReligionID, CasteID, GenderID) VALUES (424, 424, 'Aadhya Mitra', 55, 3, 1, 4, 2);
INSERT INTO Victim (VictimMasterID, CaseMasterID, VictimName, AgeYear, GenderID, VictimPolice) VALUES (607, 424, 'Aadhya Mitra', 19, 3, '0');
INSERT INTO Accused (AccusedMasterID, CaseMasterID, AccusedName, AgeYear, GenderID, PersonID) VALUES (985, 424, 'Adweta Edwin', 54, 2, 'A1');
INSERT INTO ActSectionAssociation (CaseMasterID, ActID, SectionID, ActOrderID, SectionOrderID) VALUES (424, 'NDPS', '27', 1, 1);
INSERT INTO ArrestSurrender (ArrestSurrenderID, CaseMasterID, ArrestSurrenderTypeID, ArrestSurrenderDate, ArrestSurrenderStateId, ArrestSurrenderDistrictId, PoliceStationID, IOID, CourtID, AccusedMasterID, IsAccused, IsComplainantAccused) VALUES (315, 424, 1, '2023-09-16', 1, 20, 19, 10, 30, 985, TRUE, FALSE);
INSERT INTO inv_arrestsurrenderaccused (ArrestSurrenderID, AccusedMasterID) VALUES (315, 985);
INSERT INTO Inv_OccuranceTime (CaseMasterID, OccuranceFromDate, OccuranceToDate, PlaceOfOccurance, latitude, longitude) VALUES (424, '2023-07-22T16:35:00', '2023-07-22T16:35:00', 'Keer Zila, Haveri', 11.5301567, 78.3679225);

INSERT INTO CaseMaster (CaseMasterID, CrimeNo, CaseNo, CrimeRegisteredDate, PolicePersonID, PoliceStationID, CaseCategoryID, GravityOffenceID, CrimeMajorHeadID, CrimeMinorHeadID, CaseStatusID, CourtID, IncidentFromDate, IncidentToDate, InfoReceivedPSDate, latitude, longitude, BriefFacts) VALUES (425, '200040003202400003', '202400003', '2024-06-03', 43, 3, 2, 2, 3, 22, 1, 39, '2024-06-03T02:26:00', '2024-06-03T06:26:00', '2024-06-03T10:26:00', 18.2606823, 74.8349575, 'On 2024-06-03, at about 11:45 AM, the accused Vyanjana Sinha along with 6 associates formed an unlawful assembly near Natarajan Marg, Mangaluru (DK) and attacked the complainant Reva Nadig with lethal weapons resulting in injuries.');
INSERT INTO ComplainantDetails (ComplainantID, CaseMasterID, ComplainantName, AgeYear, OccupationID, ReligionID, CasteID, GenderID) VALUES (425, 425, 'Reva Nadig', 53, 12, 4, 4, 2);
INSERT INTO Victim (VictimMasterID, CaseMasterID, VictimName, AgeYear, GenderID, VictimPolice) VALUES (608, 425, 'Bahadurjit Mahal', 33, 1, '1');
INSERT INTO Accused (AccusedMasterID, CaseMasterID, AccusedName, AgeYear, GenderID, PersonID) VALUES (986, 425, 'Vyanjana Sinha', 39, 2, 'A1');
INSERT INTO ActSectionAssociation (CaseMasterID, ActID, SectionID, ActOrderID, SectionOrderID) VALUES (425, 'POCSO', '8', 1, 1);
INSERT INTO ActSectionAssociation (CaseMasterID, ActID, SectionID, ActOrderID, SectionOrderID) VALUES (425, 'ITA', '66C', 2, 2);
INSERT INTO ArrestSurrender (ArrestSurrenderID, CaseMasterID, ArrestSurrenderTypeID, ArrestSurrenderDate, ArrestSurrenderStateId, ArrestSurrenderDistrictId, PoliceStationID, IOID, CourtID, AccusedMasterID, IsAccused, IsComplainantAccused) VALUES (316, 425, 1, '2024-07-27', 1, 4, 3, 58, 39, 986, TRUE, FALSE);
INSERT INTO inv_arrestsurrenderaccused (ArrestSurrenderID, AccusedMasterID) VALUES (316, 986);
INSERT INTO Inv_OccuranceTime (CaseMasterID, OccuranceFromDate, OccuranceToDate, PlaceOfOccurance, latitude, longitude) VALUES (425, '2024-06-03T02:26:00', '2024-06-03T06:26:00', 'Natarajan Marg, Mangaluru (DK)', 18.2606823, 74.8349575);

INSERT INTO CaseMaster (CaseMasterID, CrimeNo, CaseNo, CrimeRegisteredDate, PolicePersonID, PoliceStationID, CaseCategoryID, GravityOffenceID, CrimeMajorHeadID, CrimeMinorHeadID, CaseStatusID, CourtID, IncidentFromDate, IncidentToDate, InfoReceivedPSDate, latitude, longitude, BriefFacts) VALUES (426, '100160015202500003', '202500003', '2025-09-07', 20, 15, 1, 4, 4, 26, 1, 42, '2025-09-07T00:30:00', '2025-09-07T00:30:00', '2025-09-07T10:30:00', 15.4131704, 75.1319552, 'The complainant Naveen Lal reported domestic violence by husband Indira Salvi and in-laws. The accused demanded additional dowry of Rs. 500000 and subjected the complainant to physical and mental harassment since 1 years.');
INSERT INTO ComplainantDetails (ComplainantID, CaseMasterID, ComplainantName, AgeYear, OccupationID, ReligionID, CasteID, GenderID) VALUES (426, 426, 'Naveen Lal', 46, 2, 6, 3, 1);
INSERT INTO Victim (VictimMasterID, CaseMasterID, VictimName, AgeYear, GenderID, VictimPolice) VALUES (609, 426, 'Naveen Lal', 73, 1, '1');
INSERT INTO Accused (AccusedMasterID, CaseMasterID, AccusedName, AgeYear, GenderID, PersonID) VALUES (987, 426, 'Indira Salvi', 30, 1, 'A1');
INSERT INTO Accused (AccusedMasterID, CaseMasterID, AccusedName, AgeYear, GenderID, PersonID) VALUES (988, 426, 'Gaurangi Sabharwal', 28, 1, 'A2');
INSERT INTO ActSectionAssociation (CaseMasterID, ActID, SectionID, ActOrderID, SectionOrderID) VALUES (426, 'NDPS', '27', 1, 1);
INSERT INTO ArrestSurrender (ArrestSurrenderID, CaseMasterID, ArrestSurrenderTypeID, ArrestSurrenderDate, ArrestSurrenderStateId, ArrestSurrenderDistrictId, PoliceStationID, IOID, CourtID, AccusedMasterID, IsAccused, IsComplainantAccused) VALUES (317, 426, 1, '2025-09-25', 1, 16, 15, 69, 42, 987, TRUE, FALSE);
INSERT INTO inv_arrestsurrenderaccused (ArrestSurrenderID, AccusedMasterID) VALUES (317, 987);
INSERT INTO Inv_OccuranceTime (CaseMasterID, OccuranceFromDate, OccuranceToDate, PlaceOfOccurance, latitude, longitude) VALUES (426, '2025-09-07T00:30:00', '2025-09-07T00:30:00', 'Narain, Mandya', 15.4131704, 75.1319552);

INSERT INTO CaseMaster (CaseMasterID, CrimeNo, CaseNo, CrimeRegisteredDate, PolicePersonID, PoliceStationID, CaseCategoryID, GravityOffenceID, CrimeMajorHeadID, CrimeMinorHeadID, CaseStatusID, CourtID, IncidentFromDate, IncidentToDate, InfoReceivedPSDate, latitude, longitude, BriefFacts) VALUES (427, '300170016202400001', '202400001', '2024-11-21', 42, 16, 3, 2, 6, 34, 1, 39, '2024-11-21T01:46:00', '2024-11-21T05:46:00', '2024-11-21T09:46:00', 15.4038181, 75.13196, 'On 2024-11-21, the complainant Charles Gour reported that their car bearing registration number KA-21-YO-3385 was stolen from Butala Path, Kodagu. The vehicle was parked outside a residential apartment and was found missing when the complainant returned.');
INSERT INTO ComplainantDetails (ComplainantID, CaseMasterID, ComplainantName, AgeYear, OccupationID, ReligionID, CasteID, GenderID) VALUES (427, 427, 'Charles Gour', 47, 10, 1, 3, 2);
INSERT INTO Victim (VictimMasterID, CaseMasterID, VictimName, AgeYear, GenderID, VictimPolice) VALUES (610, 427, 'Laban Aggarwal', 10, 3, '0');
INSERT INTO Accused (AccusedMasterID, CaseMasterID, AccusedName, AgeYear, GenderID, PersonID) VALUES (989, 427, 'Ryan Mody', 19, 1, 'A1');
INSERT INTO Accused (AccusedMasterID, CaseMasterID, AccusedName, AgeYear, GenderID, PersonID) VALUES (990, 427, 'Nakul Krish', 19, 1, 'A2');
INSERT INTO ActSectionAssociation (CaseMasterID, ActID, SectionID, ActOrderID, SectionOrderID) VALUES (427, 'POCSO', '4', 1, 1);
INSERT INTO Inv_OccuranceTime (CaseMasterID, OccuranceFromDate, OccuranceToDate, PlaceOfOccurance, latitude, longitude) VALUES (427, '2024-11-21T01:46:00', '2024-11-21T05:46:00', 'Butala Path, Kodagu', 15.4038181, 75.13196);

INSERT INTO CaseMaster (CaseMasterID, CrimeNo, CaseNo, CrimeRegisteredDate, PolicePersonID, PoliceStationID, CaseCategoryID, GravityOffenceID, CrimeMajorHeadID, CrimeMinorHeadID, CaseStatusID, CourtID, IncidentFromDate, IncidentToDate, InfoReceivedPSDate, latitude, longitude, BriefFacts) VALUES (428, '300090008202500004', '202500004', '2025-01-29', 39, 8, 3, 1, 7, 40, 1, 9, '2025-01-29T20:16:00', '2025-01-29T22:16:00', '2025-01-30T05:16:00', 15.0737702, 78.0787556, 'The complainant Nirja Nagarajan reported domestic violence by husband Oscar Narang and in-laws. The accused demanded additional dowry of Rs. 25000 and subjected the complainant to physical and mental harassment since 2 years.');
INSERT INTO ComplainantDetails (ComplainantID, CaseMasterID, ComplainantName, AgeYear, OccupationID, ReligionID, CasteID, GenderID) VALUES (428, 428, 'Nirja Nagarajan', 21, 8, 4, 5, 1);
INSERT INTO Victim (VictimMasterID, CaseMasterID, VictimName, AgeYear, GenderID, VictimPolice) VALUES (611, 428, 'Vanya Deol', 17, 1, '0');
INSERT INTO Accused (AccusedMasterID, CaseMasterID, AccusedName, AgeYear, GenderID, PersonID) VALUES (991, 428, 'Oscar Narang', 46, 2, 'A1');
INSERT INTO Accused (AccusedMasterID, CaseMasterID, AccusedName, AgeYear, GenderID, PersonID) VALUES (992, 428, 'Oeshi Pillai', 33, 2, 'A2');
INSERT INTO ActSectionAssociation (CaseMasterID, ActID, SectionID, ActOrderID, SectionOrderID) VALUES (428, 'IPC', '397', 1, 1);
INSERT INTO ActSectionAssociation (CaseMasterID, ActID, SectionID, ActOrderID, SectionOrderID) VALUES (428, 'POCSO', '8', 2, 2);
INSERT INTO ActSectionAssociation (CaseMasterID, ActID, SectionID, ActOrderID, SectionOrderID) VALUES (428, 'POCSO', '6', 3, 3);
INSERT INTO Inv_OccuranceTime (CaseMasterID, OccuranceFromDate, OccuranceToDate, PlaceOfOccurance, latitude, longitude) VALUES (428, '2025-01-29T20:16:00', '2025-01-29T22:16:00', 'Issac Road, Tumakuru', 15.0737702, 78.0787556);

INSERT INTO CaseMaster (CaseMasterID, CrimeNo, CaseNo, CrimeRegisteredDate, PolicePersonID, PoliceStationID, CaseCategoryID, GravityOffenceID, CrimeMajorHeadID, CrimeMinorHeadID, CaseStatusID, CourtID, IncidentFromDate, IncidentToDate, InfoReceivedPSDate, latitude, longitude, BriefFacts) VALUES (429, '300200019202400007', '202400007', '2024-01-29', 74, 19, 3, 3, 1, 2, 2, 18, '2024-01-29T13:36:00', '2024-01-29T13:36:00', '2024-01-30T00:36:00', 13.0058588, 77.5359298, 'On 2024-01-29, the Anti-Narcotics squad conducted a raid at Issac Chowk, Haveri and seized 500 grams of ganja from the possession of the accused Veer Chakraborty. The accused was found to be part of a supply chain operating across Mysuru and Davanagere.');
INSERT INTO ComplainantDetails (ComplainantID, CaseMasterID, ComplainantName, AgeYear, OccupationID, ReligionID, CasteID, GenderID) VALUES (429, 429, 'Udarsh Bail', 40, 5, 4, 4, 1);
INSERT INTO Victim (VictimMasterID, CaseMasterID, VictimName, AgeYear, GenderID, VictimPolice) VALUES (612, 429, 'Udarsh Bail', 58, 3, '0');
INSERT INTO Victim (VictimMasterID, CaseMasterID, VictimName, AgeYear, GenderID, VictimPolice) VALUES (613, 429, 'Om Bawa', 43, 3, '0');
INSERT INTO Victim (VictimMasterID, CaseMasterID, VictimName, AgeYear, GenderID, VictimPolice) VALUES (614, 429, 'Pushti Lad', 12, 1, '0');
INSERT INTO Accused (AccusedMasterID, CaseMasterID, AccusedName, AgeYear, GenderID, PersonID) VALUES (993, 429, 'Veer Chakraborty', 50, 2, 'A1');
INSERT INTO Accused (AccusedMasterID, CaseMasterID, AccusedName, AgeYear, GenderID, PersonID) VALUES (994, 429, 'Gaurav Pillai', 43, 1, 'A2');
INSERT INTO ActSectionAssociation (CaseMasterID, ActID, SectionID, ActOrderID, SectionOrderID) VALUES (429, 'ITA', '66D', 1, 1);
INSERT INTO ActSectionAssociation (CaseMasterID, ActID, SectionID, ActOrderID, SectionOrderID) VALUES (429, 'POCSO', '6', 2, 2);
INSERT INTO ActSectionAssociation (CaseMasterID, ActID, SectionID, ActOrderID, SectionOrderID) VALUES (429, 'ITA', '67', 3, 3);
INSERT INTO Inv_OccuranceTime (CaseMasterID, OccuranceFromDate, OccuranceToDate, PlaceOfOccurance, latitude, longitude) VALUES (429, '2024-01-29T13:36:00', '2024-01-29T13:36:00', 'Issac Chowk, Haveri', 13.0058588, 77.5359298);
INSERT INTO ChargesheetDetails (CSID, CaseMasterID, csdate, cstype, PolicePersonID) VALUES (111, 429, '2024-04-14', 'A', 42);

INSERT INTO CaseMaster (CaseMasterID, CrimeNo, CaseNo, CrimeRegisteredDate, PolicePersonID, PoliceStationID, CaseCategoryID, GravityOffenceID, CrimeMajorHeadID, CrimeMinorHeadID, CaseStatusID, CourtID, IncidentFromDate, IncidentToDate, InfoReceivedPSDate, latitude, longitude, BriefFacts) VALUES (430, '100190018202400001', '202400001', '2024-01-16', 37, 18, 1, 2, 2, 16, 3, 17, '2024-01-16T08:05:00', '2024-01-16T11:05:00', '2024-01-16T22:05:00', 15.2796362, 75.1174216, 'On 2024-01-16, at about 7:00 PM, the accused Krish Lalla along with 6 associates formed an unlawful assembly near Setty Marg, Gadag and attacked the complainant Akshay Vora with lethal weapons resulting in injuries.');
INSERT INTO ComplainantDetails (ComplainantID, CaseMasterID, ComplainantName, AgeYear, OccupationID, ReligionID, CasteID, GenderID) VALUES (430, 430, 'Akshay Vora', 37, 6, 3, 4, 1);
INSERT INTO Victim (VictimMasterID, CaseMasterID, VictimName, AgeYear, GenderID, VictimPolice) VALUES (615, 430, 'Akshay Vora', 32, 1, '0');
INSERT INTO Accused (AccusedMasterID, CaseMasterID, AccusedName, AgeYear, GenderID, PersonID) VALUES (995, 430, 'Krish Lalla', 39, 2, 'A1');
INSERT INTO Accused (AccusedMasterID, CaseMasterID, AccusedName, AgeYear, GenderID, PersonID) VALUES (996, 430, 'Jagat Kapur', 32, 1, 'A2');
INSERT INTO ActSectionAssociation (CaseMasterID, ActID, SectionID, ActOrderID, SectionOrderID) VALUES (430, 'NDPS', '27', 1, 1);
INSERT INTO ActSectionAssociation (CaseMasterID, ActID, SectionID, ActOrderID, SectionOrderID) VALUES (430, 'ITA', '66C', 2, 2);
INSERT INTO ArrestSurrender (ArrestSurrenderID, CaseMasterID, ArrestSurrenderTypeID, ArrestSurrenderDate, ArrestSurrenderStateId, ArrestSurrenderDistrictId, PoliceStationID, IOID, CourtID, AccusedMasterID, IsAccused, IsComplainantAccused) VALUES (318, 430, 2, '2024-02-23', 1, 19, 18, 51, 17, 995, TRUE, FALSE);
INSERT INTO inv_arrestsurrenderaccused (ArrestSurrenderID, AccusedMasterID) VALUES (318, 995);
INSERT INTO Inv_OccuranceTime (CaseMasterID, OccuranceFromDate, OccuranceToDate, PlaceOfOccurance, latitude, longitude) VALUES (430, '2024-01-16T08:05:00', '2024-01-16T11:05:00', 'Setty Marg, Gadag', 15.2796362, 75.1174216);

INSERT INTO CaseMaster (CaseMasterID, CrimeNo, CaseNo, CrimeRegisteredDate, PolicePersonID, PoliceStationID, CaseCategoryID, GravityOffenceID, CrimeMajorHeadID, CrimeMinorHeadID, CaseStatusID, CourtID, IncidentFromDate, IncidentToDate, InfoReceivedPSDate, latitude, longitude, BriefFacts) VALUES (431, '200300029202500002', '202500002', '2025-09-03', 80, 29, 2, 1, 5, 29, 1, 32, '2025-09-03T00:19:00', '2025-09-03T00:19:00', '2025-09-03T06:19:00', 12.2198315, 76.5840313, 'A case of cheating was reported by Amaira Mani stating that the accused Samuel Kale fraudulently obtained Rs. 500000 by promising a job in a government department. The accused collected money over a period of 8 months and disappeared.');
INSERT INTO ComplainantDetails (ComplainantID, CaseMasterID, ComplainantName, AgeYear, OccupationID, ReligionID, CasteID, GenderID) VALUES (431, 431, 'Amaira Mani', 57, 6, 5, 1, 2);
INSERT INTO Victim (VictimMasterID, CaseMasterID, VictimName, AgeYear, GenderID, VictimPolice) VALUES (616, 431, 'Lavanya De', 50, 1, '0');
INSERT INTO Accused (AccusedMasterID, CaseMasterID, AccusedName, AgeYear, GenderID, PersonID) VALUES (997, 431, 'Samuel Kale', 24, 1, 'A1');
INSERT INTO ActSectionAssociation (CaseMasterID, ActID, SectionID, ActOrderID, SectionOrderID) VALUES (431, 'NDPS', '27', 1, 1);
INSERT INTO ArrestSurrender (ArrestSurrenderID, CaseMasterID, ArrestSurrenderTypeID, ArrestSurrenderDate, ArrestSurrenderStateId, ArrestSurrenderDistrictId, PoliceStationID, IOID, CourtID, AccusedMasterID, IsAccused, IsComplainantAccused) VALUES (319, 431, 2, '2025-10-04', 1, 30, 29, 11, 32, 997, TRUE, FALSE);
INSERT INTO inv_arrestsurrenderaccused (ArrestSurrenderID, AccusedMasterID) VALUES (319, 997);
INSERT INTO Inv_OccuranceTime (CaseMasterID, OccuranceFromDate, OccuranceToDate, PlaceOfOccurance, latitude, longitude) VALUES (431, '2025-09-03T00:19:00', '2025-09-03T00:19:00', 'Gulati Road, Bidar', 12.2198315, 76.5840313);

INSERT INTO CaseMaster (CaseMasterID, CrimeNo, CaseNo, CrimeRegisteredDate, PolicePersonID, PoliceStationID, CaseCategoryID, GravityOffenceID, CrimeMajorHeadID, CrimeMinorHeadID, CaseStatusID, CourtID, IncidentFromDate, IncidentToDate, InfoReceivedPSDate, latitude, longitude, BriefFacts) VALUES (432, '800030002202400002', '202400002', '2024-10-14', 1, 2, 8, 1, 8, 42, 1, 38, '2024-10-14T05:53:00', '2024-10-14T07:53:00', '2024-10-14T13:53:00', 14.5120084, 75.6955229, 'The deceased Adweta Keer, aged 22, was found dead under suspicious circumstances at Shanker, Mysuru on 2024-10-14. The investigation revealed that the accused Yuvraj Pingle, who is a relative of the deceased, had a dispute over property worth Rs. 100000.');
INSERT INTO ComplainantDetails (ComplainantID, CaseMasterID, ComplainantName, AgeYear, OccupationID, ReligionID, CasteID, GenderID) VALUES (432, 432, 'Madhav Balakrishnan', 34, 3, 4, 4, 2);
INSERT INTO Victim (VictimMasterID, CaseMasterID, VictimName, AgeYear, GenderID, VictimPolice) VALUES (617, 432, 'Adweta Keer', 73, 1, '0');
INSERT INTO Victim (VictimMasterID, CaseMasterID, VictimName, AgeYear, GenderID, VictimPolice) VALUES (618, 432, 'Advaith Singh', 53, 2, '0');
INSERT INTO Victim (VictimMasterID, CaseMasterID, VictimName, AgeYear, GenderID, VictimPolice) VALUES (619, 432, 'Ekiya Rao', 41, 1, '0');
INSERT INTO Accused (AccusedMasterID, CaseMasterID, AccusedName, AgeYear, GenderID, PersonID) VALUES (998, 432, 'Yuvraj Pingle', 25, 2, 'A1');
INSERT INTO Accused (AccusedMasterID, CaseMasterID, AccusedName, AgeYear, GenderID, PersonID) VALUES (999, 432, 'Leela Sampath', 40, 1, 'A2');
INSERT INTO Accused (AccusedMasterID, CaseMasterID, AccusedName, AgeYear, GenderID, PersonID) VALUES (1000, 432, 'Elijah Chandran', 24, 1, 'A3');
INSERT INTO ActSectionAssociation (CaseMasterID, ActID, SectionID, ActOrderID, SectionOrderID) VALUES (432, 'ITA', '67', 1, 1);
INSERT INTO ActSectionAssociation (CaseMasterID, ActID, SectionID, ActOrderID, SectionOrderID) VALUES (432, 'ITA', '66D', 3, 3);
INSERT INTO ArrestSurrender (ArrestSurrenderID, CaseMasterID, ArrestSurrenderTypeID, ArrestSurrenderDate, ArrestSurrenderStateId, ArrestSurrenderDistrictId, PoliceStationID, IOID, CourtID, AccusedMasterID, IsAccused, IsComplainantAccused) VALUES (320, 432, 2, '2024-11-13', 1, 3, 2, 9, 38, 1000, TRUE, FALSE);
INSERT INTO inv_arrestsurrenderaccused (ArrestSurrenderID, AccusedMasterID) VALUES (320, 1000);
INSERT INTO Inv_OccuranceTime (CaseMasterID, OccuranceFromDate, OccuranceToDate, PlaceOfOccurance, latitude, longitude) VALUES (432, '2024-10-14T05:53:00', '2024-10-14T07:53:00', 'Shanker, Mysuru', 14.5120084, 75.6955229);

INSERT INTO CaseMaster (CaseMasterID, CrimeNo, CaseNo, CrimeRegisteredDate, PolicePersonID, PoliceStationID, CaseCategoryID, GravityOffenceID, CrimeMajorHeadID, CrimeMinorHeadID, CaseStatusID, CourtID, IncidentFromDate, IncidentToDate, InfoReceivedPSDate, latitude, longitude, BriefFacts) VALUES (433, '200020001202500002', '202500002', '2025-03-15', 74, 1, 2, 2, 6, 36, 1, 42, '2025-03-15T23:39:00', '2025-03-15T23:39:00', '2025-03-16T01:39:00', 12.9378168, 74.8674281, 'A cyber fraud was reported by Gaurangi Keer. The accused posed as a bank official and obtained OTP and banking credentials through a phone call on 2025-03-15. An amount of Rs. 1000000 was fraudulently transferred from the complainant''s account.');
INSERT INTO ComplainantDetails (ComplainantID, CaseMasterID, ComplainantName, AgeYear, OccupationID, ReligionID, CasteID, GenderID) VALUES (433, 433, 'Gaurangi Keer', 28, 13, 7, 5, 2);
INSERT INTO Victim (VictimMasterID, CaseMasterID, VictimName, AgeYear, GenderID, VictimPolice) VALUES (620, 433, 'Gaurangi Keer', 52, 2, '0');
INSERT INTO Accused (AccusedMasterID, CaseMasterID, AccusedName, AgeYear, GenderID, PersonID) VALUES (1001, 433, 'Diya Bora', 23, 2, 'A1');
INSERT INTO Accused (AccusedMasterID, CaseMasterID, AccusedName, AgeYear, GenderID, PersonID) VALUES (1002, 433, 'Abdul Kulkarni', 37, 1, 'A2');
INSERT INTO ActSectionAssociation (CaseMasterID, ActID, SectionID, ActOrderID, SectionOrderID) VALUES (433, 'IPC', '302', 1, 1);
INSERT INTO Inv_OccuranceTime (CaseMasterID, OccuranceFromDate, OccuranceToDate, PlaceOfOccurance, latitude, longitude) VALUES (433, '2025-03-15T23:39:00', '2025-03-15T23:39:00', 'Pandya Chowk, Bengaluru Rural', 12.9378168, 74.8674281);

INSERT INTO CaseMaster (CaseMasterID, CrimeNo, CaseNo, CrimeRegisteredDate, PolicePersonID, PoliceStationID, CaseCategoryID, GravityOffenceID, CrimeMajorHeadID, CrimeMinorHeadID, CaseStatusID, CourtID, IncidentFromDate, IncidentToDate, InfoReceivedPSDate, latitude, longitude, BriefFacts) VALUES (434, '200160015202500004', '202500004', '2025-01-16', 44, 15, 2, 2, 6, 37, 3, 37, '2025-01-16T22:04:00', '2025-01-16T23:04:00', '2025-01-17T01:04:00', 12.5395186, 75.0948037, 'On 2025-01-16, the Anti-Narcotics squad conducted a raid at Gola, Mandya and seized 1000 grams of ganja from the possession of the accused Kevin Barman. The accused was found to be part of a supply chain operating across Uttara Kannada and Raichur.');
INSERT INTO ComplainantDetails (ComplainantID, CaseMasterID, ComplainantName, AgeYear, OccupationID, ReligionID, CasteID, GenderID) VALUES (434, 434, 'Chasmum Rana', 33, 5, 1, 1, 1);
INSERT INTO Victim (VictimMasterID, CaseMasterID, VictimName, AgeYear, GenderID, VictimPolice) VALUES (621, 434, 'Chasmum Rana', 8, 2, '0');
INSERT INTO Victim (VictimMasterID, CaseMasterID, VictimName, AgeYear, GenderID, VictimPolice) VALUES (622, 434, 'Omkaar Thakur', 25, 3, '0');
INSERT INTO Accused (AccusedMasterID, CaseMasterID, AccusedName, AgeYear, GenderID, PersonID) VALUES (1003, 434, 'Kevin Barman', 45, 2, 'A1');
INSERT INTO ActSectionAssociation (CaseMasterID, ActID, SectionID, ActOrderID, SectionOrderID) VALUES (434, 'POCSO', '4', 1, 1);
INSERT INTO Inv_OccuranceTime (CaseMasterID, OccuranceFromDate, OccuranceToDate, PlaceOfOccurance, latitude, longitude) VALUES (434, '2025-01-16T22:04:00', '2025-01-16T23:04:00', 'Gola, Mandya', 12.5395186, 75.0948037);

INSERT INTO CaseMaster (CaseMasterID, CrimeNo, CaseNo, CrimeRegisteredDate, PolicePersonID, PoliceStationID, CaseCategoryID, GravityOffenceID, CrimeMajorHeadID, CrimeMinorHeadID, CaseStatusID, CourtID, IncidentFromDate, IncidentToDate, InfoReceivedPSDate, latitude, longitude, BriefFacts) VALUES (435, '400070006202500002', '202500002', '2025-01-04', 36, 6, 4, 3, 4, 23, 1, 16, '2025-01-04T12:39:00', '2025-01-04T15:39:00', '2025-01-04T21:39:00', 15.3444208, 75.085617, 'The complainant Upadhriti Deo reported domestic violence by husband Edhitha Wali and in-laws. The accused demanded additional dowry of Rs. 100000 and subjected the complainant to physical and mental harassment since 1 years.');
INSERT INTO ComplainantDetails (ComplainantID, CaseMasterID, ComplainantName, AgeYear, OccupationID, ReligionID, CasteID, GenderID) VALUES (435, 435, 'Upadhriti Deo', 40, 13, 5, 3, 1);
INSERT INTO Victim (VictimMasterID, CaseMasterID, VictimName, AgeYear, GenderID, VictimPolice) VALUES (623, 435, 'Upadhriti Deo', 11, 2, '0');
INSERT INTO Accused (AccusedMasterID, CaseMasterID, AccusedName, AgeYear, GenderID, PersonID) VALUES (1004, 435, 'Edhitha Wali', 44, 2, 'A1');
INSERT INTO Accused (AccusedMasterID, CaseMasterID, AccusedName, AgeYear, GenderID, PersonID) VALUES (1005, 435, 'Jackson Munshi', 32, 2, 'A2');
INSERT INTO Accused (AccusedMasterID, CaseMasterID, AccusedName, AgeYear, GenderID, PersonID) VALUES (1006, 435, 'Joshua Tata', 46, 1, 'A3');
INSERT INTO ActSectionAssociation (CaseMasterID, ActID, SectionID, ActOrderID, SectionOrderID) VALUES (435, 'POCSO', '4', 1, 1);
INSERT INTO ActSectionAssociation (CaseMasterID, ActID, SectionID, ActOrderID, SectionOrderID) VALUES (435, 'IPC', '324', 2, 2);
INSERT INTO ArrestSurrender (ArrestSurrenderID, CaseMasterID, ArrestSurrenderTypeID, ArrestSurrenderDate, ArrestSurrenderStateId, ArrestSurrenderDistrictId, PoliceStationID, IOID, CourtID, AccusedMasterID, IsAccused, IsComplainantAccused) VALUES (321, 435, 1, '2025-03-02', 1, 7, 6, 24, 16, 1005, TRUE, FALSE);
INSERT INTO inv_arrestsurrenderaccused (ArrestSurrenderID, AccusedMasterID) VALUES (321, 1005);
INSERT INTO ArrestSurrender (ArrestSurrenderID, CaseMasterID, ArrestSurrenderTypeID, ArrestSurrenderDate, ArrestSurrenderStateId, ArrestSurrenderDistrictId, PoliceStationID, IOID, CourtID, AccusedMasterID, IsAccused, IsComplainantAccused) VALUES (322, 435, 1, '2025-01-13', 1, 7, 6, 38, 16, 1006, TRUE, FALSE);
INSERT INTO inv_arrestsurrenderaccused (ArrestSurrenderID, AccusedMasterID) VALUES (322, 1006);
INSERT INTO Inv_OccuranceTime (CaseMasterID, OccuranceFromDate, OccuranceToDate, PlaceOfOccurance, latitude, longitude) VALUES (435, '2025-01-04T12:39:00', '2025-01-04T15:39:00', 'Dhar Marg, Kalaburagi', 15.3444208, 75.085617);

INSERT INTO CaseMaster (CaseMasterID, CrimeNo, CaseNo, CrimeRegisteredDate, PolicePersonID, PoliceStationID, CaseCategoryID, GravityOffenceID, CrimeMajorHeadID, CrimeMinorHeadID, CaseStatusID, CourtID, IncidentFromDate, IncidentToDate, InfoReceivedPSDate, latitude, longitude, BriefFacts) VALUES (436, '400160015202600002', '202600002', '2026-02-23', 71, 15, 4, 1, 3, 19, 6, 32, '2026-02-23T11:07:00', '2026-02-23T15:07:00', '2026-02-23T19:07:00', 14.7454874, 77.9474928, 'On 2026-02-23, the complainant Jalsa Sani reported that their car bearing registration number KA-13-OU-3556 was stolen from Munshi Circle, Mandya. The vehicle was parked outside a shopping mall and was found missing when the complainant returned.');
INSERT INTO ComplainantDetails (ComplainantID, CaseMasterID, ComplainantName, AgeYear, OccupationID, ReligionID, CasteID, GenderID) VALUES (436, 436, 'Jalsa Sani', 45, 16, 4, 4, 1);
INSERT INTO Victim (VictimMasterID, CaseMasterID, VictimName, AgeYear, GenderID, VictimPolice) VALUES (624, 436, 'Adya Lalla', 57, 3, '0');
INSERT INTO Accused (AccusedMasterID, CaseMasterID, AccusedName, AgeYear, GenderID, PersonID) VALUES (1007, 436, 'Advika Jayaraman', 51, 2, 'A1');
INSERT INTO ActSectionAssociation (CaseMasterID, ActID, SectionID, ActOrderID, SectionOrderID) VALUES (436, 'IPC', '323', 1, 1);
INSERT INTO ArrestSurrender (ArrestSurrenderID, CaseMasterID, ArrestSurrenderTypeID, ArrestSurrenderDate, ArrestSurrenderStateId, ArrestSurrenderDistrictId, PoliceStationID, IOID, CourtID, AccusedMasterID, IsAccused, IsComplainantAccused) VALUES (323, 436, 1, '2026-02-24', 1, 16, 15, 67, 32, 1007, TRUE, FALSE);
INSERT INTO inv_arrestsurrenderaccused (ArrestSurrenderID, AccusedMasterID) VALUES (323, 1007);
INSERT INTO Inv_OccuranceTime (CaseMasterID, OccuranceFromDate, OccuranceToDate, PlaceOfOccurance, latitude, longitude) VALUES (436, '2026-02-23T11:07:00', '2026-02-23T15:07:00', 'Munshi Circle, Mandya', 14.7454874, 77.9474928);

INSERT INTO CaseMaster (CaseMasterID, CrimeNo, CaseNo, CrimeRegisteredDate, PolicePersonID, PoliceStationID, CaseCategoryID, GravityOffenceID, CrimeMajorHeadID, CrimeMinorHeadID, CaseStatusID, CourtID, IncidentFromDate, IncidentToDate, InfoReceivedPSDate, latitude, longitude, BriefFacts) VALUES (437, '300180017202400002', '202400002', '2024-11-02', 35, 17, 3, 2, 4, 25, 4, 35, '2024-11-02T18:24:00', '2024-11-02T18:24:00', '2024-11-03T06:24:00', 12.2473238, 76.6649267, 'On 2024-11-02, the Anti-Narcotics squad conducted a raid at Goswami Ganj, Udupi and seized 1000 grams of heroin from the possession of the accused Manthan Bhagat. The accused was found to be part of a supply chain operating across Bengaluru Urban and Udupi.');
INSERT INTO ComplainantDetails (ComplainantID, CaseMasterID, ComplainantName, AgeYear, OccupationID, ReligionID, CasteID, GenderID) VALUES (437, 437, 'Diya Swamy', 43, 14, 3, 5, 1);
INSERT INTO Victim (VictimMasterID, CaseMasterID, VictimName, AgeYear, GenderID, VictimPolice) VALUES (625, 437, 'Ria Bera', 29, 1, '0');
INSERT INTO Accused (AccusedMasterID, CaseMasterID, AccusedName, AgeYear, GenderID, PersonID) VALUES (1008, 437, 'Manthan Bhagat', 23, 1, 'A1');
INSERT INTO ActSectionAssociation (CaseMasterID, ActID, SectionID, ActOrderID, SectionOrderID) VALUES (437, 'IPC', '457', 1, 1);
INSERT INTO ActSectionAssociation (CaseMasterID, ActID, SectionID, ActOrderID, SectionOrderID) VALUES (437, 'IPC', '304', 2, 2);
INSERT INTO ArrestSurrender (ArrestSurrenderID, CaseMasterID, ArrestSurrenderTypeID, ArrestSurrenderDate, ArrestSurrenderStateId, ArrestSurrenderDistrictId, PoliceStationID, IOID, CourtID, AccusedMasterID, IsAccused, IsComplainantAccused) VALUES (324, 437, 1, '2024-11-27', 1, 18, 17, 61, 35, 1008, TRUE, FALSE);
INSERT INTO inv_arrestsurrenderaccused (ArrestSurrenderID, AccusedMasterID) VALUES (324, 1008);
INSERT INTO Inv_OccuranceTime (CaseMasterID, OccuranceFromDate, OccuranceToDate, PlaceOfOccurance, latitude, longitude) VALUES (437, '2024-11-02T18:24:00', '2024-11-02T18:24:00', 'Goswami Ganj, Udupi', 12.2473238, 76.6649267);

INSERT INTO CaseMaster (CaseMasterID, CrimeNo, CaseNo, CrimeRegisteredDate, PolicePersonID, PoliceStationID, CaseCategoryID, GravityOffenceID, CrimeMajorHeadID, CrimeMinorHeadID, CaseStatusID, CourtID, IncidentFromDate, IncidentToDate, InfoReceivedPSDate, latitude, longitude, BriefFacts) VALUES (438, '300270026202300002', '202300002', '2023-08-22', 68, 26, 3, 1, 6, 35, 5, 14, '2023-08-22T23:47:00', '2023-08-22T23:47:00', '2023-08-23T03:47:00', 16.6362387, 76.5968468, 'On 2023-08-22, the complainant Nihal Sibal reported that unknown persons broke into their residence at D’Alia Marg, Chamarajanagara and stole cash amounting to Rs. 500000 and gold ornaments. The accused Abhiram Mistry was later identified through CCTV footage from a nearby shop.');
INSERT INTO ComplainantDetails (ComplainantID, CaseMasterID, ComplainantName, AgeYear, OccupationID, ReligionID, CasteID, GenderID) VALUES (438, 438, 'Nihal Sibal', 39, 15, 3, 3, 1);
INSERT INTO Victim (VictimMasterID, CaseMasterID, VictimName, AgeYear, GenderID, VictimPolice) VALUES (626, 438, 'Nihal Sibal', 6, 1, '0');
INSERT INTO Accused (AccusedMasterID, CaseMasterID, AccusedName, AgeYear, GenderID, PersonID) VALUES (1009, 438, 'Abhiram Mistry', 38, 2, 'A1');
INSERT INTO Accused (AccusedMasterID, CaseMasterID, AccusedName, AgeYear, GenderID, PersonID) VALUES (1010, 438, 'Banjeet Sathe', 25, 2, 'A2');
INSERT INTO ActSectionAssociation (CaseMasterID, ActID, SectionID, ActOrderID, SectionOrderID) VALUES (438, 'POCSO', '4', 1, 1);
INSERT INTO ActSectionAssociation (CaseMasterID, ActID, SectionID, ActOrderID, SectionOrderID) VALUES (438, 'IPC', '148', 2, 2);
INSERT INTO ArrestSurrender (ArrestSurrenderID, CaseMasterID, ArrestSurrenderTypeID, ArrestSurrenderDate, ArrestSurrenderStateId, ArrestSurrenderDistrictId, PoliceStationID, IOID, CourtID, AccusedMasterID, IsAccused, IsComplainantAccused) VALUES (325, 438, 1, '2023-10-18', 1, 27, 26, 62, 14, 1009, TRUE, FALSE);
INSERT INTO inv_arrestsurrenderaccused (ArrestSurrenderID, AccusedMasterID) VALUES (325, 1009);
INSERT INTO ArrestSurrender (ArrestSurrenderID, CaseMasterID, ArrestSurrenderTypeID, ArrestSurrenderDate, ArrestSurrenderStateId, ArrestSurrenderDistrictId, PoliceStationID, IOID, CourtID, AccusedMasterID, IsAccused, IsComplainantAccused) VALUES (326, 438, 1, '2023-10-05', 1, 27, 26, 56, 14, 1010, TRUE, FALSE);
INSERT INTO inv_arrestsurrenderaccused (ArrestSurrenderID, AccusedMasterID) VALUES (326, 1010);
INSERT INTO Inv_OccuranceTime (CaseMasterID, OccuranceFromDate, OccuranceToDate, PlaceOfOccurance, latitude, longitude) VALUES (438, '2023-08-22T23:47:00', '2023-08-22T23:47:00', 'D’Alia Marg, Chamarajanagara', 16.6362387, 76.5968468);

INSERT INTO CaseMaster (CaseMasterID, CrimeNo, CaseNo, CrimeRegisteredDate, PolicePersonID, PoliceStationID, CaseCategoryID, GravityOffenceID, CrimeMajorHeadID, CrimeMinorHeadID, CaseStatusID, CourtID, IncidentFromDate, IncidentToDate, InfoReceivedPSDate, latitude, longitude, BriefFacts) VALUES (439, '100050004202400002', '202400002', '2024-08-07', 47, 4, 1, 4, 5, 28, 7, 34, '2024-08-07T15:52:00', '2024-08-07T18:52:00', '2024-08-08T01:52:00', 12.2897592, 76.559376, 'On 2024-08-07, the Anti-Narcotics squad conducted a raid at Gole Road, Hubballi-Dharwad and seized 250 grams of cocaine from the possession of the accused Girik Jani. The accused was found to be part of a supply chain operating across Koppal and Udupi.');
INSERT INTO ComplainantDetails (ComplainantID, CaseMasterID, ComplainantName, AgeYear, OccupationID, ReligionID, CasteID, GenderID) VALUES (439, 439, 'Tanvi Tailor', 24, 12, 4, 3, 2);
INSERT INTO Victim (VictimMasterID, CaseMasterID, VictimName, AgeYear, GenderID, VictimPolice) VALUES (627, 439, 'Manbir Dasgupta', 74, 2, '0');
INSERT INTO Victim (VictimMasterID, CaseMasterID, VictimName, AgeYear, GenderID, VictimPolice) VALUES (628, 439, 'Yashoda Mahajan', 35, 1, '0');
INSERT INTO Accused (AccusedMasterID, CaseMasterID, AccusedName, AgeYear, GenderID, PersonID) VALUES (1011, 439, 'Girik Jani', 50, 1, 'A1');
INSERT INTO Accused (AccusedMasterID, CaseMasterID, AccusedName, AgeYear, GenderID, PersonID) VALUES (1012, 439, 'Aayush Vora', 42, 2, 'A2');
INSERT INTO ActSectionAssociation (CaseMasterID, ActID, SectionID, ActOrderID, SectionOrderID) VALUES (439, 'NDPS', '20', 1, 1);
INSERT INTO ActSectionAssociation (CaseMasterID, ActID, SectionID, ActOrderID, SectionOrderID) VALUES (439, 'ITA', '67', 2, 2);
INSERT INTO ActSectionAssociation (CaseMasterID, ActID, SectionID, ActOrderID, SectionOrderID) VALUES (439, 'POCSO', '8', 3, 3);
INSERT INTO ArrestSurrender (ArrestSurrenderID, CaseMasterID, ArrestSurrenderTypeID, ArrestSurrenderDate, ArrestSurrenderStateId, ArrestSurrenderDistrictId, PoliceStationID, IOID, CourtID, AccusedMasterID, IsAccused, IsComplainantAccused) VALUES (327, 439, 2, '2024-09-03', 1, 5, 4, 78, 34, 1012, TRUE, FALSE);
INSERT INTO inv_arrestsurrenderaccused (ArrestSurrenderID, AccusedMasterID) VALUES (327, 1012);
INSERT INTO ArrestSurrender (ArrestSurrenderID, CaseMasterID, ArrestSurrenderTypeID, ArrestSurrenderDate, ArrestSurrenderStateId, ArrestSurrenderDistrictId, PoliceStationID, IOID, CourtID, AccusedMasterID, IsAccused, IsComplainantAccused) VALUES (328, 439, 1, '2024-10-01', 1, 5, 4, 1, 34, 1011, TRUE, FALSE);
INSERT INTO inv_arrestsurrenderaccused (ArrestSurrenderID, AccusedMasterID) VALUES (328, 1011);
INSERT INTO Inv_OccuranceTime (CaseMasterID, OccuranceFromDate, OccuranceToDate, PlaceOfOccurance, latitude, longitude) VALUES (439, '2024-08-07T15:52:00', '2024-08-07T18:52:00', 'Gole Road, Hubballi-Dharwad', 12.2897592, 76.559376);

INSERT INTO CaseMaster (CaseMasterID, CrimeNo, CaseNo, CrimeRegisteredDate, PolicePersonID, PoliceStationID, CaseCategoryID, GravityOffenceID, CrimeMajorHeadID, CrimeMinorHeadID, CaseStatusID, CourtID, IncidentFromDate, IncidentToDate, InfoReceivedPSDate, latitude, longitude, BriefFacts) VALUES (440, '200020001202500003', '202500003', '2025-10-31', 20, 1, 2, 3, 2, 14, 1, 30, '2025-10-31T20:14:00', '2025-10-31T22:14:00', '2025-11-01T03:14:00', 15.7917145, 74.524987, 'On 2025-10-31, the complainant Omaja Bose reported that unknown persons broke into their residence at Bal Path, Bengaluru Rural and stole cash amounting to Rs. 250000 and gold ornaments. The accused Wishi Chandra was later identified through CCTV footage from a nearby shop.');
INSERT INTO ComplainantDetails (ComplainantID, CaseMasterID, ComplainantName, AgeYear, OccupationID, ReligionID, CasteID, GenderID) VALUES (440, 440, 'Omaja Bose', 28, 1, 6, 4, 1);
INSERT INTO Victim (VictimMasterID, CaseMasterID, VictimName, AgeYear, GenderID, VictimPolice) VALUES (629, 440, 'Omaja Bose', 26, 2, '0');
INSERT INTO Accused (AccusedMasterID, CaseMasterID, AccusedName, AgeYear, GenderID, PersonID) VALUES (1013, 440, 'Wishi Chandra', 25, 1, 'A1');
INSERT INTO Accused (AccusedMasterID, CaseMasterID, AccusedName, AgeYear, GenderID, PersonID) VALUES (1014, 440, 'Jairaj Ramesh', 50, 2, 'A2');
INSERT INTO ActSectionAssociation (CaseMasterID, ActID, SectionID, ActOrderID, SectionOrderID) VALUES (440, 'POCSO', '4', 1, 1);
INSERT INTO Inv_OccuranceTime (CaseMasterID, OccuranceFromDate, OccuranceToDate, PlaceOfOccurance, latitude, longitude) VALUES (440, '2025-10-31T20:14:00', '2025-10-31T22:14:00', 'Bal Path, Bengaluru Rural', 15.7917145, 74.524987);

INSERT INTO CaseMaster (CaseMasterID, CrimeNo, CaseNo, CrimeRegisteredDate, PolicePersonID, PoliceStationID, CaseCategoryID, GravityOffenceID, CrimeMajorHeadID, CrimeMinorHeadID, CaseStatusID, CourtID, IncidentFromDate, IncidentToDate, InfoReceivedPSDate, latitude, longitude, BriefFacts) VALUES (441, '400220021202400001', '202400001', '2024-08-26', 65, 21, 4, 4, 2, 13, 1, 39, '2024-08-26T01:52:00', '2024-08-26T02:52:00', '2024-08-26T13:52:00', 15.8732064, 74.4822381, 'The complainant Ekiya Dube reported domestic violence by husband Abhiram Mistry and in-laws. The accused demanded additional dowry of Rs. 1000000 and subjected the complainant to physical and mental harassment since 5 years.');
INSERT INTO ComplainantDetails (ComplainantID, CaseMasterID, ComplainantName, AgeYear, OccupationID, ReligionID, CasteID, GenderID) VALUES (441, 441, 'Ekiya Dube', 43, 14, 3, 4, 2);
INSERT INTO Victim (VictimMasterID, CaseMasterID, VictimName, AgeYear, GenderID, VictimPolice) VALUES (630, 441, 'Finn Sharma', 57, 2, '1');
INSERT INTO Victim (VictimMasterID, CaseMasterID, VictimName, AgeYear, GenderID, VictimPolice) VALUES (631, 441, 'Abdul Narayan', 53, 3, '0');
INSERT INTO Accused (AccusedMasterID, CaseMasterID, AccusedName, AgeYear, GenderID, PersonID) VALUES (1015, 441, 'Abhiram Mistry', 35, 1, 'A1');
INSERT INTO ActSectionAssociation (CaseMasterID, ActID, SectionID, ActOrderID, SectionOrderID) VALUES (441, 'POCSO', '4', 1, 1);
INSERT INTO ArrestSurrender (ArrestSurrenderID, CaseMasterID, ArrestSurrenderTypeID, ArrestSurrenderDate, ArrestSurrenderStateId, ArrestSurrenderDistrictId, PoliceStationID, IOID, CourtID, AccusedMasterID, IsAccused, IsComplainantAccused) VALUES (329, 441, 2, '2024-10-08', 1, 22, 21, 47, 39, 1015, TRUE, FALSE);
INSERT INTO inv_arrestsurrenderaccused (ArrestSurrenderID, AccusedMasterID) VALUES (329, 1015);
INSERT INTO Inv_OccuranceTime (CaseMasterID, OccuranceFromDate, OccuranceToDate, PlaceOfOccurance, latitude, longitude) VALUES (441, '2024-08-26T01:52:00', '2024-08-26T02:52:00', 'Setty Chowk, Bagalkot', 15.8732064, 74.4822381);

INSERT INTO CaseMaster (CaseMasterID, CrimeNo, CaseNo, CrimeRegisteredDate, PolicePersonID, PoliceStationID, CaseCategoryID, GravityOffenceID, CrimeMajorHeadID, CrimeMinorHeadID, CaseStatusID, CourtID, IncidentFromDate, IncidentToDate, InfoReceivedPSDate, latitude, longitude, BriefFacts) VALUES (442, '200260025202600002', '202600002', '2026-06-10', 59, 25, 2, 2, 2, 12, 1, 6, '2026-06-10T00:29:00', '2026-06-10T00:29:00', '2026-06-10T05:29:00', 15.3673889, 75.1938606, 'On 2026-06-10, the complainant Ekta Dayal reported that their two-wheeler bearing registration number KA-48-WD-1718 was stolen from Raj Circle, Yadgir. The vehicle was parked outside a shopping mall and was found missing when the complainant returned.');
INSERT INTO ComplainantDetails (ComplainantID, CaseMasterID, ComplainantName, AgeYear, OccupationID, ReligionID, CasteID, GenderID) VALUES (442, 442, 'Ekta Dayal', 22, 5, 4, 3, 1);
INSERT INTO Victim (VictimMasterID, CaseMasterID, VictimName, AgeYear, GenderID, VictimPolice) VALUES (632, 442, 'Chanakya Mandal', 64, 2, '0');
INSERT INTO Accused (AccusedMasterID, CaseMasterID, AccusedName, AgeYear, GenderID, PersonID) VALUES (1016, 442, 'Christopher Bobal', 31, 1, 'A1');
INSERT INTO Accused (AccusedMasterID, CaseMasterID, AccusedName, AgeYear, GenderID, PersonID) VALUES (1017, 442, 'Mohini Kumer', 50, 1, 'A2');
INSERT INTO Accused (AccusedMasterID, CaseMasterID, AccusedName, AgeYear, GenderID, PersonID) VALUES (1018, 442, 'Wriddhish Rastogi', 23, 1, 'A3');
INSERT INTO Accused (AccusedMasterID, CaseMasterID, AccusedName, AgeYear, GenderID, PersonID) VALUES (1019, 442, 'Prisha Andra', 43, 2, 'A4');
INSERT INTO ActSectionAssociation (CaseMasterID, ActID, SectionID, ActOrderID, SectionOrderID) VALUES (442, 'IPC', '457', 1, 1);
INSERT INTO ActSectionAssociation (CaseMasterID, ActID, SectionID, ActOrderID, SectionOrderID) VALUES (442, 'POCSO', '6', 2, 2);
INSERT INTO ActSectionAssociation (CaseMasterID, ActID, SectionID, ActOrderID, SectionOrderID) VALUES (442, 'NDPS', '27', 3, 3);
INSERT INTO ArrestSurrender (ArrestSurrenderID, CaseMasterID, ArrestSurrenderTypeID, ArrestSurrenderDate, ArrestSurrenderStateId, ArrestSurrenderDistrictId, PoliceStationID, IOID, CourtID, AccusedMasterID, IsAccused, IsComplainantAccused) VALUES (330, 442, 1, '2026-07-23', 1, 26, 25, 20, 6, 1019, TRUE, FALSE);
INSERT INTO inv_arrestsurrenderaccused (ArrestSurrenderID, AccusedMasterID) VALUES (330, 1019);
INSERT INTO ArrestSurrender (ArrestSurrenderID, CaseMasterID, ArrestSurrenderTypeID, ArrestSurrenderDate, ArrestSurrenderStateId, ArrestSurrenderDistrictId, PoliceStationID, IOID, CourtID, AccusedMasterID, IsAccused, IsComplainantAccused) VALUES (331, 442, 1, '2026-06-11', 1, 26, 25, 12, 6, 1017, TRUE, FALSE);
INSERT INTO inv_arrestsurrenderaccused (ArrestSurrenderID, AccusedMasterID) VALUES (331, 1017);
INSERT INTO Inv_OccuranceTime (CaseMasterID, OccuranceFromDate, OccuranceToDate, PlaceOfOccurance, latitude, longitude) VALUES (442, '2026-06-10T00:29:00', '2026-06-10T00:29:00', 'Raj Circle, Yadgir', 15.3673889, 75.1938606);

INSERT INTO CaseMaster (CaseMasterID, CrimeNo, CaseNo, CrimeRegisteredDate, PolicePersonID, PoliceStationID, CaseCategoryID, GravityOffenceID, CrimeMajorHeadID, CrimeMinorHeadID, CaseStatusID, CourtID, IncidentFromDate, IncidentToDate, InfoReceivedPSDate, latitude, longitude, BriefFacts) VALUES (443, '400240023202300001', '202300001', '2023-10-19', 18, 23, 4, 4, 5, 28, 1, 34, '2023-10-19T18:57:00', '2023-10-19T19:57:00', '2023-10-20T06:57:00', 15.8117154, 74.4882707, 'On 2023-10-19, the complainant Nicholas Rama reported that unknown persons broke into their residence at Misra Zila, Chikkaballapura and stole cash amounting to Rs. 500000 and gold ornaments. The accused Advika Jayaraman was later identified through CCTV footage from a nearby shop.');
INSERT INTO ComplainantDetails (ComplainantID, CaseMasterID, ComplainantName, AgeYear, OccupationID, ReligionID, CasteID, GenderID) VALUES (443, 443, 'Nicholas Rama', 37, 7, 7, 2, 2);
INSERT INTO Victim (VictimMasterID, CaseMasterID, VictimName, AgeYear, GenderID, VictimPolice) VALUES (633, 443, 'Bhavani Dube', 56, 3, '0');
INSERT INTO Victim (VictimMasterID, CaseMasterID, VictimName, AgeYear, GenderID, VictimPolice) VALUES (634, 443, 'Rachana Mukherjee', 12, 3, '0');
INSERT INTO Accused (AccusedMasterID, CaseMasterID, AccusedName, AgeYear, GenderID, PersonID) VALUES (1020, 443, 'Advika Jayaraman', 33, 2, 'A1');
INSERT INTO ActSectionAssociation (CaseMasterID, ActID, SectionID, ActOrderID, SectionOrderID) VALUES (443, 'NDPS', '22', 1, 1);
INSERT INTO ActSectionAssociation (CaseMasterID, ActID, SectionID, ActOrderID, SectionOrderID) VALUES (443, 'NDPS', '20', 2, 2);
INSERT INTO ArrestSurrender (ArrestSurrenderID, CaseMasterID, ArrestSurrenderTypeID, ArrestSurrenderDate, ArrestSurrenderStateId, ArrestSurrenderDistrictId, PoliceStationID, IOID, CourtID, AccusedMasterID, IsAccused, IsComplainantAccused) VALUES (332, 443, 1, '2023-12-04', 1, 24, 23, 76, 34, 1020, TRUE, FALSE);
INSERT INTO inv_arrestsurrenderaccused (ArrestSurrenderID, AccusedMasterID) VALUES (332, 1020);
INSERT INTO Inv_OccuranceTime (CaseMasterID, OccuranceFromDate, OccuranceToDate, PlaceOfOccurance, latitude, longitude) VALUES (443, '2023-10-19T18:57:00', '2023-10-19T19:57:00', 'Misra Zila, Chikkaballapura', 15.8117154, 74.4882707);

INSERT INTO CaseMaster (CaseMasterID, CrimeNo, CaseNo, CrimeRegisteredDate, PolicePersonID, PoliceStationID, CaseCategoryID, GravityOffenceID, CrimeMajorHeadID, CrimeMinorHeadID, CaseStatusID, CourtID, IncidentFromDate, IncidentToDate, InfoReceivedPSDate, latitude, longitude, BriefFacts) VALUES (444, '100180017202600001', '202600001', '2026-03-30', 77, 17, 1, 2, 1, 5, 2, 34, '2026-03-30T17:02:00', '2026-03-30T18:02:00', '2026-03-31T02:02:00', 12.9873326, 77.5545276, 'On 2026-03-30, at about 5:00 PM, the accused Sanaya Rama along with 2 associates formed an unlawful assembly near Loyal Chowk, Udupi and attacked the complainant Jagrati Char with lethal weapons resulting in injuries.');
INSERT INTO ComplainantDetails (ComplainantID, CaseMasterID, ComplainantName, AgeYear, OccupationID, ReligionID, CasteID, GenderID) VALUES (444, 444, 'Jagrati Char', 54, 1, 5, 1, 1);
INSERT INTO Victim (VictimMasterID, CaseMasterID, VictimName, AgeYear, GenderID, VictimPolice) VALUES (635, 444, 'Yauvani Iyengar', 59, 3, '0');
INSERT INTO Victim (VictimMasterID, CaseMasterID, VictimName, AgeYear, GenderID, VictimPolice) VALUES (636, 444, 'Gautam Sami', 43, 2, '0');
INSERT INTO Victim (VictimMasterID, CaseMasterID, VictimName, AgeYear, GenderID, VictimPolice) VALUES (637, 444, 'Quincy Saraf', 37, 2, '0');
INSERT INTO Accused (AccusedMasterID, CaseMasterID, AccusedName, AgeYear, GenderID, PersonID) VALUES (1021, 444, 'Sanaya Rama', 32, 1, 'A1');
INSERT INTO Accused (AccusedMasterID, CaseMasterID, AccusedName, AgeYear, GenderID, PersonID) VALUES (1022, 444, 'Girik Baria', 23, 1, 'A2');
INSERT INTO Accused (AccusedMasterID, CaseMasterID, AccusedName, AgeYear, GenderID, PersonID) VALUES (1023, 444, 'Ubika Kapur', 53, 1, 'A3');
INSERT INTO Accused (AccusedMasterID, CaseMasterID, AccusedName, AgeYear, GenderID, PersonID) VALUES (1024, 444, 'Warhi Vyas', 33, 1, 'A4');
INSERT INTO ActSectionAssociation (CaseMasterID, ActID, SectionID, ActOrderID, SectionOrderID) VALUES (444, 'ITA', '67', 1, 1);
INSERT INTO ActSectionAssociation (CaseMasterID, ActID, SectionID, ActOrderID, SectionOrderID) VALUES (444, 'NDPS', '27', 2, 2);
INSERT INTO ActSectionAssociation (CaseMasterID, ActID, SectionID, ActOrderID, SectionOrderID) VALUES (444, 'ITA', '66D', 3, 3);
INSERT INTO Inv_OccuranceTime (CaseMasterID, OccuranceFromDate, OccuranceToDate, PlaceOfOccurance, latitude, longitude) VALUES (444, '2026-03-30T17:02:00', '2026-03-30T18:02:00', 'Loyal Chowk, Udupi', 12.9873326, 77.5545276);
INSERT INTO ChargesheetDetails (CSID, CaseMasterID, csdate, cstype, PolicePersonID) VALUES (112, 444, '2026-05-23', 'A', 72);

INSERT INTO CaseMaster (CaseMasterID, CrimeNo, CaseNo, CrimeRegisteredDate, PolicePersonID, PoliceStationID, CaseCategoryID, GravityOffenceID, CrimeMajorHeadID, CrimeMinorHeadID, CaseStatusID, CourtID, IncidentFromDate, IncidentToDate, InfoReceivedPSDate, latitude, longitude, BriefFacts) VALUES (445, '800050004202500002', '202500002', '2025-06-02', 40, 4, 8, 2, 8, 43, 2, 15, '2025-06-02T00:48:00', '2025-06-02T00:48:00', '2025-06-02T06:48:00', 15.8448302, 74.4510481, 'The victim Fariq Sridhar, aged 50, was assaulted by the accused Manthan Datta near Kothari Road, Hubballi-Dharwad on 2025-06-02 at approximately 8:45 PM. The accused used a sharp weapon causing grievous injuries. The victim was rushed to District Hospital for treatment.');
INSERT INTO ComplainantDetails (ComplainantID, CaseMasterID, ComplainantName, AgeYear, OccupationID, ReligionID, CasteID, GenderID) VALUES (445, 445, 'Bina Sidhu', 60, 6, 4, 4, 1);
INSERT INTO Victim (VictimMasterID, CaseMasterID, VictimName, AgeYear, GenderID, VictimPolice) VALUES (638, 445, 'Fariq Sridhar', 28, 2, '0');
INSERT INTO Accused (AccusedMasterID, CaseMasterID, AccusedName, AgeYear, GenderID, PersonID) VALUES (1025, 445, 'Manthan Datta', 50, 1, 'A1');
INSERT INTO Accused (AccusedMasterID, CaseMasterID, AccusedName, AgeYear, GenderID, PersonID) VALUES (1026, 445, 'Chakrika Batta', 30, 2, 'A2');
INSERT INTO ActSectionAssociation (CaseMasterID, ActID, SectionID, ActOrderID, SectionOrderID) VALUES (445, 'ITA', '66', 1, 1);
INSERT INTO ActSectionAssociation (CaseMasterID, ActID, SectionID, ActOrderID, SectionOrderID) VALUES (445, 'ITA', '66D', 2, 2);
INSERT INTO ActSectionAssociation (CaseMasterID, ActID, SectionID, ActOrderID, SectionOrderID) VALUES (445, 'NDPS', '20', 3, 3);
INSERT INTO ArrestSurrender (ArrestSurrenderID, CaseMasterID, ArrestSurrenderTypeID, ArrestSurrenderDate, ArrestSurrenderStateId, ArrestSurrenderDistrictId, PoliceStationID, IOID, CourtID, AccusedMasterID, IsAccused, IsComplainantAccused) VALUES (333, 445, 1, '2025-06-20', 1, 5, 4, 41, 15, 1026, TRUE, FALSE);
INSERT INTO inv_arrestsurrenderaccused (ArrestSurrenderID, AccusedMasterID) VALUES (333, 1026);
INSERT INTO Inv_OccuranceTime (CaseMasterID, OccuranceFromDate, OccuranceToDate, PlaceOfOccurance, latitude, longitude) VALUES (445, '2025-06-02T00:48:00', '2025-06-02T00:48:00', 'Kothari Road, Hubballi-Dharwad', 15.8448302, 74.4510481);
INSERT INTO ChargesheetDetails (CSID, CaseMasterID, csdate, cstype, PolicePersonID) VALUES (113, 445, '2025-11-23', 'A', 69);

INSERT INTO CaseMaster (CaseMasterID, CrimeNo, CaseNo, CrimeRegisteredDate, PolicePersonID, PoliceStationID, CaseCategoryID, GravityOffenceID, CrimeMajorHeadID, CrimeMinorHeadID, CaseStatusID, CourtID, IncidentFromDate, IncidentToDate, InfoReceivedPSDate, latitude, longitude, BriefFacts) VALUES (446, '100060005202500001', '202500001', '2025-03-08', 42, 5, 1, 3, 7, 40, 2, 30, '2025-03-08T12:18:00', '2025-03-08T12:18:00', '2025-03-08T20:18:00', 15.4585527, 75.1088519, 'On 2025-03-08, at about 9:00 PM, the accused Zehaan Pant along with 6 associates formed an unlawful assembly near Bumb Road, Belagavi and attacked the complainant Yochana Chokshi with lethal weapons resulting in injuries.');
INSERT INTO ComplainantDetails (ComplainantID, CaseMasterID, ComplainantName, AgeYear, OccupationID, ReligionID, CasteID, GenderID) VALUES (446, 446, 'Yochana Chokshi', 28, 12, 7, 4, 2);
INSERT INTO Victim (VictimMasterID, CaseMasterID, VictimName, AgeYear, GenderID, VictimPolice) VALUES (639, 446, 'Nitara Chandra', 73, 3, '0');
INSERT INTO Victim (VictimMasterID, CaseMasterID, VictimName, AgeYear, GenderID, VictimPolice) VALUES (640, 446, 'Ishaan Shere', 19, 2, '0');
INSERT INTO Accused (AccusedMasterID, CaseMasterID, AccusedName, AgeYear, GenderID, PersonID) VALUES (1027, 446, 'Zehaan Pant', 41, 1, 'A1');
INSERT INTO ActSectionAssociation (CaseMasterID, ActID, SectionID, ActOrderID, SectionOrderID) VALUES (446, 'NDPS', '22', 1, 1);
INSERT INTO ArrestSurrender (ArrestSurrenderID, CaseMasterID, ArrestSurrenderTypeID, ArrestSurrenderDate, ArrestSurrenderStateId, ArrestSurrenderDistrictId, PoliceStationID, IOID, CourtID, AccusedMasterID, IsAccused, IsComplainantAccused) VALUES (334, 446, 2, '2025-04-12', 1, 6, 5, 45, 30, 1027, TRUE, FALSE);
INSERT INTO inv_arrestsurrenderaccused (ArrestSurrenderID, AccusedMasterID) VALUES (334, 1027);
INSERT INTO Inv_OccuranceTime (CaseMasterID, OccuranceFromDate, OccuranceToDate, PlaceOfOccurance, latitude, longitude) VALUES (446, '2025-03-08T12:18:00', '2025-03-08T12:18:00', 'Bumb Road, Belagavi', 15.4585527, 75.1088519);
INSERT INTO ChargesheetDetails (CSID, CaseMasterID, csdate, cstype, PolicePersonID) VALUES (114, 446, '2025-08-03', 'A', 7);

INSERT INTO CaseMaster (CaseMasterID, CrimeNo, CaseNo, CrimeRegisteredDate, PolicePersonID, PoliceStationID, CaseCategoryID, GravityOffenceID, CrimeMajorHeadID, CrimeMinorHeadID, CaseStatusID, CourtID, IncidentFromDate, IncidentToDate, InfoReceivedPSDate, latitude, longitude, BriefFacts) VALUES (447, '200220021202400003', '202400003', '2024-01-26', 3, 21, 2, 2, 7, 38, 1, 8, '2024-01-26T20:32:00', '2024-01-26T23:32:00', '2024-01-27T09:32:00', 12.2914382, 76.6462831, 'The complainant Maya Bath, a shopkeeper at Sha Path, Bagalkot, reported that the accused Omaja Mishra along with others robbed the shop at knife-point on 2024-01-26 and fled with cash Rs. 25000 and valuables.');
INSERT INTO ComplainantDetails (ComplainantID, CaseMasterID, ComplainantName, AgeYear, OccupationID, ReligionID, CasteID, GenderID) VALUES (447, 447, 'Maya Bath', 51, 7, 1, 2, 2);
INSERT INTO Victim (VictimMasterID, CaseMasterID, VictimName, AgeYear, GenderID, VictimPolice) VALUES (641, 447, 'Maya Bath', 54, 3, '0');
INSERT INTO Victim (VictimMasterID, CaseMasterID, VictimName, AgeYear, GenderID, VictimPolice) VALUES (642, 447, 'Alka Om', 22, 2, '0');
INSERT INTO Accused (AccusedMasterID, CaseMasterID, AccusedName, AgeYear, GenderID, PersonID) VALUES (1028, 447, 'Omaja Mishra', 41, 1, 'A1');
INSERT INTO Accused (AccusedMasterID, CaseMasterID, AccusedName, AgeYear, GenderID, PersonID) VALUES (1029, 447, 'Siddharth Goyal', 36, 1, 'A2');
INSERT INTO ActSectionAssociation (CaseMasterID, ActID, SectionID, ActOrderID, SectionOrderID) VALUES (447, 'POCSO', '6', 1, 1);
INSERT INTO ActSectionAssociation (CaseMasterID, ActID, SectionID, ActOrderID, SectionOrderID) VALUES (447, 'IPC', '452', 2, 2);
INSERT INTO ArrestSurrender (ArrestSurrenderID, CaseMasterID, ArrestSurrenderTypeID, ArrestSurrenderDate, ArrestSurrenderStateId, ArrestSurrenderDistrictId, PoliceStationID, IOID, CourtID, AccusedMasterID, IsAccused, IsComplainantAccused) VALUES (335, 447, 1, '2024-02-11', 1, 22, 21, 49, 8, 1029, TRUE, FALSE);
INSERT INTO inv_arrestsurrenderaccused (ArrestSurrenderID, AccusedMasterID) VALUES (335, 1029);
INSERT INTO ArrestSurrender (ArrestSurrenderID, CaseMasterID, ArrestSurrenderTypeID, ArrestSurrenderDate, ArrestSurrenderStateId, ArrestSurrenderDistrictId, PoliceStationID, IOID, CourtID, AccusedMasterID, IsAccused, IsComplainantAccused) VALUES (336, 447, 2, '2024-02-29', 1, 22, 21, 27, 8, 1028, TRUE, FALSE);
INSERT INTO inv_arrestsurrenderaccused (ArrestSurrenderID, AccusedMasterID) VALUES (336, 1028);
INSERT INTO Inv_OccuranceTime (CaseMasterID, OccuranceFromDate, OccuranceToDate, PlaceOfOccurance, latitude, longitude) VALUES (447, '2024-01-26T20:32:00', '2024-01-26T23:32:00', 'Sha Path, Bagalkot', 12.2914382, 76.6462831);

INSERT INTO CaseMaster (CaseMasterID, CrimeNo, CaseNo, CrimeRegisteredDate, PolicePersonID, PoliceStationID, CaseCategoryID, GravityOffenceID, CrimeMajorHeadID, CrimeMinorHeadID, CaseStatusID, CourtID, IncidentFromDate, IncidentToDate, InfoReceivedPSDate, latitude, longitude, BriefFacts) VALUES (448, '300220021202300001', '202300001', '2023-10-07', 39, 21, 3, 3, 4, 24, 1, 22, '2023-10-07T17:34:00', '2023-10-07T20:34:00', '2023-10-08T01:34:00', 13.4648118, 76.9489237, 'The complainant Hitesh Saraf reported domestic violence by husband Agastya Garg and in-laws. The accused demanded additional dowry of Rs. 50000 and subjected the complainant to physical and mental harassment since 4 years.');
INSERT INTO ComplainantDetails (ComplainantID, CaseMasterID, ComplainantName, AgeYear, OccupationID, ReligionID, CasteID, GenderID) VALUES (448, 448, 'Hitesh Saraf', 21, 15, 4, 3, 2);
INSERT INTO Victim (VictimMasterID, CaseMasterID, VictimName, AgeYear, GenderID, VictimPolice) VALUES (643, 448, 'Abdul Rana', 70, 3, '0');
INSERT INTO Accused (AccusedMasterID, CaseMasterID, AccusedName, AgeYear, GenderID, PersonID) VALUES (1030, 448, 'Agastya Garg', 44, 1, 'A1');
INSERT INTO ActSectionAssociation (CaseMasterID, ActID, SectionID, ActOrderID, SectionOrderID) VALUES (448, 'POCSO', '6', 1, 1);
INSERT INTO ActSectionAssociation (CaseMasterID, ActID, SectionID, ActOrderID, SectionOrderID) VALUES (448, 'NDPS', '27', 2, 2);
INSERT INTO ActSectionAssociation (CaseMasterID, ActID, SectionID, ActOrderID, SectionOrderID) VALUES (448, 'ITA', '66D', 3, 3);
INSERT INTO Inv_OccuranceTime (CaseMasterID, OccuranceFromDate, OccuranceToDate, PlaceOfOccurance, latitude, longitude) VALUES (448, '2023-10-07T17:34:00', '2023-10-07T20:34:00', 'Sharma Chowk, Bagalkot', 13.4648118, 76.9489237);

INSERT INTO CaseMaster (CaseMasterID, CrimeNo, CaseNo, CrimeRegisteredDate, PolicePersonID, PoliceStationID, CaseCategoryID, GravityOffenceID, CrimeMajorHeadID, CrimeMinorHeadID, CaseStatusID, CourtID, IncidentFromDate, IncidentToDate, InfoReceivedPSDate, latitude, longitude, BriefFacts) VALUES (449, '100130012202500002', '202500002', '2025-08-10', 4, 12, 1, 3, 3, 21, 3, 24, '2025-08-10T08:25:00', '2025-08-10T11:25:00', '2025-08-10T13:25:00', 11.7231676, 74.7869081, 'On 2025-08-10, the complainant Chavvi Patel reported that their bus bearing registration number KA-32-ES-6156 was stolen from Deshmukh Street, Davanagere. The vehicle was parked outside a commercial complex and was found missing when the complainant returned.');
INSERT INTO ComplainantDetails (ComplainantID, CaseMasterID, ComplainantName, AgeYear, OccupationID, ReligionID, CasteID, GenderID) VALUES (449, 449, 'Chavvi Patel', 24, 14, 2, 3, 2);
INSERT INTO Victim (VictimMasterID, CaseMasterID, VictimName, AgeYear, GenderID, VictimPolice) VALUES (644, 449, 'Chasmum Chahal', 9, 3, '0');
INSERT INTO Accused (AccusedMasterID, CaseMasterID, AccusedName, AgeYear, GenderID, PersonID) VALUES (1031, 449, 'Zayan Behl', 18, 2, 'A1');
INSERT INTO Accused (AccusedMasterID, CaseMasterID, AccusedName, AgeYear, GenderID, PersonID) VALUES (1032, 449, 'Rayaan Choudhury', 19, 1, 'A2');
INSERT INTO Accused (AccusedMasterID, CaseMasterID, AccusedName, AgeYear, GenderID, PersonID) VALUES (1033, 449, 'Raghav Bala', 24, 2, 'A3');
INSERT INTO ActSectionAssociation (CaseMasterID, ActID, SectionID, ActOrderID, SectionOrderID) VALUES (449, 'POCSO', '4', 1, 1);
INSERT INTO Inv_OccuranceTime (CaseMasterID, OccuranceFromDate, OccuranceToDate, PlaceOfOccurance, latitude, longitude) VALUES (449, '2025-08-10T08:25:00', '2025-08-10T11:25:00', 'Deshmukh Street, Davanagere', 11.7231676, 74.7869081);

INSERT INTO CaseMaster (CaseMasterID, CrimeNo, CaseNo, CrimeRegisteredDate, PolicePersonID, PoliceStationID, CaseCategoryID, GravityOffenceID, CrimeMajorHeadID, CrimeMinorHeadID, CaseStatusID, CourtID, IncidentFromDate, IncidentToDate, InfoReceivedPSDate, latitude, longitude, BriefFacts) VALUES (450, '200010030202400003', '202400003', '2024-02-28', 60, 30, 2, 3, 8, 44, 3, 15, '2024-02-28T10:12:00', '2024-02-28T10:12:00', '2024-02-28T22:12:00', 16.7541775, 76.7919824, 'The victim Gabriel Mitra, aged 27, was assaulted by the accused Manbir Som near Bains Marg, Bengaluru Urban on 2024-02-28 at approximately 4:30 AM. The accused used a sharp weapon causing grievous injuries. The victim was rushed to KC General Hospital for treatment.');
INSERT INTO ComplainantDetails (ComplainantID, CaseMasterID, ComplainantName, AgeYear, OccupationID, ReligionID, CasteID, GenderID) VALUES (450, 450, 'Wyatt Sarin', 64, 2, 5, 3, 2);
INSERT INTO Victim (VictimMasterID, CaseMasterID, VictimName, AgeYear, GenderID, VictimPolice) VALUES (645, 450, 'Gabriel Mitra', 29, 3, '0');
INSERT INTO Accused (AccusedMasterID, CaseMasterID, AccusedName, AgeYear, GenderID, PersonID) VALUES (1034, 450, 'Manbir Som', 36, 2, 'A1');
INSERT INTO ActSectionAssociation (CaseMasterID, ActID, SectionID, ActOrderID, SectionOrderID) VALUES (450, 'POCSO', '8', 1, 1);
INSERT INTO Inv_OccuranceTime (CaseMasterID, OccuranceFromDate, OccuranceToDate, PlaceOfOccurance, latitude, longitude) VALUES (450, '2024-02-28T10:12:00', '2024-02-28T10:12:00', 'Bains Marg, Bengaluru Urban', 16.7541775, 76.7919824);

INSERT INTO CaseMaster (CaseMasterID, CrimeNo, CaseNo, CrimeRegisteredDate, PolicePersonID, PoliceStationID, CaseCategoryID, GravityOffenceID, CrimeMajorHeadID, CrimeMinorHeadID, CaseStatusID, CourtID, IncidentFromDate, IncidentToDate, InfoReceivedPSDate, latitude, longitude, BriefFacts) VALUES (451, '100270026202300001', '202300001', '2023-11-18', 78, 26, 1, 1, 7, 38, 1, 7, '2023-11-18T21:14:00', '2023-11-19T00:14:00', '2023-11-19T11:14:00', 15.3385055, 75.1630593, 'A case of cheating was reported by Sai Sundaram stating that the accused Anmol Sengupta fraudulently obtained Rs. 50000 by promising a job in a government department. The accused collected money over a period of 16 months and disappeared.');
INSERT INTO ComplainantDetails (ComplainantID, CaseMasterID, ComplainantName, AgeYear, OccupationID, ReligionID, CasteID, GenderID) VALUES (451, 451, 'Sai Sundaram', 30, 14, 3, 1, 1);
INSERT INTO Victim (VictimMasterID, CaseMasterID, VictimName, AgeYear, GenderID, VictimPolice) VALUES (646, 451, 'Sai Sundaram', 8, 3, '0');
INSERT INTO Victim (VictimMasterID, CaseMasterID, VictimName, AgeYear, GenderID, VictimPolice) VALUES (647, 451, 'Chaitaly Ramanathan', 20, 3, '0');
INSERT INTO Accused (AccusedMasterID, CaseMasterID, AccusedName, AgeYear, GenderID, PersonID) VALUES (1035, 451, 'Anmol Sengupta', 43, 1, 'A1');
INSERT INTO Accused (AccusedMasterID, CaseMasterID, AccusedName, AgeYear, GenderID, PersonID) VALUES (1036, 451, 'Faqid Dixit', 21, 2, 'A2');
INSERT INTO Accused (AccusedMasterID, CaseMasterID, AccusedName, AgeYear, GenderID, PersonID) VALUES (1037, 451, 'Gauri Anand', 23, 2, 'A3');
INSERT INTO ActSectionAssociation (CaseMasterID, ActID, SectionID, ActOrderID, SectionOrderID) VALUES (451, 'IPC', '452', 1, 1);
INSERT INTO Inv_OccuranceTime (CaseMasterID, OccuranceFromDate, OccuranceToDate, PlaceOfOccurance, latitude, longitude) VALUES (451, '2023-11-18T21:14:00', '2023-11-19T00:14:00', 'Kibe, Chamarajanagara', 15.3385055, 75.1630593);

INSERT INTO CaseMaster (CaseMasterID, CrimeNo, CaseNo, CrimeRegisteredDate, PolicePersonID, PoliceStationID, CaseCategoryID, GravityOffenceID, CrimeMajorHeadID, CrimeMinorHeadID, CaseStatusID, CourtID, IncidentFromDate, IncidentToDate, InfoReceivedPSDate, latitude, longitude, BriefFacts) VALUES (452, '800210020202300001', '202300001', '2023-11-03', 44, 20, 8, 1, 5, 28, 3, 4, '2023-11-03T18:34:00', '2023-11-03T19:34:00', '2023-11-03T21:34:00', 12.952838, 77.5169304, 'A cyber fraud was reported by Ojasvi Tandon. The accused posed as a bank official and obtained OTP and banking credentials through a phone call on 2023-11-03. An amount of Rs. 50000 was fraudulently transferred from the complainant''s account.');
INSERT INTO ComplainantDetails (ComplainantID, CaseMasterID, ComplainantName, AgeYear, OccupationID, ReligionID, CasteID, GenderID) VALUES (452, 452, 'Ojasvi Tandon', 23, 5, 3, 5, 1);
INSERT INTO Victim (VictimMasterID, CaseMasterID, VictimName, AgeYear, GenderID, VictimPolice) VALUES (648, 452, 'Balhaar Sura', 51, 1, '0');
INSERT INTO Accused (AccusedMasterID, CaseMasterID, AccusedName, AgeYear, GenderID, PersonID) VALUES (1038, 452, 'Vedika Varghese', 29, 1, 'A1');
INSERT INTO ActSectionAssociation (CaseMasterID, ActID, SectionID, ActOrderID, SectionOrderID) VALUES (452, 'NDPS', '22', 1, 1);
INSERT INTO ArrestSurrender (ArrestSurrenderID, CaseMasterID, ArrestSurrenderTypeID, ArrestSurrenderDate, ArrestSurrenderStateId, ArrestSurrenderDistrictId, PoliceStationID, IOID, CourtID, AccusedMasterID, IsAccused, IsComplainantAccused) VALUES (337, 452, 2, '2023-12-01', 1, 21, 20, 60, 4, 1038, TRUE, FALSE);
INSERT INTO inv_arrestsurrenderaccused (ArrestSurrenderID, AccusedMasterID) VALUES (337, 1038);
INSERT INTO Inv_OccuranceTime (CaseMasterID, OccuranceFromDate, OccuranceToDate, PlaceOfOccurance, latitude, longitude) VALUES (452, '2023-11-03T18:34:00', '2023-11-03T19:34:00', 'Sura, Koppal', 12.952838, 77.5169304);

INSERT INTO CaseMaster (CaseMasterID, CrimeNo, CaseNo, CrimeRegisteredDate, PolicePersonID, PoliceStationID, CaseCategoryID, GravityOffenceID, CrimeMajorHeadID, CrimeMinorHeadID, CaseStatusID, CourtID, IncidentFromDate, IncidentToDate, InfoReceivedPSDate, latitude, longitude, BriefFacts) VALUES (453, '200210020202400001', '202400001', '2024-03-24', 79, 20, 2, 1, 1, 8, 3, 19, '2024-03-24T02:33:00', '2024-03-24T03:33:00', '2024-03-24T13:33:00', 15.342022, 75.1002391, 'The complainant Anirudh Sami, a shopkeeper at Solanki Marg, Koppal, reported that the accused Devansh Loyal along with others robbed the shop at knife-point on 2024-03-24 and fled with cash Rs. 25000 and valuables.');
INSERT INTO ComplainantDetails (ComplainantID, CaseMasterID, ComplainantName, AgeYear, OccupationID, ReligionID, CasteID, GenderID) VALUES (453, 453, 'Anirudh Sami', 49, 5, 4, 3, 1);
INSERT INTO Victim (VictimMasterID, CaseMasterID, VictimName, AgeYear, GenderID, VictimPolice) VALUES (649, 453, 'Anirudh Sami', 32, 1, '0');
INSERT INTO Victim (VictimMasterID, CaseMasterID, VictimName, AgeYear, GenderID, VictimPolice) VALUES (650, 453, 'Warda Palan', 59, 1, '0');
INSERT INTO Victim (VictimMasterID, CaseMasterID, VictimName, AgeYear, GenderID, VictimPolice) VALUES (651, 453, 'Rajata Bail', 15, 3, '0');
INSERT INTO Accused (AccusedMasterID, CaseMasterID, AccusedName, AgeYear, GenderID, PersonID) VALUES (1039, 453, 'Devansh Loyal', 32, 1, 'A1');
INSERT INTO Accused (AccusedMasterID, CaseMasterID, AccusedName, AgeYear, GenderID, PersonID) VALUES (1040, 453, 'Bhavna Handa', 55, 1, 'A2');
INSERT INTO ActSectionAssociation (CaseMasterID, ActID, SectionID, ActOrderID, SectionOrderID) VALUES (453, 'IPC', '452', 1, 1);
INSERT INTO ActSectionAssociation (CaseMasterID, ActID, SectionID, ActOrderID, SectionOrderID) VALUES (453, 'POCSO', '6', 2, 2);
INSERT INTO ArrestSurrender (ArrestSurrenderID, CaseMasterID, ArrestSurrenderTypeID, ArrestSurrenderDate, ArrestSurrenderStateId, ArrestSurrenderDistrictId, PoliceStationID, IOID, CourtID, AccusedMasterID, IsAccused, IsComplainantAccused) VALUES (338, 453, 1, '2024-03-31', 1, 21, 20, 46, 19, 1040, TRUE, FALSE);
INSERT INTO inv_arrestsurrenderaccused (ArrestSurrenderID, AccusedMasterID) VALUES (338, 1040);
INSERT INTO ArrestSurrender (ArrestSurrenderID, CaseMasterID, ArrestSurrenderTypeID, ArrestSurrenderDate, ArrestSurrenderStateId, ArrestSurrenderDistrictId, PoliceStationID, IOID, CourtID, AccusedMasterID, IsAccused, IsComplainantAccused) VALUES (339, 453, 2, '2024-04-01', 1, 21, 20, 63, 19, 1039, TRUE, FALSE);
INSERT INTO inv_arrestsurrenderaccused (ArrestSurrenderID, AccusedMasterID) VALUES (339, 1039);
INSERT INTO Inv_OccuranceTime (CaseMasterID, OccuranceFromDate, OccuranceToDate, PlaceOfOccurance, latitude, longitude) VALUES (453, '2024-03-24T02:33:00', '2024-03-24T03:33:00', 'Solanki Marg, Koppal', 15.342022, 75.1002391);

INSERT INTO CaseMaster (CaseMasterID, CrimeNo, CaseNo, CrimeRegisteredDate, PolicePersonID, PoliceStationID, CaseCategoryID, GravityOffenceID, CrimeMajorHeadID, CrimeMinorHeadID, CaseStatusID, CourtID, IncidentFromDate, IncidentToDate, InfoReceivedPSDate, latitude, longitude, BriefFacts) VALUES (454, '100160015202400003', '202400003', '2024-12-09', 38, 15, 1, 3, 7, 39, 3, 6, '2024-12-09T01:00:00', '2024-12-09T02:00:00', '2024-12-09T02:00:00', 12.3333329, 76.6533082, 'On 2024-12-09, the Anti-Narcotics squad conducted a raid at Memon Street, Mandya and seized 5000 grams of MDMA from the possession of the accused Harinakshi Sidhu. The accused was found to be part of a supply chain operating across Bengaluru Rural and Ballari.');
INSERT INTO ComplainantDetails (ComplainantID, CaseMasterID, ComplainantName, AgeYear, OccupationID, ReligionID, CasteID, GenderID) VALUES (454, 454, 'Vincent Tripathi', 61, 2, 3, 1, 1);
INSERT INTO Victim (VictimMasterID, CaseMasterID, VictimName, AgeYear, GenderID, VictimPolice) VALUES (652, 454, 'Vincent Tripathi', 63, 3, '0');
INSERT INTO Accused (AccusedMasterID, CaseMasterID, AccusedName, AgeYear, GenderID, PersonID) VALUES (1041, 454, 'Harinakshi Sidhu', 52, 1, 'A1');
INSERT INTO Accused (AccusedMasterID, CaseMasterID, AccusedName, AgeYear, GenderID, PersonID) VALUES (1042, 454, 'Omaja Parsa', 45, 1, 'A2');
INSERT INTO ActSectionAssociation (CaseMasterID, ActID, SectionID, ActOrderID, SectionOrderID) VALUES (454, 'IPC', '511', 1, 1);
INSERT INTO ArrestSurrender (ArrestSurrenderID, CaseMasterID, ArrestSurrenderTypeID, ArrestSurrenderDate, ArrestSurrenderStateId, ArrestSurrenderDistrictId, PoliceStationID, IOID, CourtID, AccusedMasterID, IsAccused, IsComplainantAccused) VALUES (340, 454, 1, '2024-12-20', 1, 16, 15, 7, 6, 1042, TRUE, FALSE);
INSERT INTO inv_arrestsurrenderaccused (ArrestSurrenderID, AccusedMasterID) VALUES (340, 1042);
INSERT INTO Inv_OccuranceTime (CaseMasterID, OccuranceFromDate, OccuranceToDate, PlaceOfOccurance, latitude, longitude) VALUES (454, '2024-12-09T01:00:00', '2024-12-09T02:00:00', 'Memon Street, Mandya', 12.3333329, 76.6533082);

INSERT INTO CaseMaster (CaseMasterID, CrimeNo, CaseNo, CrimeRegisteredDate, PolicePersonID, PoliceStationID, CaseCategoryID, GravityOffenceID, CrimeMajorHeadID, CrimeMinorHeadID, CaseStatusID, CourtID, IncidentFromDate, IncidentToDate, InfoReceivedPSDate, latitude, longitude, BriefFacts) VALUES (455, '300050004202500002', '202500002', '2025-12-02', 32, 4, 3, 2, 3, 18, 1, 7, '2025-12-02T17:42:00', '2025-12-02T21:42:00', '2025-12-02T23:42:00', 12.3093141, 76.6577321, 'On 2025-12-02, the complainant Sarthak Mandal reported that unknown persons broke into their residence at Swamy, Hubballi-Dharwad and stole cash amounting to Rs. 10000 and gold ornaments. The accused Ryan Dugar was later identified through CCTV footage from a nearby shop.');
INSERT INTO ComplainantDetails (ComplainantID, CaseMasterID, ComplainantName, AgeYear, OccupationID, ReligionID, CasteID, GenderID) VALUES (455, 455, 'Sarthak Mandal', 62, 3, 6, 4, 1);
INSERT INTO Victim (VictimMasterID, CaseMasterID, VictimName, AgeYear, GenderID, VictimPolice) VALUES (653, 455, 'Vasudha Dayal', 6, 2, '0');
INSERT INTO Victim (VictimMasterID, CaseMasterID, VictimName, AgeYear, GenderID, VictimPolice) VALUES (654, 455, 'Ojasvi Tak', 44, 3, '0');
INSERT INTO Accused (AccusedMasterID, CaseMasterID, AccusedName, AgeYear, GenderID, PersonID) VALUES (1043, 455, 'Ryan Dugar', 20, 1, 'A1');
INSERT INTO Accused (AccusedMasterID, CaseMasterID, AccusedName, AgeYear, GenderID, PersonID) VALUES (1044, 455, 'Tara Chaudhry', 23, 2, 'A2');
INSERT INTO ActSectionAssociation (CaseMasterID, ActID, SectionID, ActOrderID, SectionOrderID) VALUES (455, 'IPC', '427', 1, 1);
INSERT INTO ActSectionAssociation (CaseMasterID, ActID, SectionID, ActOrderID, SectionOrderID) VALUES (455, 'IPC', '509', 2, 2);
INSERT INTO ActSectionAssociation (CaseMasterID, ActID, SectionID, ActOrderID, SectionOrderID) VALUES (455, 'IPC', '506', 3, 3);
INSERT INTO ArrestSurrender (ArrestSurrenderID, CaseMasterID, ArrestSurrenderTypeID, ArrestSurrenderDate, ArrestSurrenderStateId, ArrestSurrenderDistrictId, PoliceStationID, IOID, CourtID, AccusedMasterID, IsAccused, IsComplainantAccused) VALUES (341, 455, 2, '2026-01-06', 1, 5, 4, 4, 7, 1044, TRUE, FALSE);
INSERT INTO inv_arrestsurrenderaccused (ArrestSurrenderID, AccusedMasterID) VALUES (341, 1044);
INSERT INTO Inv_OccuranceTime (CaseMasterID, OccuranceFromDate, OccuranceToDate, PlaceOfOccurance, latitude, longitude) VALUES (455, '2025-12-02T17:42:00', '2025-12-02T21:42:00', 'Swamy, Hubballi-Dharwad', 12.3093141, 76.6577321);

INSERT INTO CaseMaster (CaseMasterID, CrimeNo, CaseNo, CrimeRegisteredDate, PolicePersonID, PoliceStationID, CaseCategoryID, GravityOffenceID, CrimeMajorHeadID, CrimeMinorHeadID, CaseStatusID, CourtID, IncidentFromDate, IncidentToDate, InfoReceivedPSDate, latitude, longitude, BriefFacts) VALUES (456, '800280027202400001', '202400001', '2024-06-10', 78, 27, 8, 3, 1, 7, 1, 30, '2024-06-10T18:48:00', '2024-06-10T18:48:00', '2024-06-11T03:48:00', 15.3857978, 75.1357592, 'On 2024-06-10, at about 6:45 AM, the accused Advika Parikh along with 5 associates formed an unlawful assembly near Ghosh Street, Dharwad and attacked the complainant Champak Badami with lethal weapons resulting in injuries.');
INSERT INTO ComplainantDetails (ComplainantID, CaseMasterID, ComplainantName, AgeYear, OccupationID, ReligionID, CasteID, GenderID) VALUES (456, 456, 'Champak Badami', 63, 4, 6, 5, 2);
INSERT INTO Victim (VictimMasterID, CaseMasterID, VictimName, AgeYear, GenderID, VictimPolice) VALUES (655, 456, 'Champak Badami', 59, 1, '0');
INSERT INTO Victim (VictimMasterID, CaseMasterID, VictimName, AgeYear, GenderID, VictimPolice) VALUES (656, 456, 'Devansh Nazareth', 56, 1, '0');
INSERT INTO Accused (AccusedMasterID, CaseMasterID, AccusedName, AgeYear, GenderID, PersonID) VALUES (1045, 456, 'Advika Parikh', 42, 2, 'A1');
INSERT INTO Accused (AccusedMasterID, CaseMasterID, AccusedName, AgeYear, GenderID, PersonID) VALUES (1046, 456, 'Ishaan Karan', 19, 2, 'A2');
INSERT INTO ActSectionAssociation (CaseMasterID, ActID, SectionID, ActOrderID, SectionOrderID) VALUES (456, 'ITA', '66C', 1, 1);
INSERT INTO ActSectionAssociation (CaseMasterID, ActID, SectionID, ActOrderID, SectionOrderID) VALUES (456, 'ITA', '66', 2, 2);
INSERT INTO ArrestSurrender (ArrestSurrenderID, CaseMasterID, ArrestSurrenderTypeID, ArrestSurrenderDate, ArrestSurrenderStateId, ArrestSurrenderDistrictId, PoliceStationID, IOID, CourtID, AccusedMasterID, IsAccused, IsComplainantAccused) VALUES (342, 456, 1, '2024-06-20', 1, 28, 27, 28, 30, 1046, TRUE, FALSE);
INSERT INTO inv_arrestsurrenderaccused (ArrestSurrenderID, AccusedMasterID) VALUES (342, 1046);
INSERT INTO ArrestSurrender (ArrestSurrenderID, CaseMasterID, ArrestSurrenderTypeID, ArrestSurrenderDate, ArrestSurrenderStateId, ArrestSurrenderDistrictId, PoliceStationID, IOID, CourtID, AccusedMasterID, IsAccused, IsComplainantAccused) VALUES (343, 456, 2, '2024-07-23', 1, 28, 27, 49, 30, 1045, TRUE, FALSE);
INSERT INTO inv_arrestsurrenderaccused (ArrestSurrenderID, AccusedMasterID) VALUES (343, 1045);
INSERT INTO Inv_OccuranceTime (CaseMasterID, OccuranceFromDate, OccuranceToDate, PlaceOfOccurance, latitude, longitude) VALUES (456, '2024-06-10T18:48:00', '2024-06-10T18:48:00', 'Ghosh Street, Dharwad', 15.3857978, 75.1357592);

INSERT INTO CaseMaster (CaseMasterID, CrimeNo, CaseNo, CrimeRegisteredDate, PolicePersonID, PoliceStationID, CaseCategoryID, GravityOffenceID, CrimeMajorHeadID, CrimeMinorHeadID, CaseStatusID, CourtID, IncidentFromDate, IncidentToDate, InfoReceivedPSDate, latitude, longitude, BriefFacts) VALUES (457, '100110010202300002', '202300002', '2023-11-23', 39, 10, 1, 4, 4, 25, 1, 28, '2023-11-23T03:04:00', '2023-11-23T06:04:00', '2023-11-23T12:04:00', 12.4187761, 76.6400556, 'A case of cheating was reported by Vidhi Kuruvilla stating that the accused Matthew Varma fraudulently obtained Rs. 100000 by promising a job in a government department. The accused collected money over a period of 9 months and disappeared.');
INSERT INTO ComplainantDetails (ComplainantID, CaseMasterID, ComplainantName, AgeYear, OccupationID, ReligionID, CasteID, GenderID) VALUES (457, 457, 'Vidhi Kuruvilla', 44, 11, 4, 5, 2);
INSERT INTO Victim (VictimMasterID, CaseMasterID, VictimName, AgeYear, GenderID, VictimPolice) VALUES (657, 457, 'Isha Batra', 66, 1, '0');
INSERT INTO Accused (AccusedMasterID, CaseMasterID, AccusedName, AgeYear, GenderID, PersonID) VALUES (1047, 457, 'Matthew Varma', 32, 1, 'A1');
INSERT INTO Accused (AccusedMasterID, CaseMasterID, AccusedName, AgeYear, GenderID, PersonID) VALUES (1048, 457, 'Adweta Edwin', 32, 2, 'A2');
INSERT INTO ActSectionAssociation (CaseMasterID, ActID, SectionID, ActOrderID, SectionOrderID) VALUES (457, 'NDPS', '22', 1, 1);
INSERT INTO ActSectionAssociation (CaseMasterID, ActID, SectionID, ActOrderID, SectionOrderID) VALUES (457, 'NDPS', '27', 2, 2);
INSERT INTO ActSectionAssociation (CaseMasterID, ActID, SectionID, ActOrderID, SectionOrderID) VALUES (457, 'IPC', '427', 3, 3);
INSERT INTO ArrestSurrender (ArrestSurrenderID, CaseMasterID, ArrestSurrenderTypeID, ArrestSurrenderDate, ArrestSurrenderStateId, ArrestSurrenderDistrictId, PoliceStationID, IOID, CourtID, AccusedMasterID, IsAccused, IsComplainantAccused) VALUES (344, 457, 1, '2024-01-11', 1, 11, 10, 22, 28, 1047, TRUE, FALSE);
INSERT INTO inv_arrestsurrenderaccused (ArrestSurrenderID, AccusedMasterID) VALUES (344, 1047);
INSERT INTO Inv_OccuranceTime (CaseMasterID, OccuranceFromDate, OccuranceToDate, PlaceOfOccurance, latitude, longitude) VALUES (457, '2023-11-23T03:04:00', '2023-11-23T06:04:00', 'Chawla, Raichur', 12.4187761, 76.6400556);

INSERT INTO CaseMaster (CaseMasterID, CrimeNo, CaseNo, CrimeRegisteredDate, PolicePersonID, PoliceStationID, CaseCategoryID, GravityOffenceID, CrimeMajorHeadID, CrimeMinorHeadID, CaseStatusID, CourtID, IncidentFromDate, IncidentToDate, InfoReceivedPSDate, latitude, longitude, BriefFacts) VALUES (458, '400010030202500003', '202500003', '2025-08-26', 8, 30, 4, 4, 3, 22, 2, 18, '2025-08-26T21:09:00', '2025-08-27T01:09:00', '2025-08-27T02:09:00', 15.4430878, 75.1494042, 'A case of cheating was reported by Tanvi Choudhry stating that the accused Harsh Barman fraudulently obtained Rs. 2500000 by promising a job in a government department. The accused collected money over a period of 2 months and disappeared.');
INSERT INTO ComplainantDetails (ComplainantID, CaseMasterID, ComplainantName, AgeYear, OccupationID, ReligionID, CasteID, GenderID) VALUES (458, 458, 'Tanvi Choudhry', 53, 9, 7, 5, 2);
INSERT INTO Victim (VictimMasterID, CaseMasterID, VictimName, AgeYear, GenderID, VictimPolice) VALUES (658, 458, 'Tanvi Choudhry', 62, 3, '0');
INSERT INTO Victim (VictimMasterID, CaseMasterID, VictimName, AgeYear, GenderID, VictimPolice) VALUES (659, 458, 'Jacob Jha', 45, 1, '0');
INSERT INTO Accused (AccusedMasterID, CaseMasterID, AccusedName, AgeYear, GenderID, PersonID) VALUES (1049, 458, 'Harsh Barman', 49, 1, 'A1');
INSERT INTO ActSectionAssociation (CaseMasterID, ActID, SectionID, ActOrderID, SectionOrderID) VALUES (458, 'POCSO', '8', 1, 1);
INSERT INTO Inv_OccuranceTime (CaseMasterID, OccuranceFromDate, OccuranceToDate, PlaceOfOccurance, latitude, longitude) VALUES (458, '2025-08-26T21:09:00', '2025-08-27T01:09:00', 'Cheema Circle, Bengaluru Urban', 15.4430878, 75.1494042);
INSERT INTO ChargesheetDetails (CSID, CaseMasterID, csdate, cstype, PolicePersonID) VALUES (115, 458, '2025-12-19', 'A', 54);

INSERT INTO CaseMaster (CaseMasterID, CrimeNo, CaseNo, CrimeRegisteredDate, PolicePersonID, PoliceStationID, CaseCategoryID, GravityOffenceID, CrimeMajorHeadID, CrimeMinorHeadID, CaseStatusID, CourtID, IncidentFromDate, IncidentToDate, InfoReceivedPSDate, latitude, longitude, BriefFacts) VALUES (459, '300180017202600002', '202600002', '2026-04-07', 13, 17, 3, 1, 1, 1, 2, 32, '2026-04-07T13:12:00', '2026-04-07T13:12:00', '2026-04-07T15:12:00', 15.3336428, 75.1447144, 'On 2026-04-07, at about 8:15 AM, the accused Gaurika Devi along with 6 associates formed an unlawful assembly near Jaggi Zila, Udupi and attacked the complainant Brinda Sathe with lethal weapons resulting in injuries.');
INSERT INTO ComplainantDetails (ComplainantID, CaseMasterID, ComplainantName, AgeYear, OccupationID, ReligionID, CasteID, GenderID) VALUES (459, 459, 'Brinda Sathe', 33, 2, 4, 5, 1);
INSERT INTO Victim (VictimMasterID, CaseMasterID, VictimName, AgeYear, GenderID, VictimPolice) VALUES (660, 459, 'Hardik Dube', 19, 1, '0');
INSERT INTO Accused (AccusedMasterID, CaseMasterID, AccusedName, AgeYear, GenderID, PersonID) VALUES (1050, 459, 'Gaurika Devi', 22, 2, 'A1');
INSERT INTO ActSectionAssociation (CaseMasterID, ActID, SectionID, ActOrderID, SectionOrderID) VALUES (459, 'POCSO', '4', 1, 1);
INSERT INTO ActSectionAssociation (CaseMasterID, ActID, SectionID, ActOrderID, SectionOrderID) VALUES (459, 'NDPS', '20', 2, 2);
INSERT INTO ArrestSurrender (ArrestSurrenderID, CaseMasterID, ArrestSurrenderTypeID, ArrestSurrenderDate, ArrestSurrenderStateId, ArrestSurrenderDistrictId, PoliceStationID, IOID, CourtID, AccusedMasterID, IsAccused, IsComplainantAccused) VALUES (345, 459, 1, '2026-06-04', 1, 18, 17, 31, 32, 1050, TRUE, FALSE);
INSERT INTO inv_arrestsurrenderaccused (ArrestSurrenderID, AccusedMasterID) VALUES (345, 1050);
INSERT INTO Inv_OccuranceTime (CaseMasterID, OccuranceFromDate, OccuranceToDate, PlaceOfOccurance, latitude, longitude) VALUES (459, '2026-04-07T13:12:00', '2026-04-07T13:12:00', 'Jaggi Zila, Udupi', 15.3336428, 75.1447144);
INSERT INTO ChargesheetDetails (CSID, CaseMasterID, csdate, cstype, PolicePersonID) VALUES (116, 459, '2026-05-26', 'A', 61);

INSERT INTO CaseMaster (CaseMasterID, CrimeNo, CaseNo, CrimeRegisteredDate, PolicePersonID, PoliceStationID, CaseCategoryID, GravityOffenceID, CrimeMajorHeadID, CrimeMinorHeadID, CaseStatusID, CourtID, IncidentFromDate, IncidentToDate, InfoReceivedPSDate, latitude, longitude, BriefFacts) VALUES (460, '800290028202400001', '202400001', '2024-11-06', 68, 28, 8, 3, 3, 18, 2, 3, '2024-11-06T21:10:00', '2024-11-07T01:10:00', '2024-11-07T06:10:00', 12.8874355, 74.810387, 'On 2024-11-06, at about 4:30 AM, the accused Frederick Lata along with 3 associates formed an unlawful assembly near Sachdeva Path, Uttara Kannada and attacked the complainant Abeer Korpal with lethal weapons resulting in injuries.');
INSERT INTO ComplainantDetails (ComplainantID, CaseMasterID, ComplainantName, AgeYear, OccupationID, ReligionID, CasteID, GenderID) VALUES (460, 460, 'Abeer Korpal', 37, 3, 7, 5, 1);
INSERT INTO Victim (VictimMasterID, CaseMasterID, VictimName, AgeYear, GenderID, VictimPolice) VALUES (661, 460, 'Harita Mangat', 13, 3, '0');
INSERT INTO Accused (AccusedMasterID, CaseMasterID, AccusedName, AgeYear, GenderID, PersonID) VALUES (1051, 460, 'Frederick Lata', 34, 2, 'A1');
INSERT INTO Accused (AccusedMasterID, CaseMasterID, AccusedName, AgeYear, GenderID, PersonID) VALUES (1052, 460, 'Yatan Doshi', 29, 1, 'A2');
INSERT INTO Accused (AccusedMasterID, CaseMasterID, AccusedName, AgeYear, GenderID, PersonID) VALUES (1053, 460, 'Vedant Devi', 29, 1, 'A3');
INSERT INTO Accused (AccusedMasterID, CaseMasterID, AccusedName, AgeYear, GenderID, PersonID) VALUES (1054, 460, 'Odika Rout', 20, 1, 'A4');
INSERT INTO Accused (AccusedMasterID, CaseMasterID, AccusedName, AgeYear, GenderID, PersonID) VALUES (1055, 460, 'Zaitra Pathak', 43, 1, 'A5');
INSERT INTO ActSectionAssociation (CaseMasterID, ActID, SectionID, ActOrderID, SectionOrderID) VALUES (460, 'POCSO', '6', 1, 1);
INSERT INTO ActSectionAssociation (CaseMasterID, ActID, SectionID, ActOrderID, SectionOrderID) VALUES (460, 'POCSO', '4', 2, 2);
INSERT INTO ActSectionAssociation (CaseMasterID, ActID, SectionID, ActOrderID, SectionOrderID) VALUES (460, 'NDPS', '27', 3, 3);
INSERT INTO Inv_OccuranceTime (CaseMasterID, OccuranceFromDate, OccuranceToDate, PlaceOfOccurance, latitude, longitude) VALUES (460, '2024-11-06T21:10:00', '2024-11-07T01:10:00', 'Sachdeva Path, Uttara Kannada', 12.8874355, 74.810387);
INSERT INTO ChargesheetDetails (CSID, CaseMasterID, csdate, cstype, PolicePersonID) VALUES (117, 460, '2025-02-08', 'A', 41);

INSERT INTO CaseMaster (CaseMasterID, CrimeNo, CaseNo, CrimeRegisteredDate, PolicePersonID, PoliceStationID, CaseCategoryID, GravityOffenceID, CrimeMajorHeadID, CrimeMinorHeadID, CaseStatusID, CourtID, IncidentFromDate, IncidentToDate, InfoReceivedPSDate, latitude, longitude, BriefFacts) VALUES (461, '200050004202600001', '202600001', '2026-05-13', 41, 4, 2, 4, 2, 14, 3, 39, '2026-05-13T23:21:00', '2026-05-14T03:21:00', '2026-05-14T03:21:00', 15.8001138, 74.462703, 'The complainant Madhav Anne reported domestic violence by husband Neelima Gala and in-laws. The accused demanded additional dowry of Rs. 100000 and subjected the complainant to physical and mental harassment since 1 years.');
INSERT INTO ComplainantDetails (ComplainantID, CaseMasterID, ComplainantName, AgeYear, OccupationID, ReligionID, CasteID, GenderID) VALUES (461, 461, 'Madhav Anne', 33, 7, 5, 4, 1);
INSERT INTO Victim (VictimMasterID, CaseMasterID, VictimName, AgeYear, GenderID, VictimPolice) VALUES (662, 461, 'Frado Nigam', 62, 1, '0');
INSERT INTO Victim (VictimMasterID, CaseMasterID, VictimName, AgeYear, GenderID, VictimPolice) VALUES (663, 461, 'Balhaar Dora', 22, 1, '0');
INSERT INTO Victim (VictimMasterID, CaseMasterID, VictimName, AgeYear, GenderID, VictimPolice) VALUES (664, 461, 'Zinal Merchant', 33, 3, '0');
INSERT INTO Accused (AccusedMasterID, CaseMasterID, AccusedName, AgeYear, GenderID, PersonID) VALUES (1056, 461, 'Neelima Gala', 29, 2, 'A1');
INSERT INTO ActSectionAssociation (CaseMasterID, ActID, SectionID, ActOrderID, SectionOrderID) VALUES (461, 'NDPS', '27', 1, 1);
INSERT INTO ArrestSurrender (ArrestSurrenderID, CaseMasterID, ArrestSurrenderTypeID, ArrestSurrenderDate, ArrestSurrenderStateId, ArrestSurrenderDistrictId, PoliceStationID, IOID, CourtID, AccusedMasterID, IsAccused, IsComplainantAccused) VALUES (346, 461, 1, '2026-06-26', 1, 5, 4, 8, 39, 1056, TRUE, FALSE);
INSERT INTO inv_arrestsurrenderaccused (ArrestSurrenderID, AccusedMasterID) VALUES (346, 1056);
INSERT INTO Inv_OccuranceTime (CaseMasterID, OccuranceFromDate, OccuranceToDate, PlaceOfOccurance, latitude, longitude) VALUES (461, '2026-05-13T23:21:00', '2026-05-14T03:21:00', 'Bhat Marg, Hubballi-Dharwad', 15.8001138, 74.462703);

INSERT INTO CaseMaster (CaseMasterID, CrimeNo, CaseNo, CrimeRegisteredDate, PolicePersonID, PoliceStationID, CaseCategoryID, GravityOffenceID, CrimeMajorHeadID, CrimeMinorHeadID, CaseStatusID, CourtID, IncidentFromDate, IncidentToDate, InfoReceivedPSDate, latitude, longitude, BriefFacts) VALUES (462, '400230022202400002', '202400002', '2024-10-15', 32, 22, 4, 2, 2, 16, 2, 20, '2024-10-15T20:50:00', '2024-10-15T22:50:00', '2024-10-16T02:50:00', 12.1590119, 76.4492516, 'On 2024-10-15, the Anti-Narcotics squad conducted a raid at Din, Ramanagara and seized 50 grams of hashish from the possession of the accused Ati Wable. The accused was found to be part of a supply chain operating across Chikkaballapura and Kodagu.');
INSERT INTO ComplainantDetails (ComplainantID, CaseMasterID, ComplainantName, AgeYear, OccupationID, ReligionID, CasteID, GenderID) VALUES (462, 462, 'Dipta Padmanabhan', 47, 3, 3, 4, 2);
INSERT INTO Victim (VictimMasterID, CaseMasterID, VictimName, AgeYear, GenderID, VictimPolice) VALUES (665, 462, 'Dipta Padmanabhan', 41, 1, '0');
INSERT INTO Accused (AccusedMasterID, CaseMasterID, AccusedName, AgeYear, GenderID, PersonID) VALUES (1057, 462, 'Ati Wable', 52, 1, 'A1');
INSERT INTO ActSectionAssociation (CaseMasterID, ActID, SectionID, ActOrderID, SectionOrderID) VALUES (462, 'ITA', '66', 1, 1);
INSERT INTO ArrestSurrender (ArrestSurrenderID, CaseMasterID, ArrestSurrenderTypeID, ArrestSurrenderDate, ArrestSurrenderStateId, ArrestSurrenderDistrictId, PoliceStationID, IOID, CourtID, AccusedMasterID, IsAccused, IsComplainantAccused) VALUES (347, 462, 2, '2024-12-07', 1, 23, 22, 12, 20, 1057, TRUE, FALSE);
INSERT INTO inv_arrestsurrenderaccused (ArrestSurrenderID, AccusedMasterID) VALUES (347, 1057);
INSERT INTO Inv_OccuranceTime (CaseMasterID, OccuranceFromDate, OccuranceToDate, PlaceOfOccurance, latitude, longitude) VALUES (462, '2024-10-15T20:50:00', '2024-10-15T22:50:00', 'Din, Ramanagara', 12.1590119, 76.4492516);
INSERT INTO ChargesheetDetails (CSID, CaseMasterID, csdate, cstype, PolicePersonID) VALUES (118, 462, '2024-11-28', 'A', 66);

INSERT INTO CaseMaster (CaseMasterID, CrimeNo, CaseNo, CrimeRegisteredDate, PolicePersonID, PoliceStationID, CaseCategoryID, GravityOffenceID, CrimeMajorHeadID, CrimeMinorHeadID, CaseStatusID, CourtID, IncidentFromDate, IncidentToDate, InfoReceivedPSDate, latitude, longitude, BriefFacts) VALUES (463, '200140013202500002', '202500002', '2025-08-19', 10, 13, 2, 1, 1, 2, 2, 21, '2025-08-19T18:11:00', '2025-08-19T18:11:00', '2025-08-20T04:11:00', 12.8595452, 74.9251939, 'A cyber fraud was reported by Samesh Sathe. The accused posed as a bank official and obtained OTP and banking credentials through a phone call on 2025-08-19. An amount of Rs. 500000 was fraudulently transferred from the complainant''s account.');
INSERT INTO ComplainantDetails (ComplainantID, CaseMasterID, ComplainantName, AgeYear, OccupationID, ReligionID, CasteID, GenderID) VALUES (463, 463, 'Samesh Sathe', 60, 7, 5, 1, 1);
INSERT INTO Victim (VictimMasterID, CaseMasterID, VictimName, AgeYear, GenderID, VictimPolice) VALUES (666, 463, 'Nidhi Hora', 44, 1, '0');
INSERT INTO Victim (VictimMasterID, CaseMasterID, VictimName, AgeYear, GenderID, VictimPolice) VALUES (667, 463, 'Jonathan Venkatesh', 24, 2, '1');
INSERT INTO Accused (AccusedMasterID, CaseMasterID, AccusedName, AgeYear, GenderID, PersonID) VALUES (1058, 463, 'Frado Bansal', 29, 1, 'A1');
INSERT INTO Accused (AccusedMasterID, CaseMasterID, AccusedName, AgeYear, GenderID, PersonID) VALUES (1059, 463, 'Tanay Chander', 30, 1, 'A2');
INSERT INTO ActSectionAssociation (CaseMasterID, ActID, SectionID, ActOrderID, SectionOrderID) VALUES (463, 'NDPS', '20', 1, 1);
INSERT INTO ActSectionAssociation (CaseMasterID, ActID, SectionID, ActOrderID, SectionOrderID) VALUES (463, 'POCSO', '4', 2, 2);
INSERT INTO ArrestSurrender (ArrestSurrenderID, CaseMasterID, ArrestSurrenderTypeID, ArrestSurrenderDate, ArrestSurrenderStateId, ArrestSurrenderDistrictId, PoliceStationID, IOID, CourtID, AccusedMasterID, IsAccused, IsComplainantAccused) VALUES (348, 463, 2, '2025-09-15', 1, 14, 13, 5, 21, 1059, TRUE, FALSE);
INSERT INTO inv_arrestsurrenderaccused (ArrestSurrenderID, AccusedMasterID) VALUES (348, 1059);
INSERT INTO Inv_OccuranceTime (CaseMasterID, OccuranceFromDate, OccuranceToDate, PlaceOfOccurance, latitude, longitude) VALUES (463, '2025-08-19T18:11:00', '2025-08-19T18:11:00', 'Natt Circle, Hassan', 12.8595452, 74.9251939);
INSERT INTO ChargesheetDetails (CSID, CaseMasterID, csdate, cstype, PolicePersonID) VALUES (119, 463, '2026-01-25', 'A', 56);

INSERT INTO CaseMaster (CaseMasterID, CrimeNo, CaseNo, CrimeRegisteredDate, PolicePersonID, PoliceStationID, CaseCategoryID, GravityOffenceID, CrimeMajorHeadID, CrimeMinorHeadID, CaseStatusID, CourtID, IncidentFromDate, IncidentToDate, InfoReceivedPSDate, latitude, longitude, BriefFacts) VALUES (464, '300270026202500001', '202500001', '2025-01-24', 37, 26, 3, 2, 3, 19, 1, 36, '2025-01-24T10:01:00', '2025-01-24T13:01:00', '2025-01-24T17:01:00', 12.928284, 74.8208552, 'On 2025-01-24, the complainant Harini Dutta reported that unknown persons broke into their residence at Kuruvilla, Chamarajanagara and stole cash amounting to Rs. 2500000 and gold ornaments. The accused Ayaan Zacharia was later identified through CCTV footage from a nearby shop.');
INSERT INTO ComplainantDetails (ComplainantID, CaseMasterID, ComplainantName, AgeYear, OccupationID, ReligionID, CasteID, GenderID) VALUES (464, 464, 'Harini Dutta', 38, 11, 2, 3, 1);
INSERT INTO Victim (VictimMasterID, CaseMasterID, VictimName, AgeYear, GenderID, VictimPolice) VALUES (668, 464, 'Harini Dutta', 65, 2, '0');
INSERT INTO Victim (VictimMasterID, CaseMasterID, VictimName, AgeYear, GenderID, VictimPolice) VALUES (669, 464, 'Daksha Sami', 38, 2, '0');
INSERT INTO Accused (AccusedMasterID, CaseMasterID, AccusedName, AgeYear, GenderID, PersonID) VALUES (1060, 464, 'Ayaan Zacharia', 30, 1, 'A1');
INSERT INTO Accused (AccusedMasterID, CaseMasterID, AccusedName, AgeYear, GenderID, PersonID) VALUES (1061, 464, 'Prisha Andra', 55, 2, 'A2');
INSERT INTO ActSectionAssociation (CaseMasterID, ActID, SectionID, ActOrderID, SectionOrderID) VALUES (464, 'NDPS', '27', 1, 1);
INSERT INTO ActSectionAssociation (CaseMasterID, ActID, SectionID, ActOrderID, SectionOrderID) VALUES (464, 'ITA', '66C', 2, 2);
INSERT INTO Inv_OccuranceTime (CaseMasterID, OccuranceFromDate, OccuranceToDate, PlaceOfOccurance, latitude, longitude) VALUES (464, '2025-01-24T10:01:00', '2025-01-24T13:01:00', 'Kuruvilla, Chamarajanagara', 12.928284, 74.8208552);

INSERT INTO CaseMaster (CaseMasterID, CrimeNo, CaseNo, CrimeRegisteredDate, PolicePersonID, PoliceStationID, CaseCategoryID, GravityOffenceID, CrimeMajorHeadID, CrimeMinorHeadID, CaseStatusID, CourtID, IncidentFromDate, IncidentToDate, InfoReceivedPSDate, latitude, longitude, BriefFacts) VALUES (465, '300250024202600002', '202600002', '2026-06-29', 79, 24, 3, 4, 8, 43, 1, 28, '2026-06-29T14:01:00', '2026-06-29T17:01:00', '2026-06-30T04:01:00', 12.8046505, 74.8265784, 'On 2026-06-29, the complainant Darpan Pradhan reported that unknown persons broke into their residence at Batta Zila, Chikkamagaluru and stole cash amounting to Rs. 100000 and gold ornaments. The accused Yashica Pandya was later identified through CCTV footage from a nearby shop.');
INSERT INTO ComplainantDetails (ComplainantID, CaseMasterID, ComplainantName, AgeYear, OccupationID, ReligionID, CasteID, GenderID) VALUES (465, 465, 'Darpan Pradhan', 42, 14, 4, 3, 1);
INSERT INTO Victim (VictimMasterID, CaseMasterID, VictimName, AgeYear, GenderID, VictimPolice) VALUES (670, 465, 'Darpan Pradhan', 14, 3, '0');
INSERT INTO Accused (AccusedMasterID, CaseMasterID, AccusedName, AgeYear, GenderID, PersonID) VALUES (1062, 465, 'Yashica Pandya', 19, 1, 'A1');
INSERT INTO Accused (AccusedMasterID, CaseMasterID, AccusedName, AgeYear, GenderID, PersonID) VALUES (1063, 465, 'Saumya Misra', 36, 2, 'A2');
INSERT INTO ActSectionAssociation (CaseMasterID, ActID, SectionID, ActOrderID, SectionOrderID) VALUES (465, 'NDPS', '20', 1, 1);
INSERT INTO ActSectionAssociation (CaseMasterID, ActID, SectionID, ActOrderID, SectionOrderID) VALUES (465, 'POCSO', '8', 2, 2);
INSERT INTO ActSectionAssociation (CaseMasterID, ActID, SectionID, ActOrderID, SectionOrderID) VALUES (465, 'NDPS', '22', 3, 3);
INSERT INTO Inv_OccuranceTime (CaseMasterID, OccuranceFromDate, OccuranceToDate, PlaceOfOccurance, latitude, longitude) VALUES (465, '2026-06-29T14:01:00', '2026-06-29T17:01:00', 'Batta Zila, Chikkamagaluru', 12.8046505, 74.8265784);

INSERT INTO CaseMaster (CaseMasterID, CrimeNo, CaseNo, CrimeRegisteredDate, PolicePersonID, PoliceStationID, CaseCategoryID, GravityOffenceID, CrimeMajorHeadID, CrimeMinorHeadID, CaseStatusID, CourtID, IncidentFromDate, IncidentToDate, InfoReceivedPSDate, latitude, longitude, BriefFacts) VALUES (466, '400200019202500003', '202500003', '2025-04-01', 67, 19, 4, 3, 1, 2, 5, 18, '2025-04-01T13:54:00', '2025-04-01T17:54:00', '2025-04-02T05:54:00', 12.918457, 77.525451, 'The complainant Sudiksha Nori reported domestic violence by husband Bhavani Dey and in-laws. The accused demanded additional dowry of Rs. 2500000 and subjected the complainant to physical and mental harassment since 4 years.');
INSERT INTO ComplainantDetails (ComplainantID, CaseMasterID, ComplainantName, AgeYear, OccupationID, ReligionID, CasteID, GenderID) VALUES (466, 466, 'Sudiksha Nori', 41, 2, 7, 2, 2);
INSERT INTO Victim (VictimMasterID, CaseMasterID, VictimName, AgeYear, GenderID, VictimPolice) VALUES (671, 466, 'Vivaan Palla', 67, 2, '0');
INSERT INTO Victim (VictimMasterID, CaseMasterID, VictimName, AgeYear, GenderID, VictimPolice) VALUES (672, 466, 'Henry Narang', 53, 2, '0');
INSERT INTO Accused (AccusedMasterID, CaseMasterID, AccusedName, AgeYear, GenderID, PersonID) VALUES (1064, 466, 'Bhavani Dey', 44, 1, 'A1');
INSERT INTO Accused (AccusedMasterID, CaseMasterID, AccusedName, AgeYear, GenderID, PersonID) VALUES (1065, 466, 'Jalsa Sha', 36, 1, 'A2');
INSERT INTO Accused (AccusedMasterID, CaseMasterID, AccusedName, AgeYear, GenderID, PersonID) VALUES (1066, 466, 'Manan Sandal', 44, 1, 'A3');
INSERT INTO ActSectionAssociation (CaseMasterID, ActID, SectionID, ActOrderID, SectionOrderID) VALUES (466, 'ITA', '66C', 1, 1);
INSERT INTO ActSectionAssociation (CaseMasterID, ActID, SectionID, ActOrderID, SectionOrderID) VALUES (466, 'POCSO', '8', 2, 2);
INSERT INTO ActSectionAssociation (CaseMasterID, ActID, SectionID, ActOrderID, SectionOrderID) VALUES (466, 'POCSO', '4', 3, 3);
INSERT INTO ArrestSurrender (ArrestSurrenderID, CaseMasterID, ArrestSurrenderTypeID, ArrestSurrenderDate, ArrestSurrenderStateId, ArrestSurrenderDistrictId, PoliceStationID, IOID, CourtID, AccusedMasterID, IsAccused, IsComplainantAccused) VALUES (349, 466, 1, '2025-05-20', 1, 20, 19, 19, 18, 1064, TRUE, FALSE);
INSERT INTO inv_arrestsurrenderaccused (ArrestSurrenderID, AccusedMasterID) VALUES (349, 1064);
INSERT INTO Inv_OccuranceTime (CaseMasterID, OccuranceFromDate, OccuranceToDate, PlaceOfOccurance, latitude, longitude) VALUES (466, '2025-04-01T13:54:00', '2025-04-01T17:54:00', 'Venkatesh Marg, Haveri', 12.918457, 77.525451);

INSERT INTO CaseMaster (CaseMasterID, CrimeNo, CaseNo, CrimeRegisteredDate, PolicePersonID, PoliceStationID, CaseCategoryID, GravityOffenceID, CrimeMajorHeadID, CrimeMinorHeadID, CaseStatusID, CourtID, IncidentFromDate, IncidentToDate, InfoReceivedPSDate, latitude, longitude, BriefFacts) VALUES (467, '400190018202600001', '202600001', '2026-01-06', 74, 18, 4, 4, 7, 39, 1, 40, '2026-01-06T16:55:00', '2026-01-06T18:55:00', '2026-01-06T20:55:00', 11.5107365, 75.3227564, 'The deceased Kalpit Soni, aged 47, was found dead under suspicious circumstances at Vora Path, Gadag on 2026-01-06. The investigation revealed that the accused Sanaya Brahmbhatt, who is a relative of the deceased, had a dispute over property worth Rs. 5000.');
INSERT INTO ComplainantDetails (ComplainantID, CaseMasterID, ComplainantName, AgeYear, OccupationID, ReligionID, CasteID, GenderID) VALUES (467, 467, 'George Bhatia', 60, 9, 4, 5, 2);
INSERT INTO Victim (VictimMasterID, CaseMasterID, VictimName, AgeYear, GenderID, VictimPolice) VALUES (673, 467, 'Kalpit Soni', 36, 1, '0');
INSERT INTO Victim (VictimMasterID, CaseMasterID, VictimName, AgeYear, GenderID, VictimPolice) VALUES (674, 467, 'Zilmil Rana', 14, 3, '0');
INSERT INTO Accused (AccusedMasterID, CaseMasterID, AccusedName, AgeYear, GenderID, PersonID) VALUES (1067, 467, 'Sanaya Brahmbhatt', 41, 2, 'A1');
INSERT INTO ActSectionAssociation (CaseMasterID, ActID, SectionID, ActOrderID, SectionOrderID) VALUES (467, 'ITA', '66', 1, 1);
INSERT INTO ActSectionAssociation (CaseMasterID, ActID, SectionID, ActOrderID, SectionOrderID) VALUES (467, 'ITA', '66C', 3, 3);
INSERT INTO Inv_OccuranceTime (CaseMasterID, OccuranceFromDate, OccuranceToDate, PlaceOfOccurance, latitude, longitude) VALUES (467, '2026-01-06T16:55:00', '2026-01-06T18:55:00', 'Vora Path, Gadag', 11.5107365, 75.3227564);

INSERT INTO CaseMaster (CaseMasterID, CrimeNo, CaseNo, CrimeRegisteredDate, PolicePersonID, PoliceStationID, CaseCategoryID, GravityOffenceID, CrimeMajorHeadID, CrimeMinorHeadID, CaseStatusID, CourtID, IncidentFromDate, IncidentToDate, InfoReceivedPSDate, latitude, longitude, BriefFacts) VALUES (468, '400110010202600001', '202600001', '2026-02-23', 36, 10, 4, 3, 5, 30, 2, 28, '2026-02-23T12:28:00', '2026-02-23T16:28:00', '2026-02-23T21:28:00', 15.8879243, 74.4661558, 'On 2026-02-23, the Anti-Narcotics squad conducted a raid at Shankar Chowk, Raichur and seized 1000 grams of cocaine from the possession of the accused Yashasvi Datta. The accused was found to be part of a supply chain operating across Dharwad and Kalaburagi.');
INSERT INTO ComplainantDetails (ComplainantID, CaseMasterID, ComplainantName, AgeYear, OccupationID, ReligionID, CasteID, GenderID) VALUES (468, 468, 'Pallavi Sarraf', 48, 15, 7, 3, 1);
INSERT INTO Victim (VictimMasterID, CaseMasterID, VictimName, AgeYear, GenderID, VictimPolice) VALUES (675, 468, 'Omaja Gaba', 35, 2, '0');
INSERT INTO Victim (VictimMasterID, CaseMasterID, VictimName, AgeYear, GenderID, VictimPolice) VALUES (676, 468, 'Yochana Wadhwa', 58, 3, '0');
INSERT INTO Victim (VictimMasterID, CaseMasterID, VictimName, AgeYear, GenderID, VictimPolice) VALUES (677, 468, 'Simon Shah', 8, 2, '0');
INSERT INTO Accused (AccusedMasterID, CaseMasterID, AccusedName, AgeYear, GenderID, PersonID) VALUES (1068, 468, 'Yashasvi Datta', 48, 2, 'A1');
INSERT INTO ActSectionAssociation (CaseMasterID, ActID, SectionID, ActOrderID, SectionOrderID) VALUES (468, 'POCSO', '4', 1, 1);
INSERT INTO ActSectionAssociation (CaseMasterID, ActID, SectionID, ActOrderID, SectionOrderID) VALUES (468, 'POCSO', '8', 2, 2);
INSERT INTO ArrestSurrender (ArrestSurrenderID, CaseMasterID, ArrestSurrenderTypeID, ArrestSurrenderDate, ArrestSurrenderStateId, ArrestSurrenderDistrictId, PoliceStationID, IOID, CourtID, AccusedMasterID, IsAccused, IsComplainantAccused) VALUES (350, 468, 1, '2026-02-28', 1, 11, 10, 41, 28, 1068, TRUE, FALSE);
INSERT INTO inv_arrestsurrenderaccused (ArrestSurrenderID, AccusedMasterID) VALUES (350, 1068);
INSERT INTO Inv_OccuranceTime (CaseMasterID, OccuranceFromDate, OccuranceToDate, PlaceOfOccurance, latitude, longitude) VALUES (468, '2026-02-23T12:28:00', '2026-02-23T16:28:00', 'Shankar Chowk, Raichur', 15.8879243, 74.4661558);
INSERT INTO ChargesheetDetails (CSID, CaseMasterID, csdate, cstype, PolicePersonID) VALUES (120, 468, '2026-07-23', 'A', 27);

INSERT INTO CaseMaster (CaseMasterID, CrimeNo, CaseNo, CrimeRegisteredDate, PolicePersonID, PoliceStationID, CaseCategoryID, GravityOffenceID, CrimeMajorHeadID, CrimeMinorHeadID, CaseStatusID, CourtID, IncidentFromDate, IncidentToDate, InfoReceivedPSDate, latitude, longitude, BriefFacts) VALUES (469, '200030002202400001', '202400001', '2024-12-13', 80, 2, 2, 1, 1, 3, 2, 3, '2024-12-13T11:25:00', '2024-12-13T13:25:00', '2024-12-14T00:25:00', 15.3582466, 75.0350388, 'The complainant Kala Dani reported domestic violence by husband Bimala Baria and in-laws. The accused demanded additional dowry of Rs. 250000 and subjected the complainant to physical and mental harassment since 4 years.');
INSERT INTO ComplainantDetails (ComplainantID, CaseMasterID, ComplainantName, AgeYear, OccupationID, ReligionID, CasteID, GenderID) VALUES (469, 469, 'Kala Dani', 62, 1, 7, 1, 2);
INSERT INTO Victim (VictimMasterID, CaseMasterID, VictimName, AgeYear, GenderID, VictimPolice) VALUES (678, 469, 'Imaran Dara', 15, 1, '0');
INSERT INTO Accused (AccusedMasterID, CaseMasterID, AccusedName, AgeYear, GenderID, PersonID) VALUES (1069, 469, 'Bimala Baria', 37, 2, 'A1');
INSERT INTO ActSectionAssociation (CaseMasterID, ActID, SectionID, ActOrderID, SectionOrderID) VALUES (469, 'IPC', '304', 1, 1);
INSERT INTO ActSectionAssociation (CaseMasterID, ActID, SectionID, ActOrderID, SectionOrderID) VALUES (469, 'ITA', '66D', 2, 2);
INSERT INTO Inv_OccuranceTime (CaseMasterID, OccuranceFromDate, OccuranceToDate, PlaceOfOccurance, latitude, longitude) VALUES (469, '2024-12-13T11:25:00', '2024-12-13T13:25:00', 'Dua Circle, Mysuru', 15.3582466, 75.0350388);
INSERT INTO ChargesheetDetails (CSID, CaseMasterID, csdate, cstype, PolicePersonID) VALUES (121, 469, '2025-02-03', 'A', 71);

INSERT INTO CaseMaster (CaseMasterID, CrimeNo, CaseNo, CrimeRegisteredDate, PolicePersonID, PoliceStationID, CaseCategoryID, GravityOffenceID, CrimeMajorHeadID, CrimeMinorHeadID, CaseStatusID, CourtID, IncidentFromDate, IncidentToDate, InfoReceivedPSDate, latitude, longitude, BriefFacts) VALUES (470, '100230022202300001', '202300001', '2023-11-20', 41, 22, 1, 2, 5, 29, 3, 18, '2023-11-20T14:27:00', '2023-11-20T14:27:00', '2023-11-20T22:27:00', 12.9553665, 77.634171, 'On 2023-11-20, the Anti-Narcotics squad conducted a raid at Mody Nagar, Ramanagara and seized 2500 grams of cocaine from the possession of the accused Lucky Sama. The accused was found to be part of a supply chain operating across Ramanagara and Hubballi-Dharwad.');
INSERT INTO ComplainantDetails (ComplainantID, CaseMasterID, ComplainantName, AgeYear, OccupationID, ReligionID, CasteID, GenderID) VALUES (470, 470, 'Kavya Mitter', 43, 13, 3, 5, 2);
INSERT INTO Victim (VictimMasterID, CaseMasterID, VictimName, AgeYear, GenderID, VictimPolice) VALUES (679, 470, 'Vedika Bala', 13, 2, '0');
INSERT INTO Accused (AccusedMasterID, CaseMasterID, AccusedName, AgeYear, GenderID, PersonID) VALUES (1070, 470, 'Lucky Sama', 32, 1, 'A1');
INSERT INTO Accused (AccusedMasterID, CaseMasterID, AccusedName, AgeYear, GenderID, PersonID) VALUES (1071, 470, 'Tanveer Goswami', 54, 1, 'A2');
INSERT INTO Accused (AccusedMasterID, CaseMasterID, AccusedName, AgeYear, GenderID, PersonID) VALUES (1072, 470, 'Aarnav Das', 36, 1, 'A3');
INSERT INTO ActSectionAssociation (CaseMasterID, ActID, SectionID, ActOrderID, SectionOrderID) VALUES (470, 'POCSO', '6', 1, 1);
INSERT INTO ActSectionAssociation (CaseMasterID, ActID, SectionID, ActOrderID, SectionOrderID) VALUES (470, 'NDPS', '27', 2, 2);
INSERT INTO ArrestSurrender (ArrestSurrenderID, CaseMasterID, ArrestSurrenderTypeID, ArrestSurrenderDate, ArrestSurrenderStateId, ArrestSurrenderDistrictId, PoliceStationID, IOID, CourtID, AccusedMasterID, IsAccused, IsComplainantAccused) VALUES (351, 470, 2, '2023-11-24', 1, 23, 22, 8, 18, 1070, TRUE, FALSE);
INSERT INTO inv_arrestsurrenderaccused (ArrestSurrenderID, AccusedMasterID) VALUES (351, 1070);
INSERT INTO Inv_OccuranceTime (CaseMasterID, OccuranceFromDate, OccuranceToDate, PlaceOfOccurance, latitude, longitude) VALUES (470, '2023-11-20T14:27:00', '2023-11-20T14:27:00', 'Mody Nagar, Ramanagara', 12.9553665, 77.634171);

INSERT INTO CaseMaster (CaseMasterID, CrimeNo, CaseNo, CrimeRegisteredDate, PolicePersonID, PoliceStationID, CaseCategoryID, GravityOffenceID, CrimeMajorHeadID, CrimeMinorHeadID, CaseStatusID, CourtID, IncidentFromDate, IncidentToDate, InfoReceivedPSDate, latitude, longitude, BriefFacts) VALUES (471, '300040003202500002', '202500002', '2025-03-05', 28, 3, 3, 1, 6, 35, 1, 3, '2025-03-05T17:37:00', '2025-03-05T17:37:00', '2025-03-05T21:37:00', 15.3290869, 75.1353079, 'On 2025-03-05, at about 5:45 PM, the accused Krishna Soman along with 3 associates formed an unlawful assembly near Deo, Mangaluru (DK) and attacked the complainant Chaitanya Sahni with lethal weapons resulting in injuries.');
INSERT INTO ComplainantDetails (ComplainantID, CaseMasterID, ComplainantName, AgeYear, OccupationID, ReligionID, CasteID, GenderID) VALUES (471, 471, 'Chaitanya Sahni', 50, 8, 7, 3, 1);
INSERT INTO Victim (VictimMasterID, CaseMasterID, VictimName, AgeYear, GenderID, VictimPolice) VALUES (680, 471, 'Dayita Sethi', 57, 2, '0');
INSERT INTO Accused (AccusedMasterID, CaseMasterID, AccusedName, AgeYear, GenderID, PersonID) VALUES (1073, 471, 'Krishna Soman', 49, 2, 'A1');
INSERT INTO Accused (AccusedMasterID, CaseMasterID, AccusedName, AgeYear, GenderID, PersonID) VALUES (1074, 471, 'Yamini Sharma', 31, 1, 'A2');
INSERT INTO Accused (AccusedMasterID, CaseMasterID, AccusedName, AgeYear, GenderID, PersonID) VALUES (1075, 471, 'Saumya Dixit', 41, 1, 'A3');
INSERT INTO Accused (AccusedMasterID, CaseMasterID, AccusedName, AgeYear, GenderID, PersonID) VALUES (1076, 471, 'Gaurav Rout', 30, 1, 'A4');
INSERT INTO ActSectionAssociation (CaseMasterID, ActID, SectionID, ActOrderID, SectionOrderID) VALUES (471, 'POCSO', '8', 1, 1);
INSERT INTO ArrestSurrender (ArrestSurrenderID, CaseMasterID, ArrestSurrenderTypeID, ArrestSurrenderDate, ArrestSurrenderStateId, ArrestSurrenderDistrictId, PoliceStationID, IOID, CourtID, AccusedMasterID, IsAccused, IsComplainantAccused) VALUES (352, 471, 1, '2025-04-08', 1, 4, 3, 45, 3, 1076, TRUE, FALSE);
INSERT INTO inv_arrestsurrenderaccused (ArrestSurrenderID, AccusedMasterID) VALUES (352, 1076);
INSERT INTO ArrestSurrender (ArrestSurrenderID, CaseMasterID, ArrestSurrenderTypeID, ArrestSurrenderDate, ArrestSurrenderStateId, ArrestSurrenderDistrictId, PoliceStationID, IOID, CourtID, AccusedMasterID, IsAccused, IsComplainantAccused) VALUES (353, 471, 2, '2025-03-18', 1, 4, 3, 22, 3, 1074, TRUE, FALSE);
INSERT INTO inv_arrestsurrenderaccused (ArrestSurrenderID, AccusedMasterID) VALUES (353, 1074);
INSERT INTO Inv_OccuranceTime (CaseMasterID, OccuranceFromDate, OccuranceToDate, PlaceOfOccurance, latitude, longitude) VALUES (471, '2025-03-05T17:37:00', '2025-03-05T17:37:00', 'Deo, Mangaluru (DK)', 15.3290869, 75.1353079);

INSERT INTO CaseMaster (CaseMasterID, CrimeNo, CaseNo, CrimeRegisteredDate, PolicePersonID, PoliceStationID, CaseCategoryID, GravityOffenceID, CrimeMajorHeadID, CrimeMinorHeadID, CaseStatusID, CourtID, IncidentFromDate, IncidentToDate, InfoReceivedPSDate, latitude, longitude, BriefFacts) VALUES (472, '100170016202400001', '202400001', '2024-09-10', 71, 16, 1, 3, 3, 22, 5, 40, '2024-09-10T21:50:00', '2024-09-10T21:50:00', '2024-09-10T23:50:00', 12.7910582, 74.8314712, 'A cyber fraud was reported by Harinakshi Zachariah. The accused posed as a bank official and obtained OTP and banking credentials through a phone call on 2024-09-10. An amount of Rs. 250000 was fraudulently transferred from the complainant''s account.');
INSERT INTO ComplainantDetails (ComplainantID, CaseMasterID, ComplainantName, AgeYear, OccupationID, ReligionID, CasteID, GenderID) VALUES (472, 472, 'Harinakshi Zachariah', 22, 2, 2, 5, 1);
INSERT INTO Victim (VictimMasterID, CaseMasterID, VictimName, AgeYear, GenderID, VictimPolice) VALUES (681, 472, 'Saanvi Mall', 54, 1, '0');
INSERT INTO Victim (VictimMasterID, CaseMasterID, VictimName, AgeYear, GenderID, VictimPolice) VALUES (682, 472, 'Frederick Hans', 27, 2, '0');
INSERT INTO Accused (AccusedMasterID, CaseMasterID, AccusedName, AgeYear, GenderID, PersonID) VALUES (1077, 472, 'Noah Bakshi', 41, 2, 'A1');
INSERT INTO ActSectionAssociation (CaseMasterID, ActID, SectionID, ActOrderID, SectionOrderID) VALUES (472, 'NDPS', '20', 1, 1);
INSERT INTO ActSectionAssociation (CaseMasterID, ActID, SectionID, ActOrderID, SectionOrderID) VALUES (472, 'IPC', '354', 2, 2);
INSERT INTO ActSectionAssociation (CaseMasterID, ActID, SectionID, ActOrderID, SectionOrderID) VALUES (472, 'IPC', '34', 3, 3);
INSERT INTO ArrestSurrender (ArrestSurrenderID, CaseMasterID, ArrestSurrenderTypeID, ArrestSurrenderDate, ArrestSurrenderStateId, ArrestSurrenderDistrictId, PoliceStationID, IOID, CourtID, AccusedMasterID, IsAccused, IsComplainantAccused) VALUES (354, 472, 1, '2024-09-28', 1, 17, 16, 12, 40, 1077, TRUE, FALSE);
INSERT INTO inv_arrestsurrenderaccused (ArrestSurrenderID, AccusedMasterID) VALUES (354, 1077);
INSERT INTO Inv_OccuranceTime (CaseMasterID, OccuranceFromDate, OccuranceToDate, PlaceOfOccurance, latitude, longitude) VALUES (472, '2024-09-10T21:50:00', '2024-09-10T21:50:00', 'More, Kodagu', 12.7910582, 74.8314712);

INSERT INTO CaseMaster (CaseMasterID, CrimeNo, CaseNo, CrimeRegisteredDate, PolicePersonID, PoliceStationID, CaseCategoryID, GravityOffenceID, CrimeMajorHeadID, CrimeMinorHeadID, CaseStatusID, CourtID, IncidentFromDate, IncidentToDate, InfoReceivedPSDate, latitude, longitude, BriefFacts) VALUES (473, '300250024202600003', '202600003', '2026-05-25', 52, 24, 3, 1, 2, 13, 1, 22, '2026-05-25T01:04:00', '2026-05-25T03:04:00', '2026-05-25T06:04:00', 13.9945092, 74.8809974, 'The complainant Ranbir Soni reported domestic violence by husband Abhiram Mistry and in-laws. The accused demanded additional dowry of Rs. 10000 and subjected the complainant to physical and mental harassment since 4 years.');
INSERT INTO ComplainantDetails (ComplainantID, CaseMasterID, ComplainantName, AgeYear, OccupationID, ReligionID, CasteID, GenderID) VALUES (473, 473, 'Ranbir Soni', 39, 11, 3, 1, 1);
INSERT INTO Victim (VictimMasterID, CaseMasterID, VictimName, AgeYear, GenderID, VictimPolice) VALUES (683, 473, 'Ranbir Soni', 17, 1, '0');
INSERT INTO Accused (AccusedMasterID, CaseMasterID, AccusedName, AgeYear, GenderID, PersonID) VALUES (1078, 473, 'Abhiram Mistry', 35, 2, 'A1');
INSERT INTO Accused (AccusedMasterID, CaseMasterID, AccusedName, AgeYear, GenderID, PersonID) VALUES (1079, 473, 'Pranit Bahl', 44, 2, 'A2');
INSERT INTO ActSectionAssociation (CaseMasterID, ActID, SectionID, ActOrderID, SectionOrderID) VALUES (473, 'IPC', '148', 1, 1);
INSERT INTO ActSectionAssociation (CaseMasterID, ActID, SectionID, ActOrderID, SectionOrderID) VALUES (473, 'IPC', '302', 2, 2);
INSERT INTO ActSectionAssociation (CaseMasterID, ActID, SectionID, ActOrderID, SectionOrderID) VALUES (473, 'ITA', '66', 3, 3);
INSERT INTO Inv_OccuranceTime (CaseMasterID, OccuranceFromDate, OccuranceToDate, PlaceOfOccurance, latitude, longitude) VALUES (473, '2026-05-25T01:04:00', '2026-05-25T03:04:00', 'Bahl Circle, Chikkamagaluru', 13.9945092, 74.8809974);

INSERT INTO CaseMaster (CaseMasterID, CrimeNo, CaseNo, CrimeRegisteredDate, PolicePersonID, PoliceStationID, CaseCategoryID, GravityOffenceID, CrimeMajorHeadID, CrimeMinorHeadID, CaseStatusID, CourtID, IncidentFromDate, IncidentToDate, InfoReceivedPSDate, latitude, longitude, BriefFacts) VALUES (474, '400220021202400002', '202400002', '2024-05-10', 49, 21, 4, 1, 1, 2, 1, 34, '2024-05-10T23:07:00', '2024-05-11T02:07:00', '2024-05-11T10:07:00', 12.6202611, 75.1252642, 'A case of cheating was reported by Yatan Sawhney stating that the accused Ekani Ratti fraudulently obtained Rs. 1000000 by promising a job in a government department. The accused collected money over a period of 14 months and disappeared.');
INSERT INTO ComplainantDetails (ComplainantID, CaseMasterID, ComplainantName, AgeYear, OccupationID, ReligionID, CasteID, GenderID) VALUES (474, 474, 'Yatan Sawhney', 56, 3, 6, 1, 1);
INSERT INTO Victim (VictimMasterID, CaseMasterID, VictimName, AgeYear, GenderID, VictimPolice) VALUES (684, 474, 'Yatan Sawhney', 34, 1, '0');
INSERT INTO Accused (AccusedMasterID, CaseMasterID, AccusedName, AgeYear, GenderID, PersonID) VALUES (1080, 474, 'Ekani Ratti', 40, 2, 'A1');
INSERT INTO Accused (AccusedMasterID, CaseMasterID, AccusedName, AgeYear, GenderID, PersonID) VALUES (1081, 474, 'Tara Chaudhry', 53, 2, 'A2');
INSERT INTO ActSectionAssociation (CaseMasterID, ActID, SectionID, ActOrderID, SectionOrderID) VALUES (474, 'NDPS', '20', 1, 1);
INSERT INTO ArrestSurrender (ArrestSurrenderID, CaseMasterID, ArrestSurrenderTypeID, ArrestSurrenderDate, ArrestSurrenderStateId, ArrestSurrenderDistrictId, PoliceStationID, IOID, CourtID, AccusedMasterID, IsAccused, IsComplainantAccused) VALUES (355, 474, 2, '2024-07-07', 1, 22, 21, 72, 34, 1081, TRUE, FALSE);
INSERT INTO inv_arrestsurrenderaccused (ArrestSurrenderID, AccusedMasterID) VALUES (355, 1081);
INSERT INTO Inv_OccuranceTime (CaseMasterID, OccuranceFromDate, OccuranceToDate, PlaceOfOccurance, latitude, longitude) VALUES (474, '2024-05-10T23:07:00', '2024-05-11T02:07:00', 'Bath, Bagalkot', 12.6202611, 75.1252642);

INSERT INTO CaseMaster (CaseMasterID, CrimeNo, CaseNo, CrimeRegisteredDate, PolicePersonID, PoliceStationID, CaseCategoryID, GravityOffenceID, CrimeMajorHeadID, CrimeMinorHeadID, CaseStatusID, CourtID, IncidentFromDate, IncidentToDate, InfoReceivedPSDate, latitude, longitude, BriefFacts) VALUES (475, '300210020202500003', '202500003', '2025-01-02', 64, 20, 3, 2, 3, 17, 4, 36, '2025-01-02T09:21:00', '2025-01-02T10:21:00', '2025-01-02T21:21:00', 13.0000853, 77.6312032, 'On 2025-01-02, the Anti-Narcotics squad conducted a raid at Contractor Zila, Koppal and seized 50 grams of MDMA from the possession of the accused Lavanya Kurian. The accused was found to be part of a supply chain operating across Yadgir and Vijayapura.');
INSERT INTO ComplainantDetails (ComplainantID, CaseMasterID, ComplainantName, AgeYear, OccupationID, ReligionID, CasteID, GenderID) VALUES (475, 475, 'Harini Sarkar', 39, 16, 3, 4, 2);
INSERT INTO Victim (VictimMasterID, CaseMasterID, VictimName, AgeYear, GenderID, VictimPolice) VALUES (685, 475, 'Oeshi Bajwa', 48, 1, '0');
INSERT INTO Accused (AccusedMasterID, CaseMasterID, AccusedName, AgeYear, GenderID, PersonID) VALUES (1082, 475, 'Lavanya Kurian', 23, 2, 'A1');
INSERT INTO ActSectionAssociation (CaseMasterID, ActID, SectionID, ActOrderID, SectionOrderID) VALUES (475, 'ITA', '66D', 1, 1);
INSERT INTO ActSectionAssociation (CaseMasterID, ActID, SectionID, ActOrderID, SectionOrderID) VALUES (475, 'NDPS', '20', 2, 2);
INSERT INTO ArrestSurrender (ArrestSurrenderID, CaseMasterID, ArrestSurrenderTypeID, ArrestSurrenderDate, ArrestSurrenderStateId, ArrestSurrenderDistrictId, PoliceStationID, IOID, CourtID, AccusedMasterID, IsAccused, IsComplainantAccused) VALUES (356, 475, 2, '2025-02-11', 1, 21, 20, 56, 36, 1082, TRUE, FALSE);
INSERT INTO inv_arrestsurrenderaccused (ArrestSurrenderID, AccusedMasterID) VALUES (356, 1082);
INSERT INTO Inv_OccuranceTime (CaseMasterID, OccuranceFromDate, OccuranceToDate, PlaceOfOccurance, latitude, longitude) VALUES (475, '2025-01-02T09:21:00', '2025-01-02T10:21:00', 'Contractor Zila, Koppal', 13.0000853, 77.6312032);

INSERT INTO CaseMaster (CaseMasterID, CrimeNo, CaseNo, CrimeRegisteredDate, PolicePersonID, PoliceStationID, CaseCategoryID, GravityOffenceID, CrimeMajorHeadID, CrimeMinorHeadID, CaseStatusID, CourtID, IncidentFromDate, IncidentToDate, InfoReceivedPSDate, latitude, longitude, BriefFacts) VALUES (476, '200090008202600003', '202600003', '2026-06-21', 66, 8, 2, 4, 6, 34, 2, 33, '2026-06-21T19:39:00', '2026-06-21T20:39:00', '2026-06-21T21:39:00', 15.8052179, 74.5609116, 'On 2026-06-21, the complainant Bhavika Dhawan reported that unknown persons broke into their residence at Mohanty Street, Tumakuru and stole cash amounting to Rs. 25000 and gold ornaments. The accused Aadhya Chakraborty was later identified through CCTV footage from a nearby shop.');
INSERT INTO ComplainantDetails (ComplainantID, CaseMasterID, ComplainantName, AgeYear, OccupationID, ReligionID, CasteID, GenderID) VALUES (476, 476, 'Bhavika Dhawan', 48, 3, 7, 5, 1);
INSERT INTO Victim (VictimMasterID, CaseMasterID, VictimName, AgeYear, GenderID, VictimPolice) VALUES (686, 476, 'Bhavika Dhawan', 7, 1, '0');
INSERT INTO Accused (AccusedMasterID, CaseMasterID, AccusedName, AgeYear, GenderID, PersonID) VALUES (1083, 476, 'Aadhya Chakraborty', 34, 2, 'A1');
INSERT INTO Accused (AccusedMasterID, CaseMasterID, AccusedName, AgeYear, GenderID, PersonID) VALUES (1084, 476, 'Omkaar Bhargava', 53, 1, 'A2');
INSERT INTO Accused (AccusedMasterID, CaseMasterID, AccusedName, AgeYear, GenderID, PersonID) VALUES (1085, 476, 'Pratyush Bala', 54, 2, 'A3');
INSERT INTO ActSectionAssociation (CaseMasterID, ActID, SectionID, ActOrderID, SectionOrderID) VALUES (476, 'IPC', '147', 1, 1);
INSERT INTO ActSectionAssociation (CaseMasterID, ActID, SectionID, ActOrderID, SectionOrderID) VALUES (476, 'IPC', '392', 2, 2);
INSERT INTO ArrestSurrender (ArrestSurrenderID, CaseMasterID, ArrestSurrenderTypeID, ArrestSurrenderDate, ArrestSurrenderStateId, ArrestSurrenderDistrictId, PoliceStationID, IOID, CourtID, AccusedMasterID, IsAccused, IsComplainantAccused) VALUES (357, 476, 2, '2026-07-05', 1, 9, 8, 57, 33, 1084, TRUE, FALSE);
INSERT INTO inv_arrestsurrenderaccused (ArrestSurrenderID, AccusedMasterID) VALUES (357, 1084);
INSERT INTO Inv_OccuranceTime (CaseMasterID, OccuranceFromDate, OccuranceToDate, PlaceOfOccurance, latitude, longitude) VALUES (476, '2026-06-21T19:39:00', '2026-06-21T20:39:00', 'Mohanty Street, Tumakuru', 15.8052179, 74.5609116);
INSERT INTO ChargesheetDetails (CSID, CaseMasterID, csdate, cstype, PolicePersonID) VALUES (122, 476, '2026-08-22', 'A', 72);

INSERT INTO CaseMaster (CaseMasterID, CrimeNo, CaseNo, CrimeRegisteredDate, PolicePersonID, PoliceStationID, CaseCategoryID, GravityOffenceID, CrimeMajorHeadID, CrimeMinorHeadID, CaseStatusID, CourtID, IncidentFromDate, IncidentToDate, InfoReceivedPSDate, latitude, longitude, BriefFacts) VALUES (477, '200200019202500002', '202500002', '2025-09-02', 46, 19, 2, 1, 5, 27, 2, 41, '2025-09-02T21:46:00', '2025-09-03T00:46:00', '2025-09-03T07:46:00', 12.8512053, 74.8733223, 'On 2025-09-02, the Anti-Narcotics squad conducted a raid at Kuruvilla Path, Haveri and seized 100 grams of hashish from the possession of the accused Lucky Sachar. The accused was found to be part of a supply chain operating across Udupi and Uttara Kannada.');
INSERT INTO ComplainantDetails (ComplainantID, CaseMasterID, ComplainantName, AgeYear, OccupationID, ReligionID, CasteID, GenderID) VALUES (477, 477, 'Madhavi Chaudhary', 20, 4, 5, 2, 1);
INSERT INTO Victim (VictimMasterID, CaseMasterID, VictimName, AgeYear, GenderID, VictimPolice) VALUES (687, 477, 'Madhavi Chaudhary', 31, 1, '0');
INSERT INTO Accused (AccusedMasterID, CaseMasterID, AccusedName, AgeYear, GenderID, PersonID) VALUES (1086, 477, 'Lucky Sachar', 39, 2, 'A1');
INSERT INTO Accused (AccusedMasterID, CaseMasterID, AccusedName, AgeYear, GenderID, PersonID) VALUES (1087, 477, 'Jai Ben', 37, 2, 'A2');
INSERT INTO ActSectionAssociation (CaseMasterID, ActID, SectionID, ActOrderID, SectionOrderID) VALUES (477, 'ITA', '67', 1, 1);
INSERT INTO ActSectionAssociation (CaseMasterID, ActID, SectionID, ActOrderID, SectionOrderID) VALUES (477, 'IPC', '148', 2, 2);
INSERT INTO Inv_OccuranceTime (CaseMasterID, OccuranceFromDate, OccuranceToDate, PlaceOfOccurance, latitude, longitude) VALUES (477, '2025-09-02T21:46:00', '2025-09-03T00:46:00', 'Kuruvilla Path, Haveri', 12.8512053, 74.8733223);
INSERT INTO ChargesheetDetails (CSID, CaseMasterID, csdate, cstype, PolicePersonID) VALUES (123, 477, '2025-12-12', 'A', 42);

INSERT INTO CaseMaster (CaseMasterID, CrimeNo, CaseNo, CrimeRegisteredDate, PolicePersonID, PoliceStationID, CaseCategoryID, GravityOffenceID, CrimeMajorHeadID, CrimeMinorHeadID, CaseStatusID, CourtID, IncidentFromDate, IncidentToDate, InfoReceivedPSDate, latitude, longitude, BriefFacts) VALUES (478, '800090008202400002', '202400002', '2024-02-21', 62, 8, 8, 3, 3, 18, 2, 37, '2024-02-21T06:05:00', '2024-02-21T09:05:00', '2024-02-21T14:05:00', 12.3370999, 76.6618854, 'On 2024-02-21, at about 11:15 AM, the accused Eesha Shetty along with 3 associates formed an unlawful assembly near Ray Circle, Tumakuru and attacked the complainant Waida Trivedi with lethal weapons resulting in injuries.');
INSERT INTO ComplainantDetails (ComplainantID, CaseMasterID, ComplainantName, AgeYear, OccupationID, ReligionID, CasteID, GenderID) VALUES (478, 478, 'Waida Trivedi', 27, 4, 7, 5, 2);
INSERT INTO Victim (VictimMasterID, CaseMasterID, VictimName, AgeYear, GenderID, VictimPolice) VALUES (688, 478, 'Ishwar Luthra', 47, 1, '0');
INSERT INTO Accused (AccusedMasterID, CaseMasterID, AccusedName, AgeYear, GenderID, PersonID) VALUES (1088, 478, 'Eesha Shetty', 38, 1, 'A1');
INSERT INTO Accused (AccusedMasterID, CaseMasterID, AccusedName, AgeYear, GenderID, PersonID) VALUES (1089, 478, 'Veda Balakrishnan', 45, 2, 'A2');
INSERT INTO ActSectionAssociation (CaseMasterID, ActID, SectionID, ActOrderID, SectionOrderID) VALUES (478, 'ITA', '67', 1, 1);
INSERT INTO ArrestSurrender (ArrestSurrenderID, CaseMasterID, ArrestSurrenderTypeID, ArrestSurrenderDate, ArrestSurrenderStateId, ArrestSurrenderDistrictId, PoliceStationID, IOID, CourtID, AccusedMasterID, IsAccused, IsComplainantAccused) VALUES (358, 478, 1, '2024-04-19', 1, 9, 8, 73, 37, 1088, TRUE, FALSE);
INSERT INTO inv_arrestsurrenderaccused (ArrestSurrenderID, AccusedMasterID) VALUES (358, 1088);
INSERT INTO ArrestSurrender (ArrestSurrenderID, CaseMasterID, ArrestSurrenderTypeID, ArrestSurrenderDate, ArrestSurrenderStateId, ArrestSurrenderDistrictId, PoliceStationID, IOID, CourtID, AccusedMasterID, IsAccused, IsComplainantAccused) VALUES (359, 478, 2, '2024-03-05', 1, 9, 8, 65, 37, 1089, TRUE, FALSE);
INSERT INTO inv_arrestsurrenderaccused (ArrestSurrenderID, AccusedMasterID) VALUES (359, 1089);
INSERT INTO Inv_OccuranceTime (CaseMasterID, OccuranceFromDate, OccuranceToDate, PlaceOfOccurance, latitude, longitude) VALUES (478, '2024-02-21T06:05:00', '2024-02-21T09:05:00', 'Ray Circle, Tumakuru', 12.3370999, 76.6618854);
INSERT INTO ChargesheetDetails (CSID, CaseMasterID, csdate, cstype, PolicePersonID) VALUES (124, 478, '2024-05-08', 'A', 8);

INSERT INTO CaseMaster (CaseMasterID, CrimeNo, CaseNo, CrimeRegisteredDate, PolicePersonID, PoliceStationID, CaseCategoryID, GravityOffenceID, CrimeMajorHeadID, CrimeMinorHeadID, CaseStatusID, CourtID, IncidentFromDate, IncidentToDate, InfoReceivedPSDate, latitude, longitude, BriefFacts) VALUES (479, '100140013202400003', '202400003', '2024-10-02', 25, 13, 1, 1, 1, 6, 3, 21, '2024-10-02T04:33:00', '2024-10-02T06:33:00', '2024-10-02T18:33:00', 12.3147839, 76.6752827, 'The complainant Anirudh Luthra reported domestic violence by husband Niharika Sehgal and in-laws. The accused demanded additional dowry of Rs. 500000 and subjected the complainant to physical and mental harassment since 1 years.');
INSERT INTO ComplainantDetails (ComplainantID, CaseMasterID, ComplainantName, AgeYear, OccupationID, ReligionID, CasteID, GenderID) VALUES (479, 479, 'Anirudh Luthra', 22, 9, 1, 2, 1);
INSERT INTO Victim (VictimMasterID, CaseMasterID, VictimName, AgeYear, GenderID, VictimPolice) VALUES (689, 479, 'Yatin Dass', 75, 1, '0');
INSERT INTO Victim (VictimMasterID, CaseMasterID, VictimName, AgeYear, GenderID, VictimPolice) VALUES (690, 479, 'Lucky Prakash', 47, 1, '0');
INSERT INTO Victim (VictimMasterID, CaseMasterID, VictimName, AgeYear, GenderID, VictimPolice) VALUES (691, 479, 'Yatan Yogi', 35, 2, '0');
INSERT INTO Accused (AccusedMasterID, CaseMasterID, AccusedName, AgeYear, GenderID, PersonID) VALUES (1090, 479, 'Niharika Sehgal', 43, 2, 'A1');
INSERT INTO Accused (AccusedMasterID, CaseMasterID, AccusedName, AgeYear, GenderID, PersonID) VALUES (1091, 479, 'Hredhaan Dugal', 38, 2, 'A2');
INSERT INTO ActSectionAssociation (CaseMasterID, ActID, SectionID, ActOrderID, SectionOrderID) VALUES (479, 'ITA', '66', 1, 1);
INSERT INTO ActSectionAssociation (CaseMasterID, ActID, SectionID, ActOrderID, SectionOrderID) VALUES (479, 'POCSO', '4', 2, 2);
INSERT INTO ArrestSurrender (ArrestSurrenderID, CaseMasterID, ArrestSurrenderTypeID, ArrestSurrenderDate, ArrestSurrenderStateId, ArrestSurrenderDistrictId, PoliceStationID, IOID, CourtID, AccusedMasterID, IsAccused, IsComplainantAccused) VALUES (360, 479, 2, '2024-11-02', 1, 14, 13, 52, 21, 1090, TRUE, FALSE);
INSERT INTO inv_arrestsurrenderaccused (ArrestSurrenderID, AccusedMasterID) VALUES (360, 1090);
INSERT INTO ArrestSurrender (ArrestSurrenderID, CaseMasterID, ArrestSurrenderTypeID, ArrestSurrenderDate, ArrestSurrenderStateId, ArrestSurrenderDistrictId, PoliceStationID, IOID, CourtID, AccusedMasterID, IsAccused, IsComplainantAccused) VALUES (361, 479, 1, '2024-11-11', 1, 14, 13, 64, 21, 1091, TRUE, FALSE);
INSERT INTO inv_arrestsurrenderaccused (ArrestSurrenderID, AccusedMasterID) VALUES (361, 1091);
INSERT INTO Inv_OccuranceTime (CaseMasterID, OccuranceFromDate, OccuranceToDate, PlaceOfOccurance, latitude, longitude) VALUES (479, '2024-10-02T04:33:00', '2024-10-02T06:33:00', 'Tella Zila, Hassan', 12.3147839, 76.6752827);

INSERT INTO CaseMaster (CaseMasterID, CrimeNo, CaseNo, CrimeRegisteredDate, PolicePersonID, PoliceStationID, CaseCategoryID, GravityOffenceID, CrimeMajorHeadID, CrimeMinorHeadID, CaseStatusID, CourtID, IncidentFromDate, IncidentToDate, InfoReceivedPSDate, latitude, longitude, BriefFacts) VALUES (480, '200030002202600002', '202600002', '2026-05-23', 43, 2, 2, 2, 4, 26, 6, 20, '2026-05-23T04:45:00', '2026-05-23T08:45:00', '2026-05-23T13:45:00', 11.9407656, 76.6968536, 'A case of cheating was reported by Benjamin Agarwal stating that the accused Darpan Subramaniam fraudulently obtained Rs. 10000 by promising a job in a government department. The accused collected money over a period of 12 months and disappeared.');
INSERT INTO ComplainantDetails (ComplainantID, CaseMasterID, ComplainantName, AgeYear, OccupationID, ReligionID, CasteID, GenderID) VALUES (480, 480, 'Benjamin Agarwal', 40, 5, 1, 2, 2);
INSERT INTO Victim (VictimMasterID, CaseMasterID, VictimName, AgeYear, GenderID, VictimPolice) VALUES (692, 480, 'Bimala Ganesh', 38, 1, '0');
INSERT INTO Accused (AccusedMasterID, CaseMasterID, AccusedName, AgeYear, GenderID, PersonID) VALUES (1092, 480, 'Darpan Subramaniam', 48, 2, 'A1');
INSERT INTO ActSectionAssociation (CaseMasterID, ActID, SectionID, ActOrderID, SectionOrderID) VALUES (480, 'ITA', '66', 1, 1);
INSERT INTO Inv_OccuranceTime (CaseMasterID, OccuranceFromDate, OccuranceToDate, PlaceOfOccurance, latitude, longitude) VALUES (480, '2026-05-23T04:45:00', '2026-05-23T08:45:00', 'Krishna Road, Mysuru', 11.9407656, 76.6968536);

INSERT INTO CaseMaster (CaseMasterID, CrimeNo, CaseNo, CrimeRegisteredDate, PolicePersonID, PoliceStationID, CaseCategoryID, GravityOffenceID, CrimeMajorHeadID, CrimeMinorHeadID, CaseStatusID, CourtID, IncidentFromDate, IncidentToDate, InfoReceivedPSDate, latitude, longitude, BriefFacts) VALUES (481, '300040003202600001', '202600001', '2026-01-19', 73, 3, 3, 1, 7, 39, 2, 30, '2026-01-19T22:17:00', '2026-01-20T00:17:00', '2026-01-20T01:17:00', 15.4239429, 75.1512084, 'A case of cheating was reported by Indali Kala stating that the accused Charita Chakraborty fraudulently obtained Rs. 100000 by promising a job in a government department. The accused collected money over a period of 7 months and disappeared.');
INSERT INTO ComplainantDetails (ComplainantID, CaseMasterID, ComplainantName, AgeYear, OccupationID, ReligionID, CasteID, GenderID) VALUES (481, 481, 'Indali Kala', 47, 12, 4, 3, 1);
INSERT INTO Victim (VictimMasterID, CaseMasterID, VictimName, AgeYear, GenderID, VictimPolice) VALUES (693, 481, 'Chakradev Edwin', 51, 2, '0');
INSERT INTO Accused (AccusedMasterID, CaseMasterID, AccusedName, AgeYear, GenderID, PersonID) VALUES (1093, 481, 'Charita Chakraborty', 31, 2, 'A1');
INSERT INTO Accused (AccusedMasterID, CaseMasterID, AccusedName, AgeYear, GenderID, PersonID) VALUES (1094, 481, 'Ati Sankaran', 45, 2, 'A2');
INSERT INTO ActSectionAssociation (CaseMasterID, ActID, SectionID, ActOrderID, SectionOrderID) VALUES (481, 'ITA', '66', 1, 1);
INSERT INTO ActSectionAssociation (CaseMasterID, ActID, SectionID, ActOrderID, SectionOrderID) VALUES (481, 'POCSO', '6', 2, 2);
INSERT INTO ActSectionAssociation (CaseMasterID, ActID, SectionID, ActOrderID, SectionOrderID) VALUES (481, 'NDPS', '20', 3, 3);
INSERT INTO Inv_OccuranceTime (CaseMasterID, OccuranceFromDate, OccuranceToDate, PlaceOfOccurance, latitude, longitude) VALUES (481, '2026-01-19T22:17:00', '2026-01-20T00:17:00', 'Das Marg, Mangaluru (DK)', 15.4239429, 75.1512084);
INSERT INTO ChargesheetDetails (CSID, CaseMasterID, csdate, cstype, PolicePersonID) VALUES (125, 481, '2026-07-17', 'A', 35);

INSERT INTO CaseMaster (CaseMasterID, CrimeNo, CaseNo, CrimeRegisteredDate, PolicePersonID, PoliceStationID, CaseCategoryID, GravityOffenceID, CrimeMajorHeadID, CrimeMinorHeadID, CaseStatusID, CourtID, IncidentFromDate, IncidentToDate, InfoReceivedPSDate, latitude, longitude, BriefFacts) VALUES (482, '800290028202400002', '202400002', '2024-03-01', 7, 28, 8, 4, 4, 26, 6, 16, '2024-03-01T14:29:00', '2024-03-01T14:29:00', '2024-03-01T14:29:00', 12.9448612, 77.6335361, 'The complainant Hema Lal reported domestic violence by husband Krish Lalla and in-laws. The accused demanded additional dowry of Rs. 100000 and subjected the complainant to physical and mental harassment since 2 years.');
INSERT INTO ComplainantDetails (ComplainantID, CaseMasterID, ComplainantName, AgeYear, OccupationID, ReligionID, CasteID, GenderID) VALUES (482, 482, 'Hema Lal', 45, 9, 1, 2, 2);
INSERT INTO Victim (VictimMasterID, CaseMasterID, VictimName, AgeYear, GenderID, VictimPolice) VALUES (694, 482, 'Anjali Korpal', 67, 2, '0');
INSERT INTO Accused (AccusedMasterID, CaseMasterID, AccusedName, AgeYear, GenderID, PersonID) VALUES (1095, 482, 'Krish Lalla', 41, 2, 'A1');
INSERT INTO Accused (AccusedMasterID, CaseMasterID, AccusedName, AgeYear, GenderID, PersonID) VALUES (1096, 482, 'Tripti Narasimhan', 38, 1, 'A2');
INSERT INTO ActSectionAssociation (CaseMasterID, ActID, SectionID, ActOrderID, SectionOrderID) VALUES (482, 'NDPS', '27', 1, 1);
INSERT INTO ArrestSurrender (ArrestSurrenderID, CaseMasterID, ArrestSurrenderTypeID, ArrestSurrenderDate, ArrestSurrenderStateId, ArrestSurrenderDistrictId, PoliceStationID, IOID, CourtID, AccusedMasterID, IsAccused, IsComplainantAccused) VALUES (362, 482, 2, '2024-04-23', 1, 29, 28, 63, 16, 1096, TRUE, FALSE);
INSERT INTO inv_arrestsurrenderaccused (ArrestSurrenderID, AccusedMasterID) VALUES (362, 1096);
INSERT INTO ArrestSurrender (ArrestSurrenderID, CaseMasterID, ArrestSurrenderTypeID, ArrestSurrenderDate, ArrestSurrenderStateId, ArrestSurrenderDistrictId, PoliceStationID, IOID, CourtID, AccusedMasterID, IsAccused, IsComplainantAccused) VALUES (363, 482, 2, '2024-04-17', 1, 29, 28, 63, 16, 1095, TRUE, FALSE);
INSERT INTO inv_arrestsurrenderaccused (ArrestSurrenderID, AccusedMasterID) VALUES (363, 1095);
INSERT INTO Inv_OccuranceTime (CaseMasterID, OccuranceFromDate, OccuranceToDate, PlaceOfOccurance, latitude, longitude) VALUES (482, '2024-03-01T14:29:00', '2024-03-01T14:29:00', 'Om Path, Uttara Kannada', 12.9448612, 77.6335361);

INSERT INTO CaseMaster (CaseMasterID, CrimeNo, CaseNo, CrimeRegisteredDate, PolicePersonID, PoliceStationID, CaseCategoryID, GravityOffenceID, CrimeMajorHeadID, CrimeMinorHeadID, CaseStatusID, CourtID, IncidentFromDate, IncidentToDate, InfoReceivedPSDate, latitude, longitude, BriefFacts) VALUES (483, '300010030202300001', '202300001', '2023-07-31', 65, 30, 3, 1, 8, 42, 2, 3, '2023-07-31T20:07:00', '2023-07-31T21:07:00', '2023-08-01T03:07:00', 12.874219, 74.8039036, 'The complainant Aarnav Soni reported domestic violence by husband Aditya Ghose and in-laws. The accused demanded additional dowry of Rs. 10000 and subjected the complainant to physical and mental harassment since 4 years.');
INSERT INTO ComplainantDetails (ComplainantID, CaseMasterID, ComplainantName, AgeYear, OccupationID, ReligionID, CasteID, GenderID) VALUES (483, 483, 'Aarnav Soni', 64, 8, 3, 1, 2);
INSERT INTO Victim (VictimMasterID, CaseMasterID, VictimName, AgeYear, GenderID, VictimPolice) VALUES (695, 483, 'Aarnav Soni', 48, 1, '0');
INSERT INTO Victim (VictimMasterID, CaseMasterID, VictimName, AgeYear, GenderID, VictimPolice) VALUES (696, 483, 'Finn Brahmbhatt', 32, 2, '0');
INSERT INTO Accused (AccusedMasterID, CaseMasterID, AccusedName, AgeYear, GenderID, PersonID) VALUES (1097, 483, 'Aditya Ghose', 43, 1, 'A1');
INSERT INTO ActSectionAssociation (CaseMasterID, ActID, SectionID, ActOrderID, SectionOrderID) VALUES (483, 'ITA', '66', 1, 1);
INSERT INTO ArrestSurrender (ArrestSurrenderID, CaseMasterID, ArrestSurrenderTypeID, ArrestSurrenderDate, ArrestSurrenderStateId, ArrestSurrenderDistrictId, PoliceStationID, IOID, CourtID, AccusedMasterID, IsAccused, IsComplainantAccused) VALUES (364, 483, 1, '2023-08-01', 1, 1, 30, 59, 3, 1097, TRUE, FALSE);
INSERT INTO inv_arrestsurrenderaccused (ArrestSurrenderID, AccusedMasterID) VALUES (364, 1097);
INSERT INTO Inv_OccuranceTime (CaseMasterID, OccuranceFromDate, OccuranceToDate, PlaceOfOccurance, latitude, longitude) VALUES (483, '2023-07-31T20:07:00', '2023-07-31T21:07:00', 'Suresh Marg, Bengaluru Urban', 12.874219, 74.8039036);
INSERT INTO ChargesheetDetails (CSID, CaseMasterID, csdate, cstype, PolicePersonID) VALUES (126, 483, '2023-11-27', 'A', 79);

INSERT INTO CaseMaster (CaseMasterID, CrimeNo, CaseNo, CrimeRegisteredDate, PolicePersonID, PoliceStationID, CaseCategoryID, GravityOffenceID, CrimeMajorHeadID, CrimeMinorHeadID, CaseStatusID, CourtID, IncidentFromDate, IncidentToDate, InfoReceivedPSDate, latitude, longitude, BriefFacts) VALUES (484, '100230022202500005', '202500005', '2025-02-23', 6, 22, 1, 1, 5, 29, 3, 25, '2025-02-23T13:44:00', '2025-02-23T17:44:00', '2025-02-23T19:44:00', 15.3130229, 75.0978228, 'The victim Ishita Ram, aged 43, was assaulted by the accused Abhiram Dash near Prabhakar Chowk, Ramanagara on 2025-02-23 at approximately 12:15 PM. The accused used a sharp weapon causing grievous injuries. The victim was rushed to Jayadeva Hospital for treatment.');
INSERT INTO ComplainantDetails (ComplainantID, CaseMasterID, ComplainantName, AgeYear, OccupationID, ReligionID, CasteID, GenderID) VALUES (484, 484, 'Jatin Pandit', 42, 14, 1, 4, 1);
INSERT INTO Victim (VictimMasterID, CaseMasterID, VictimName, AgeYear, GenderID, VictimPolice) VALUES (697, 484, 'Ishita Ram', 22, 3, '0');
INSERT INTO Accused (AccusedMasterID, CaseMasterID, AccusedName, AgeYear, GenderID, PersonID) VALUES (1098, 484, 'Abhiram Dash', 23, 1, 'A1');
INSERT INTO ActSectionAssociation (CaseMasterID, ActID, SectionID, ActOrderID, SectionOrderID) VALUES (484, 'POCSO', '4', 1, 1);
INSERT INTO Inv_OccuranceTime (CaseMasterID, OccuranceFromDate, OccuranceToDate, PlaceOfOccurance, latitude, longitude) VALUES (484, '2025-02-23T13:44:00', '2025-02-23T17:44:00', 'Prabhakar Chowk, Ramanagara', 15.3130229, 75.0978228);

INSERT INTO CaseMaster (CaseMasterID, CrimeNo, CaseNo, CrimeRegisteredDate, PolicePersonID, PoliceStationID, CaseCategoryID, GravityOffenceID, CrimeMajorHeadID, CrimeMinorHeadID, CaseStatusID, CourtID, IncidentFromDate, IncidentToDate, InfoReceivedPSDate, latitude, longitude, BriefFacts) VALUES (485, '800020001202600002', '202600002', '2026-05-05', 10, 1, 8, 3, 2, 13, 1, 30, '2026-05-05T09:39:00', '2026-05-05T10:39:00', '2026-05-05T16:39:00', 13.6692123, 76.2162451, 'On 2026-05-05, the complainant Aditya Kant reported that their two-wheeler bearing registration number KA-13-WY-1180 was stolen from Kaur Ganj, Bengaluru Rural. The vehicle was parked outside a shopping mall and was found missing when the complainant returned.');
INSERT INTO ComplainantDetails (ComplainantID, CaseMasterID, ComplainantName, AgeYear, OccupationID, ReligionID, CasteID, GenderID) VALUES (485, 485, 'Aditya Kant', 47, 12, 5, 2, 2);
INSERT INTO Victim (VictimMasterID, CaseMasterID, VictimName, AgeYear, GenderID, VictimPolice) VALUES (698, 485, 'Avni Parmar', 70, 1, '0');
INSERT INTO Victim (VictimMasterID, CaseMasterID, VictimName, AgeYear, GenderID, VictimPolice) VALUES (699, 485, 'Janani Bansal', 48, 1, '0');
INSERT INTO Accused (AccusedMasterID, CaseMasterID, AccusedName, AgeYear, GenderID, PersonID) VALUES (1099, 485, 'Gautam Mitter', 33, 2, 'A1');
INSERT INTO Accused (AccusedMasterID, CaseMasterID, AccusedName, AgeYear, GenderID, PersonID) VALUES (1100, 485, 'Waida Kadakia', 34, 1, 'A2');
INSERT INTO Accused (AccusedMasterID, CaseMasterID, AccusedName, AgeYear, GenderID, PersonID) VALUES (1101, 485, 'Aarush Nath', 51, 2, 'A3');
INSERT INTO ActSectionAssociation (CaseMasterID, ActID, SectionID, ActOrderID, SectionOrderID) VALUES (485, 'IPC', '304', 1, 1);
INSERT INTO ActSectionAssociation (CaseMasterID, ActID, SectionID, ActOrderID, SectionOrderID) VALUES (485, 'NDPS', '27', 2, 2);
INSERT INTO ArrestSurrender (ArrestSurrenderID, CaseMasterID, ArrestSurrenderTypeID, ArrestSurrenderDate, ArrestSurrenderStateId, ArrestSurrenderDistrictId, PoliceStationID, IOID, CourtID, AccusedMasterID, IsAccused, IsComplainantAccused) VALUES (365, 485, 2, '2026-05-09', 1, 2, 1, 22, 30, 1099, TRUE, FALSE);
INSERT INTO inv_arrestsurrenderaccused (ArrestSurrenderID, AccusedMasterID) VALUES (365, 1099);
INSERT INTO Inv_OccuranceTime (CaseMasterID, OccuranceFromDate, OccuranceToDate, PlaceOfOccurance, latitude, longitude) VALUES (485, '2026-05-05T09:39:00', '2026-05-05T10:39:00', 'Kaur Ganj, Bengaluru Rural', 13.6692123, 76.2162451);

INSERT INTO CaseMaster (CaseMasterID, CrimeNo, CaseNo, CrimeRegisteredDate, PolicePersonID, PoliceStationID, CaseCategoryID, GravityOffenceID, CrimeMajorHeadID, CrimeMinorHeadID, CaseStatusID, CourtID, IncidentFromDate, IncidentToDate, InfoReceivedPSDate, latitude, longitude, BriefFacts) VALUES (486, '300290028202300001', '202300001', '2023-07-21', 21, 28, 3, 4, 1, 6, 6, 38, '2023-07-21T10:51:00', '2023-07-21T14:51:00', '2023-07-21T18:51:00', 12.7422944, 74.7854121, 'On 2023-07-21, at about 5:30 PM, the accused Dhruv Dave along with 6 associates formed an unlawful assembly near Datta Zila, Uttara Kannada and attacked the complainant Indrajit Mall with lethal weapons resulting in injuries.');
INSERT INTO ComplainantDetails (ComplainantID, CaseMasterID, ComplainantName, AgeYear, OccupationID, ReligionID, CasteID, GenderID) VALUES (486, 486, 'Indrajit Mall', 64, 11, 1, 2, 2);
INSERT INTO Victim (VictimMasterID, CaseMasterID, VictimName, AgeYear, GenderID, VictimPolice) VALUES (700, 486, 'Onkar Hari', 29, 3, '0');
INSERT INTO Victim (VictimMasterID, CaseMasterID, VictimName, AgeYear, GenderID, VictimPolice) VALUES (701, 486, 'Vedant Virk', 48, 1, '0');
INSERT INTO Victim (VictimMasterID, CaseMasterID, VictimName, AgeYear, GenderID, VictimPolice) VALUES (702, 486, 'Rehaan Bajaj', 75, 3, '0');
INSERT INTO Accused (AccusedMasterID, CaseMasterID, AccusedName, AgeYear, GenderID, PersonID) VALUES (1102, 486, 'Dhruv Dave', 55, 1, 'A1');
INSERT INTO ActSectionAssociation (CaseMasterID, ActID, SectionID, ActOrderID, SectionOrderID) VALUES (486, 'ITA', '66D', 1, 1);
INSERT INTO ActSectionAssociation (CaseMasterID, ActID, SectionID, ActOrderID, SectionOrderID) VALUES (486, 'IPC', '120B', 2, 2);
INSERT INTO Inv_OccuranceTime (CaseMasterID, OccuranceFromDate, OccuranceToDate, PlaceOfOccurance, latitude, longitude) VALUES (486, '2023-07-21T10:51:00', '2023-07-21T14:51:00', 'Datta Zila, Uttara Kannada', 12.7422944, 74.7854121);

INSERT INTO CaseMaster (CaseMasterID, CrimeNo, CaseNo, CrimeRegisteredDate, PolicePersonID, PoliceStationID, CaseCategoryID, GravityOffenceID, CrimeMajorHeadID, CrimeMinorHeadID, CaseStatusID, CourtID, IncidentFromDate, IncidentToDate, InfoReceivedPSDate, latitude, longitude, BriefFacts) VALUES (487, '300290028202600001', '202600001', '2026-07-05', 64, 28, 3, 1, 3, 17, 1, 9, '2026-07-05T06:15:00', '2026-07-05T08:15:00', '2026-07-05T12:15:00', 12.9673896, 77.6552249, 'The victim Charles Naidu, aged 29, was assaulted by the accused Niharika Mahal near Vasa Zila, Uttara Kannada on 2026-07-05 at approximately 8:15 AM. The accused used a sharp weapon causing grievous injuries. The victim was rushed to Victoria Hospital for treatment.');
INSERT INTO ComplainantDetails (ComplainantID, CaseMasterID, ComplainantName, AgeYear, OccupationID, ReligionID, CasteID, GenderID) VALUES (487, 487, 'Sudiksha Agate', 46, 16, 4, 1, 1);
INSERT INTO Victim (VictimMasterID, CaseMasterID, VictimName, AgeYear, GenderID, VictimPolice) VALUES (703, 487, 'Charles Naidu', 53, 1, '0');
INSERT INTO Victim (VictimMasterID, CaseMasterID, VictimName, AgeYear, GenderID, VictimPolice) VALUES (704, 487, 'Warhi Pathak', 52, 1, '0');
INSERT INTO Accused (AccusedMasterID, CaseMasterID, AccusedName, AgeYear, GenderID, PersonID) VALUES (1103, 487, 'Niharika Mahal', 22, 2, 'A1');
INSERT INTO Accused (AccusedMasterID, CaseMasterID, AccusedName, AgeYear, GenderID, PersonID) VALUES (1104, 487, 'Udarsh Batta', 24, 2, 'A2');
INSERT INTO Accused (AccusedMasterID, CaseMasterID, AccusedName, AgeYear, GenderID, PersonID) VALUES (1105, 487, 'Abhiram Mistry', 52, 2, 'A3');
INSERT INTO ActSectionAssociation (CaseMasterID, ActID, SectionID, ActOrderID, SectionOrderID) VALUES (487, 'IPC', '341', 1, 1);
INSERT INTO ActSectionAssociation (CaseMasterID, ActID, SectionID, ActOrderID, SectionOrderID) VALUES (487, 'POCSO', '4', 2, 2);
INSERT INTO ActSectionAssociation (CaseMasterID, ActID, SectionID, ActOrderID, SectionOrderID) VALUES (487, 'ITA', '66C', 3, 3);
INSERT INTO ArrestSurrender (ArrestSurrenderID, CaseMasterID, ArrestSurrenderTypeID, ArrestSurrenderDate, ArrestSurrenderStateId, ArrestSurrenderDistrictId, PoliceStationID, IOID, CourtID, AccusedMasterID, IsAccused, IsComplainantAccused) VALUES (366, 487, 2, '2026-08-28', 1, 29, 28, 43, 9, 1104, TRUE, FALSE);
INSERT INTO inv_arrestsurrenderaccused (ArrestSurrenderID, AccusedMasterID) VALUES (366, 1104);
INSERT INTO Inv_OccuranceTime (CaseMasterID, OccuranceFromDate, OccuranceToDate, PlaceOfOccurance, latitude, longitude) VALUES (487, '2026-07-05T06:15:00', '2026-07-05T08:15:00', 'Vasa Zila, Uttara Kannada', 12.9673896, 77.6552249);

INSERT INTO CaseMaster (CaseMasterID, CrimeNo, CaseNo, CrimeRegisteredDate, PolicePersonID, PoliceStationID, CaseCategoryID, GravityOffenceID, CrimeMajorHeadID, CrimeMinorHeadID, CaseStatusID, CourtID, IncidentFromDate, IncidentToDate, InfoReceivedPSDate, latitude, longitude, BriefFacts) VALUES (488, '400100009202400004', '202400004', '2024-05-13', 79, 9, 4, 4, 5, 30, 1, 38, '2024-05-13T21:48:00', '2024-05-13T22:48:00', '2024-05-14T07:48:00', 14.3089462, 75.4530557, 'The complainant Saumya Mutti reported domestic violence by husband Finn Bakshi and in-laws. The accused demanded additional dowry of Rs. 50000 and subjected the complainant to physical and mental harassment since 1 years.');
INSERT INTO ComplainantDetails (ComplainantID, CaseMasterID, ComplainantName, AgeYear, OccupationID, ReligionID, CasteID, GenderID) VALUES (488, 488, 'Saumya Mutti', 55, 4, 2, 4, 1);
INSERT INTO Victim (VictimMasterID, CaseMasterID, VictimName, AgeYear, GenderID, VictimPolice) VALUES (705, 488, 'Manya Hayer', 64, 1, '0');
INSERT INTO Accused (AccusedMasterID, CaseMasterID, AccusedName, AgeYear, GenderID, PersonID) VALUES (1106, 488, 'Finn Bakshi', 39, 1, 'A1');
INSERT INTO ActSectionAssociation (CaseMasterID, ActID, SectionID, ActOrderID, SectionOrderID) VALUES (488, 'NDPS', '27', 1, 1);
INSERT INTO Inv_OccuranceTime (CaseMasterID, OccuranceFromDate, OccuranceToDate, PlaceOfOccurance, latitude, longitude) VALUES (488, '2024-05-13T21:48:00', '2024-05-13T22:48:00', 'Sampath Ganj, Shivamogga', 14.3089462, 75.4530557);

INSERT INTO CaseMaster (CaseMasterID, CrimeNo, CaseNo, CrimeRegisteredDate, PolicePersonID, PoliceStationID, CaseCategoryID, GravityOffenceID, CrimeMajorHeadID, CrimeMinorHeadID, CaseStatusID, CourtID, IncidentFromDate, IncidentToDate, InfoReceivedPSDate, latitude, longitude, BriefFacts) VALUES (489, '200260025202600003', '202600003', '2026-05-28', 44, 25, 2, 2, 4, 26, 3, 9, '2026-05-28T00:35:00', '2026-05-28T04:35:00', '2026-05-28T11:35:00', 15.7460126, 74.4478003, 'On 2026-05-28, the complainant Ronith Gala reported that unknown persons broke into their residence at Bajwa Marg, Yadgir and stole cash amounting to Rs. 250000 and gold ornaments. The accused Ayaan Srinivasan was later identified through CCTV footage from a nearby shop.');
INSERT INTO ComplainantDetails (ComplainantID, CaseMasterID, ComplainantName, AgeYear, OccupationID, ReligionID, CasteID, GenderID) VALUES (489, 489, 'Ronith Gala', 40, 3, 4, 3, 2);
INSERT INTO Victim (VictimMasterID, CaseMasterID, VictimName, AgeYear, GenderID, VictimPolice) VALUES (706, 489, 'Deepa Bhatnagar', 53, 3, '0');
INSERT INTO Victim (VictimMasterID, CaseMasterID, VictimName, AgeYear, GenderID, VictimPolice) VALUES (707, 489, 'Zashil Kota', 49, 1, '1');
INSERT INTO Victim (VictimMasterID, CaseMasterID, VictimName, AgeYear, GenderID, VictimPolice) VALUES (708, 489, 'Urvashi Khare', 25, 3, '0');
INSERT INTO Accused (AccusedMasterID, CaseMasterID, AccusedName, AgeYear, GenderID, PersonID) VALUES (1107, 489, 'Ayaan Srinivasan', 23, 1, 'A1');
INSERT INTO ActSectionAssociation (CaseMasterID, ActID, SectionID, ActOrderID, SectionOrderID) VALUES (489, 'NDPS', '20', 1, 1);
INSERT INTO ActSectionAssociation (CaseMasterID, ActID, SectionID, ActOrderID, SectionOrderID) VALUES (489, 'IPC', '147', 2, 2);
INSERT INTO ActSectionAssociation (CaseMasterID, ActID, SectionID, ActOrderID, SectionOrderID) VALUES (489, 'POCSO', '6', 3, 3);
INSERT INTO ArrestSurrender (ArrestSurrenderID, CaseMasterID, ArrestSurrenderTypeID, ArrestSurrenderDate, ArrestSurrenderStateId, ArrestSurrenderDistrictId, PoliceStationID, IOID, CourtID, AccusedMasterID, IsAccused, IsComplainantAccused) VALUES (367, 489, 1, '2026-07-26', 1, 26, 25, 44, 9, 1107, TRUE, FALSE);
INSERT INTO inv_arrestsurrenderaccused (ArrestSurrenderID, AccusedMasterID) VALUES (367, 1107);
INSERT INTO Inv_OccuranceTime (CaseMasterID, OccuranceFromDate, OccuranceToDate, PlaceOfOccurance, latitude, longitude) VALUES (489, '2026-05-28T00:35:00', '2026-05-28T04:35:00', 'Bajwa Marg, Yadgir', 15.7460126, 74.4478003);

INSERT INTO CaseMaster (CaseMasterID, CrimeNo, CaseNo, CrimeRegisteredDate, PolicePersonID, PoliceStationID, CaseCategoryID, GravityOffenceID, CrimeMajorHeadID, CrimeMinorHeadID, CaseStatusID, CourtID, IncidentFromDate, IncidentToDate, InfoReceivedPSDate, latitude, longitude, BriefFacts) VALUES (490, '800160015202600001', '202600001', '2026-05-29', 13, 15, 8, 4, 6, 32, 1, 32, '2026-05-29T16:28:00', '2026-05-29T16:28:00', '2026-05-30T01:28:00', 12.8457191, 75.5542986, 'A cyber fraud was reported by Gauri Venkatesh. The accused posed as a bank official and obtained OTP and banking credentials through a phone call on 2026-05-29. An amount of Rs. 100000 was fraudulently transferred from the complainant''s account.');
INSERT INTO ComplainantDetails (ComplainantID, CaseMasterID, ComplainantName, AgeYear, OccupationID, ReligionID, CasteID, GenderID) VALUES (490, 490, 'Gauri Venkatesh', 55, 15, 7, 4, 2);
INSERT INTO Victim (VictimMasterID, CaseMasterID, VictimName, AgeYear, GenderID, VictimPolice) VALUES (709, 490, 'Elijah Sarna', 60, 1, '1');
INSERT INTO Accused (AccusedMasterID, CaseMasterID, AccusedName, AgeYear, GenderID, PersonID) VALUES (1108, 490, 'Lavanya Barad', 37, 2, 'A1');
INSERT INTO ActSectionAssociation (CaseMasterID, ActID, SectionID, ActOrderID, SectionOrderID) VALUES (490, 'ITA', '66C', 1, 1);
INSERT INTO ActSectionAssociation (CaseMasterID, ActID, SectionID, ActOrderID, SectionOrderID) VALUES (490, 'IPC', '149', 2, 2);
INSERT INTO ArrestSurrender (ArrestSurrenderID, CaseMasterID, ArrestSurrenderTypeID, ArrestSurrenderDate, ArrestSurrenderStateId, ArrestSurrenderDistrictId, PoliceStationID, IOID, CourtID, AccusedMasterID, IsAccused, IsComplainantAccused) VALUES (368, 490, 2, '2026-06-14', 1, 16, 15, 58, 32, 1108, TRUE, FALSE);
INSERT INTO inv_arrestsurrenderaccused (ArrestSurrenderID, AccusedMasterID) VALUES (368, 1108);
INSERT INTO Inv_OccuranceTime (CaseMasterID, OccuranceFromDate, OccuranceToDate, PlaceOfOccurance, latitude, longitude) VALUES (490, '2026-05-29T16:28:00', '2026-05-29T16:28:00', 'Sekhon Zila, Mandya', 12.8457191, 75.5542986);

INSERT INTO CaseMaster (CaseMasterID, CrimeNo, CaseNo, CrimeRegisteredDate, PolicePersonID, PoliceStationID, CaseCategoryID, GravityOffenceID, CrimeMajorHeadID, CrimeMinorHeadID, CaseStatusID, CourtID, IncidentFromDate, IncidentToDate, InfoReceivedPSDate, latitude, longitude, BriefFacts) VALUES (491, '300010030202500003', '202500003', '2025-04-08', 64, 30, 3, 3, 3, 22, 1, 1, '2025-04-08T18:19:00', '2025-04-08T21:19:00', '2025-04-09T08:19:00', 15.4435911, 75.0643044, 'On 2025-04-08, the Anti-Narcotics squad conducted a raid at Mitra Nagar, Bengaluru Urban and seized 500 grams of ganja from the possession of the accused David Sathe. The accused was found to be part of a supply chain operating across Mangaluru (DK) and Mangaluru (DK).');
INSERT INTO ComplainantDetails (ComplainantID, CaseMasterID, ComplainantName, AgeYear, OccupationID, ReligionID, CasteID, GenderID) VALUES (491, 491, 'Darsh Bandi', 23, 16, 5, 4, 2);
INSERT INTO Victim (VictimMasterID, CaseMasterID, VictimName, AgeYear, GenderID, VictimPolice) VALUES (710, 491, 'Dhriti Bhattacharyya', 62, 2, '0');
INSERT INTO Accused (AccusedMasterID, CaseMasterID, AccusedName, AgeYear, GenderID, PersonID) VALUES (1109, 491, 'David Sathe', 44, 2, 'A1');
INSERT INTO Accused (AccusedMasterID, CaseMasterID, AccusedName, AgeYear, GenderID, PersonID) VALUES (1110, 491, 'Dominic Chaudry', 50, 2, 'A2');
INSERT INTO Accused (AccusedMasterID, CaseMasterID, AccusedName, AgeYear, GenderID, PersonID) VALUES (1111, 491, 'Charles Menon', 42, 1, 'A3');
INSERT INTO ActSectionAssociation (CaseMasterID, ActID, SectionID, ActOrderID, SectionOrderID) VALUES (491, 'POCSO', '6', 1, 1);
INSERT INTO ActSectionAssociation (CaseMasterID, ActID, SectionID, ActOrderID, SectionOrderID) VALUES (491, 'IPC', '427', 2, 2);
INSERT INTO ArrestSurrender (ArrestSurrenderID, CaseMasterID, ArrestSurrenderTypeID, ArrestSurrenderDate, ArrestSurrenderStateId, ArrestSurrenderDistrictId, PoliceStationID, IOID, CourtID, AccusedMasterID, IsAccused, IsComplainantAccused) VALUES (369, 491, 2, '2025-05-10', 1, 1, 30, 49, 1, 1111, TRUE, FALSE);
INSERT INTO inv_arrestsurrenderaccused (ArrestSurrenderID, AccusedMasterID) VALUES (369, 1111);
INSERT INTO Inv_OccuranceTime (CaseMasterID, OccuranceFromDate, OccuranceToDate, PlaceOfOccurance, latitude, longitude) VALUES (491, '2025-04-08T18:19:00', '2025-04-08T21:19:00', 'Mitra Nagar, Bengaluru Urban', 15.4435911, 75.0643044);

INSERT INTO CaseMaster (CaseMasterID, CrimeNo, CaseNo, CrimeRegisteredDate, PolicePersonID, PoliceStationID, CaseCategoryID, GravityOffenceID, CrimeMajorHeadID, CrimeMinorHeadID, CaseStatusID, CourtID, IncidentFromDate, IncidentToDate, InfoReceivedPSDate, latitude, longitude, BriefFacts) VALUES (492, '800290028202600001', '202600001', '2026-01-30', 45, 28, 8, 4, 1, 1, 4, 25, '2026-01-30T20:45:00', '2026-01-30T23:45:00', '2026-01-31T00:45:00', 16.6023971, 74.8189834, 'On 2026-01-30, the Anti-Narcotics squad conducted a raid at Anne Ganj, Uttara Kannada and seized 100 grams of MDMA from the possession of the accused Samar Lalla. The accused was found to be part of a supply chain operating across Ballari and Mandya.');
INSERT INTO ComplainantDetails (ComplainantID, CaseMasterID, ComplainantName, AgeYear, OccupationID, ReligionID, CasteID, GenderID) VALUES (492, 492, 'Gopal Roy', 49, 6, 6, 4, 1);
INSERT INTO Victim (VictimMasterID, CaseMasterID, VictimName, AgeYear, GenderID, VictimPolice) VALUES (711, 492, 'Gopal Roy', 15, 1, '0');
INSERT INTO Accused (AccusedMasterID, CaseMasterID, AccusedName, AgeYear, GenderID, PersonID) VALUES (1112, 492, 'Samar Lalla', 40, 1, 'A1');
INSERT INTO Accused (AccusedMasterID, CaseMasterID, AccusedName, AgeYear, GenderID, PersonID) VALUES (1113, 492, 'Faqid Dixit', 44, 1, 'A2');
INSERT INTO Accused (AccusedMasterID, CaseMasterID, AccusedName, AgeYear, GenderID, PersonID) VALUES (1114, 492, 'Leena Shetty', 20, 2, 'A3');
INSERT INTO ActSectionAssociation (CaseMasterID, ActID, SectionID, ActOrderID, SectionOrderID) VALUES (492, 'NDPS', '22', 1, 1);
INSERT INTO ActSectionAssociation (CaseMasterID, ActID, SectionID, ActOrderID, SectionOrderID) VALUES (492, 'NDPS', '20', 2, 2);
INSERT INTO Inv_OccuranceTime (CaseMasterID, OccuranceFromDate, OccuranceToDate, PlaceOfOccurance, latitude, longitude) VALUES (492, '2026-01-30T20:45:00', '2026-01-30T23:45:00', 'Anne Ganj, Uttara Kannada', 16.6023971, 74.8189834);

INSERT INTO CaseMaster (CaseMasterID, CrimeNo, CaseNo, CrimeRegisteredDate, PolicePersonID, PoliceStationID, CaseCategoryID, GravityOffenceID, CrimeMajorHeadID, CrimeMinorHeadID, CaseStatusID, CourtID, IncidentFromDate, IncidentToDate, InfoReceivedPSDate, latitude, longitude, BriefFacts) VALUES (493, '200030002202500001', '202500001', '2025-12-01', 19, 2, 2, 2, 7, 40, 2, 15, '2025-12-01T22:56:00', '2025-12-01T22:56:00', '2025-12-02T04:56:00', 15.8998243, 74.5048523, 'On 2025-12-01, the complainant Harinakshi Bal reported that their lorry bearing registration number KA-35-MK-3303 was stolen from Bir Nagar, Mysuru. The vehicle was parked outside the bus stand and was found missing when the complainant returned.');
INSERT INTO ComplainantDetails (ComplainantID, CaseMasterID, ComplainantName, AgeYear, OccupationID, ReligionID, CasteID, GenderID) VALUES (493, 493, 'Harinakshi Bal', 50, 2, 1, 4, 2);
INSERT INTO Victim (VictimMasterID, CaseMasterID, VictimName, AgeYear, GenderID, VictimPolice) VALUES (712, 493, 'Zansi Narasimhan', 48, 2, '0');
INSERT INTO Accused (AccusedMasterID, CaseMasterID, AccusedName, AgeYear, GenderID, PersonID) VALUES (1115, 493, 'Hritik Chauhan', 39, 1, 'A1');
INSERT INTO Accused (AccusedMasterID, CaseMasterID, AccusedName, AgeYear, GenderID, PersonID) VALUES (1116, 493, 'Prisha Andra', 51, 1, 'A2');
INSERT INTO Accused (AccusedMasterID, CaseMasterID, AccusedName, AgeYear, GenderID, PersonID) VALUES (1117, 493, 'Jonathan Upadhyay', 41, 2, 'A3');
INSERT INTO ActSectionAssociation (CaseMasterID, ActID, SectionID, ActOrderID, SectionOrderID) VALUES (493, 'NDPS', '27', 1, 1);
INSERT INTO ActSectionAssociation (CaseMasterID, ActID, SectionID, ActOrderID, SectionOrderID) VALUES (493, 'IPC', '397', 2, 2);
INSERT INTO ArrestSurrender (ArrestSurrenderID, CaseMasterID, ArrestSurrenderTypeID, ArrestSurrenderDate, ArrestSurrenderStateId, ArrestSurrenderDistrictId, PoliceStationID, IOID, CourtID, AccusedMasterID, IsAccused, IsComplainantAccused) VALUES (370, 493, 2, '2025-12-09', 1, 3, 2, 43, 15, 1116, TRUE, FALSE);
INSERT INTO inv_arrestsurrenderaccused (ArrestSurrenderID, AccusedMasterID) VALUES (370, 1116);
INSERT INTO ArrestSurrender (ArrestSurrenderID, CaseMasterID, ArrestSurrenderTypeID, ArrestSurrenderDate, ArrestSurrenderStateId, ArrestSurrenderDistrictId, PoliceStationID, IOID, CourtID, AccusedMasterID, IsAccused, IsComplainantAccused) VALUES (371, 493, 1, '2026-01-21', 1, 3, 2, 62, 15, 1117, TRUE, FALSE);
INSERT INTO inv_arrestsurrenderaccused (ArrestSurrenderID, AccusedMasterID) VALUES (371, 1117);
INSERT INTO Inv_OccuranceTime (CaseMasterID, OccuranceFromDate, OccuranceToDate, PlaceOfOccurance, latitude, longitude) VALUES (493, '2025-12-01T22:56:00', '2025-12-01T22:56:00', 'Bir Nagar, Mysuru', 15.8998243, 74.5048523);
INSERT INTO ChargesheetDetails (CSID, CaseMasterID, csdate, cstype, PolicePersonID) VALUES (127, 493, '2026-05-22', 'A', 55);

INSERT INTO CaseMaster (CaseMasterID, CrimeNo, CaseNo, CrimeRegisteredDate, PolicePersonID, PoliceStationID, CaseCategoryID, GravityOffenceID, CrimeMajorHeadID, CrimeMinorHeadID, CaseStatusID, CourtID, IncidentFromDate, IncidentToDate, InfoReceivedPSDate, latitude, longitude, BriefFacts) VALUES (494, '800180017202400001', '202400001', '2024-04-19', 58, 17, 8, 4, 1, 2, 3, 3, '2024-04-19T07:56:00', '2024-04-19T07:56:00', '2024-04-19T14:56:00', 12.8974706, 74.8332788, 'The complainant Vasana Saxena, a shopkeeper at Bhasin Nagar, Udupi, reported that the accused Xavier Devan along with others robbed the shop at knife-point on 2024-04-19 and fled with cash Rs. 50000 and valuables.');
INSERT INTO ComplainantDetails (ComplainantID, CaseMasterID, ComplainantName, AgeYear, OccupationID, ReligionID, CasteID, GenderID) VALUES (494, 494, 'Vasana Saxena', 30, 10, 5, 3, 2);
INSERT INTO Victim (VictimMasterID, CaseMasterID, VictimName, AgeYear, GenderID, VictimPolice) VALUES (713, 494, 'Vasana Saxena', 19, 2, '0');
INSERT INTO Accused (AccusedMasterID, CaseMasterID, AccusedName, AgeYear, GenderID, PersonID) VALUES (1118, 494, 'Xavier Devan', 37, 2, 'A1');
INSERT INTO Accused (AccusedMasterID, CaseMasterID, AccusedName, AgeYear, GenderID, PersonID) VALUES (1119, 494, 'Advika Jayaraman', 33, 1, 'A2');
INSERT INTO ActSectionAssociation (CaseMasterID, ActID, SectionID, ActOrderID, SectionOrderID) VALUES (494, 'IPC', '509', 1, 1);
INSERT INTO ArrestSurrender (ArrestSurrenderID, CaseMasterID, ArrestSurrenderTypeID, ArrestSurrenderDate, ArrestSurrenderStateId, ArrestSurrenderDistrictId, PoliceStationID, IOID, CourtID, AccusedMasterID, IsAccused, IsComplainantAccused) VALUES (372, 494, 2, '2024-04-30', 1, 18, 17, 40, 3, 1118, TRUE, FALSE);
INSERT INTO inv_arrestsurrenderaccused (ArrestSurrenderID, AccusedMasterID) VALUES (372, 1118);
INSERT INTO ArrestSurrender (ArrestSurrenderID, CaseMasterID, ArrestSurrenderTypeID, ArrestSurrenderDate, ArrestSurrenderStateId, ArrestSurrenderDistrictId, PoliceStationID, IOID, CourtID, AccusedMasterID, IsAccused, IsComplainantAccused) VALUES (373, 494, 1, '2024-05-10', 1, 18, 17, 20, 3, 1119, TRUE, FALSE);
INSERT INTO inv_arrestsurrenderaccused (ArrestSurrenderID, AccusedMasterID) VALUES (373, 1119);
INSERT INTO Inv_OccuranceTime (CaseMasterID, OccuranceFromDate, OccuranceToDate, PlaceOfOccurance, latitude, longitude) VALUES (494, '2024-04-19T07:56:00', '2024-04-19T07:56:00', 'Bhasin Nagar, Udupi', 12.8974706, 74.8332788);

INSERT INTO CaseMaster (CaseMasterID, CrimeNo, CaseNo, CrimeRegisteredDate, PolicePersonID, PoliceStationID, CaseCategoryID, GravityOffenceID, CrimeMajorHeadID, CrimeMinorHeadID, CaseStatusID, CourtID, IncidentFromDate, IncidentToDate, InfoReceivedPSDate, latitude, longitude, BriefFacts) VALUES (495, '100060005202300002', '202300002', '2023-11-30', 21, 5, 1, 1, 1, 6, 3, 32, '2023-11-30T08:33:00', '2023-11-30T11:33:00', '2023-11-30T20:33:00', 15.3822786, 75.117934, 'The victim Yochana Parmar, aged 21, was assaulted by the accused Madhav Din near More Chowk, Belagavi on 2023-11-30 at approximately 5:45 PM. The accused used a sharp weapon causing grievous injuries. The victim was rushed to Manipal Hospital for treatment.');
INSERT INTO ComplainantDetails (ComplainantID, CaseMasterID, ComplainantName, AgeYear, OccupationID, ReligionID, CasteID, GenderID) VALUES (495, 495, 'Yochana Parmar', 45, 2, 4, 5, 2);
INSERT INTO Victim (VictimMasterID, CaseMasterID, VictimName, AgeYear, GenderID, VictimPolice) VALUES (714, 495, 'Yochana Parmar', 74, 1, '0');
INSERT INTO Accused (AccusedMasterID, CaseMasterID, AccusedName, AgeYear, GenderID, PersonID) VALUES (1120, 495, 'Madhav Din', 41, 2, 'A1');
INSERT INTO Accused (AccusedMasterID, CaseMasterID, AccusedName, AgeYear, GenderID, PersonID) VALUES (1121, 495, 'Yash Pingle', 53, 1, 'A2');
INSERT INTO ActSectionAssociation (CaseMasterID, ActID, SectionID, ActOrderID, SectionOrderID) VALUES (495, 'IPC', '498A', 1, 1);
INSERT INTO ActSectionAssociation (CaseMasterID, ActID, SectionID, ActOrderID, SectionOrderID) VALUES (495, 'IPC', '452', 2, 2);
INSERT INTO ArrestSurrender (ArrestSurrenderID, CaseMasterID, ArrestSurrenderTypeID, ArrestSurrenderDate, ArrestSurrenderStateId, ArrestSurrenderDistrictId, PoliceStationID, IOID, CourtID, AccusedMasterID, IsAccused, IsComplainantAccused) VALUES (374, 495, 1, '2024-01-07', 1, 6, 5, 30, 32, 1121, TRUE, FALSE);
INSERT INTO inv_arrestsurrenderaccused (ArrestSurrenderID, AccusedMasterID) VALUES (374, 1121);
INSERT INTO ArrestSurrender (ArrestSurrenderID, CaseMasterID, ArrestSurrenderTypeID, ArrestSurrenderDate, ArrestSurrenderStateId, ArrestSurrenderDistrictId, PoliceStationID, IOID, CourtID, AccusedMasterID, IsAccused, IsComplainantAccused) VALUES (375, 495, 2, '2023-12-08', 1, 6, 5, 63, 32, 1120, TRUE, FALSE);
INSERT INTO inv_arrestsurrenderaccused (ArrestSurrenderID, AccusedMasterID) VALUES (375, 1120);
INSERT INTO Inv_OccuranceTime (CaseMasterID, OccuranceFromDate, OccuranceToDate, PlaceOfOccurance, latitude, longitude) VALUES (495, '2023-11-30T08:33:00', '2023-11-30T11:33:00', 'More Chowk, Belagavi', 15.3822786, 75.117934);

INSERT INTO CaseMaster (CaseMasterID, CrimeNo, CaseNo, CrimeRegisteredDate, PolicePersonID, PoliceStationID, CaseCategoryID, GravityOffenceID, CrimeMajorHeadID, CrimeMinorHeadID, CaseStatusID, CourtID, IncidentFromDate, IncidentToDate, InfoReceivedPSDate, latitude, longitude, BriefFacts) VALUES (496, '100100009202500001', '202500001', '2025-05-05', 69, 9, 1, 3, 6, 33, 3, 40, '2025-05-05T23:06:00', '2025-05-06T03:06:00', '2025-05-06T09:06:00', 11.5487713, 75.6424216, 'The deceased Dakshesh Khanna, aged 60, was found dead under suspicious circumstances at Iyer Ganj, Shivamogga on 2025-05-05. The investigation revealed that the accused Pahal Padmanabhan, who is a relative of the deceased, had a dispute over property worth Rs. 250000.');
INSERT INTO ComplainantDetails (ComplainantID, CaseMasterID, ComplainantName, AgeYear, OccupationID, ReligionID, CasteID, GenderID) VALUES (496, 496, 'Jyoti Anand', 20, 9, 5, 2, 2);
INSERT INTO Victim (VictimMasterID, CaseMasterID, VictimName, AgeYear, GenderID, VictimPolice) VALUES (715, 496, 'Dakshesh Khanna', 69, 1, '0');
INSERT INTO Accused (AccusedMasterID, CaseMasterID, AccusedName, AgeYear, GenderID, PersonID) VALUES (1122, 496, 'Pahal Padmanabhan', 52, 2, 'A1');
INSERT INTO ActSectionAssociation (CaseMasterID, ActID, SectionID, ActOrderID, SectionOrderID) VALUES (496, 'IPC', '304', 1, 1);
INSERT INTO ActSectionAssociation (CaseMasterID, ActID, SectionID, ActOrderID, SectionOrderID) VALUES (496, 'ITA', '66C', 2, 2);
INSERT INTO Inv_OccuranceTime (CaseMasterID, OccuranceFromDate, OccuranceToDate, PlaceOfOccurance, latitude, longitude) VALUES (496, '2025-05-05T23:06:00', '2025-05-06T03:06:00', 'Iyer Ganj, Shivamogga', 11.5487713, 75.6424216);

INSERT INTO CaseMaster (CaseMasterID, CrimeNo, CaseNo, CrimeRegisteredDate, PolicePersonID, PoliceStationID, CaseCategoryID, GravityOffenceID, CrimeMajorHeadID, CrimeMinorHeadID, CaseStatusID, CourtID, IncidentFromDate, IncidentToDate, InfoReceivedPSDate, latitude, longitude, BriefFacts) VALUES (497, '400040003202500002', '202500002', '2025-06-15', 37, 3, 4, 2, 1, 2, 6, 30, '2025-06-15T09:58:00', '2025-06-15T10:58:00', '2025-06-15T14:58:00', 15.8175098, 74.5913283, 'On 2025-06-15, the complainant Ekapad Om reported that their SUV bearing registration number KA-16-WC-3913 was stolen from Narasimhan Marg, Mangaluru (DK). The vehicle was parked outside a commercial complex and was found missing when the complainant returned.');
INSERT INTO ComplainantDetails (ComplainantID, CaseMasterID, ComplainantName, AgeYear, OccupationID, ReligionID, CasteID, GenderID) VALUES (497, 497, 'Ekapad Om', 61, 14, 6, 4, 2);
INSERT INTO Victim (VictimMasterID, CaseMasterID, VictimName, AgeYear, GenderID, VictimPolice) VALUES (716, 497, 'Vamakshi Sibal', 38, 2, '0');
INSERT INTO Accused (AccusedMasterID, CaseMasterID, AccusedName, AgeYear, GenderID, PersonID) VALUES (1123, 497, 'Gautami Mistry', 39, 2, 'A1');
INSERT INTO ActSectionAssociation (CaseMasterID, ActID, SectionID, ActOrderID, SectionOrderID) VALUES (497, 'ITA', '67', 1, 1);
INSERT INTO ActSectionAssociation (CaseMasterID, ActID, SectionID, ActOrderID, SectionOrderID) VALUES (497, 'NDPS', '27', 2, 2);
INSERT INTO ActSectionAssociation (CaseMasterID, ActID, SectionID, ActOrderID, SectionOrderID) VALUES (497, 'ITA', '66D', 3, 3);
INSERT INTO ArrestSurrender (ArrestSurrenderID, CaseMasterID, ArrestSurrenderTypeID, ArrestSurrenderDate, ArrestSurrenderStateId, ArrestSurrenderDistrictId, PoliceStationID, IOID, CourtID, AccusedMasterID, IsAccused, IsComplainantAccused) VALUES (376, 497, 2, '2025-08-02', 1, 4, 3, 29, 30, 1123, TRUE, FALSE);
INSERT INTO inv_arrestsurrenderaccused (ArrestSurrenderID, AccusedMasterID) VALUES (376, 1123);
INSERT INTO Inv_OccuranceTime (CaseMasterID, OccuranceFromDate, OccuranceToDate, PlaceOfOccurance, latitude, longitude) VALUES (497, '2025-06-15T09:58:00', '2025-06-15T10:58:00', 'Narasimhan Marg, Mangaluru (DK)', 15.8175098, 74.5913283);

INSERT INTO CaseMaster (CaseMasterID, CrimeNo, CaseNo, CrimeRegisteredDate, PolicePersonID, PoliceStationID, CaseCategoryID, GravityOffenceID, CrimeMajorHeadID, CrimeMinorHeadID, CaseStatusID, CourtID, IncidentFromDate, IncidentToDate, InfoReceivedPSDate, latitude, longitude, BriefFacts) VALUES (498, '800290028202400003', '202400003', '2024-01-07', 6, 28, 8, 2, 7, 40, 6, 4, '2024-01-07T20:01:00', '2024-01-07T22:01:00', '2024-01-08T00:01:00', 13.0847609, 78.176431, 'A cyber fraud was reported by Brijesh Tandon. The accused posed as a bank official and obtained OTP and banking credentials through a phone call on 2024-01-07. An amount of Rs. 100000 was fraudulently transferred from the complainant''s account.');
INSERT INTO ComplainantDetails (ComplainantID, CaseMasterID, ComplainantName, AgeYear, OccupationID, ReligionID, CasteID, GenderID) VALUES (498, 498, 'Brijesh Tandon', 64, 5, 2, 3, 2);
INSERT INTO Victim (VictimMasterID, CaseMasterID, VictimName, AgeYear, GenderID, VictimPolice) VALUES (717, 498, 'Brijesh Tandon', 9, 1, '0');
INSERT INTO Accused (AccusedMasterID, CaseMasterID, AccusedName, AgeYear, GenderID, PersonID) VALUES (1124, 498, 'Aarush Kapoor', 21, 1, 'A1');
INSERT INTO Accused (AccusedMasterID, CaseMasterID, AccusedName, AgeYear, GenderID, PersonID) VALUES (1125, 498, 'William Srivastava', 35, 1, 'A2');
INSERT INTO ActSectionAssociation (CaseMasterID, ActID, SectionID, ActOrderID, SectionOrderID) VALUES (498, 'POCSO', '4', 1, 1);
INSERT INTO ArrestSurrender (ArrestSurrenderID, CaseMasterID, ArrestSurrenderTypeID, ArrestSurrenderDate, ArrestSurrenderStateId, ArrestSurrenderDistrictId, PoliceStationID, IOID, CourtID, AccusedMasterID, IsAccused, IsComplainantAccused) VALUES (377, 498, 2, '2024-02-24', 1, 29, 28, 24, 4, 1124, TRUE, FALSE);
INSERT INTO inv_arrestsurrenderaccused (ArrestSurrenderID, AccusedMasterID) VALUES (377, 1124);
INSERT INTO Inv_OccuranceTime (CaseMasterID, OccuranceFromDate, OccuranceToDate, PlaceOfOccurance, latitude, longitude) VALUES (498, '2024-01-07T20:01:00', '2024-01-07T22:01:00', 'Shukla Ganj, Uttara Kannada', 13.0847609, 78.176431);

INSERT INTO CaseMaster (CaseMasterID, CrimeNo, CaseNo, CrimeRegisteredDate, PolicePersonID, PoliceStationID, CaseCategoryID, GravityOffenceID, CrimeMajorHeadID, CrimeMinorHeadID, CaseStatusID, CourtID, IncidentFromDate, IncidentToDate, InfoReceivedPSDate, latitude, longitude, BriefFacts) VALUES (499, '200140013202500003', '202500003', '2025-09-26', 40, 13, 2, 1, 3, 17, 2, 22, '2025-09-26T16:17:00', '2025-09-26T17:17:00', '2025-09-27T02:17:00', 13.0229203, 77.5456749, 'On 2025-09-26, at about 9:30 PM, the accused Advaith Borah along with 5 associates formed an unlawful assembly near Balan Path, Hassan and attacked the complainant Keya Jha with lethal weapons resulting in injuries.');
INSERT INTO ComplainantDetails (ComplainantID, CaseMasterID, ComplainantName, AgeYear, OccupationID, ReligionID, CasteID, GenderID) VALUES (499, 499, 'Keya Jha', 25, 12, 2, 5, 1);
INSERT INTO Victim (VictimMasterID, CaseMasterID, VictimName, AgeYear, GenderID, VictimPolice) VALUES (718, 499, 'Qarin Ahuja', 26, 2, '0');
INSERT INTO Victim (VictimMasterID, CaseMasterID, VictimName, AgeYear, GenderID, VictimPolice) VALUES (719, 499, 'Lucky Mannan', 25, 3, '0');
INSERT INTO Accused (AccusedMasterID, CaseMasterID, AccusedName, AgeYear, GenderID, PersonID) VALUES (1126, 499, 'Advaith Borah', 33, 2, 'A1');
INSERT INTO Accused (AccusedMasterID, CaseMasterID, AccusedName, AgeYear, GenderID, PersonID) VALUES (1127, 499, 'Robert Parsa', 20, 1, 'A2');
INSERT INTO Accused (AccusedMasterID, CaseMasterID, AccusedName, AgeYear, GenderID, PersonID) VALUES (1128, 499, 'Prisha Andra', 19, 1, 'A3');
INSERT INTO ActSectionAssociation (CaseMasterID, ActID, SectionID, ActOrderID, SectionOrderID) VALUES (499, 'IPC', '498A', 1, 1);
INSERT INTO ActSectionAssociation (CaseMasterID, ActID, SectionID, ActOrderID, SectionOrderID) VALUES (499, 'POCSO', '6', 2, 2);
INSERT INTO ActSectionAssociation (CaseMasterID, ActID, SectionID, ActOrderID, SectionOrderID) VALUES (499, 'ITA', '66', 3, 3);
INSERT INTO Inv_OccuranceTime (CaseMasterID, OccuranceFromDate, OccuranceToDate, PlaceOfOccurance, latitude, longitude) VALUES (499, '2025-09-26T16:17:00', '2025-09-26T17:17:00', 'Balan Path, Hassan', 13.0229203, 77.5456749);
INSERT INTO ChargesheetDetails (CSID, CaseMasterID, csdate, cstype, PolicePersonID) VALUES (128, 499, '2026-01-13', 'A', 39);

INSERT INTO CaseMaster (CaseMasterID, CrimeNo, CaseNo, CrimeRegisteredDate, PolicePersonID, PoliceStationID, CaseCategoryID, GravityOffenceID, CrimeMajorHeadID, CrimeMinorHeadID, CaseStatusID, CourtID, IncidentFromDate, IncidentToDate, InfoReceivedPSDate, latitude, longitude, BriefFacts) VALUES (500, '200160015202300001', '202300001', '2023-08-31', 65, 15, 2, 4, 2, 16, 4, 21, '2023-08-31T20:15:00', '2023-08-31T20:15:00', '2023-09-01T02:15:00', 12.9625311, 77.5547364, 'On 2023-08-31, the complainant Rushil Hora reported that unknown persons broke into their residence at Korpal Circle, Mandya and stole cash amounting to Rs. 100000 and gold ornaments. The accused Owen Nori was later identified through CCTV footage from a nearby shop.');
INSERT INTO ComplainantDetails (ComplainantID, CaseMasterID, ComplainantName, AgeYear, OccupationID, ReligionID, CasteID, GenderID) VALUES (500, 500, 'Rushil Hora', 62, 6, 7, 3, 1);
INSERT INTO Victim (VictimMasterID, CaseMasterID, VictimName, AgeYear, GenderID, VictimPolice) VALUES (720, 500, 'Owen Kanda', 33, 2, '0');
INSERT INTO Accused (AccusedMasterID, CaseMasterID, AccusedName, AgeYear, GenderID, PersonID) VALUES (1129, 500, 'Owen Nori', 50, 1, 'A1');
INSERT INTO ActSectionAssociation (CaseMasterID, ActID, SectionID, ActOrderID, SectionOrderID) VALUES (500, 'NDPS', '20', 1, 1);
INSERT INTO Inv_OccuranceTime (CaseMasterID, OccuranceFromDate, OccuranceToDate, PlaceOfOccurance, latitude, longitude) VALUES (500, '2023-08-31T20:15:00', '2023-08-31T20:15:00', 'Korpal Circle, Mandya', 12.9625311, 77.5547364);

COMMIT;

-- Total Cases Generated: 500
-- Total Victims: 720
-- Total Accused: 1129
-- Total Arrests: 377
-- Total Chargesheets: 128